published_date,club,player,direction,source,rumor_count,source_diversity,transfer_indicator,rumor_indicator,stock_context_indicator,predicted_label,prediction_confidence,prob_negative,prob_neutral,prob_positive,actual_label,target_car,title,url
2026-05-11,Manchester United,Marcus Rashford,in,Manchester Evening News,1,1,0.7333,0.4378,0.7902,negative,1.0,1.0,0.0,0.0,negative,-0.039245,Marcus Rashford breaks silence on Man United transfer and future after Barcelona heroics,https://www.manchestereveningnews.co.uk/sport/football/transfer-news/marcus-rashford-man-united-barcelona-33923041
2026-05-10,Juventus,Douglas Luiz,in,Birmingham Live | Sports Mole,2,2,0.7333,0.4878,0.643,positive,1.0,0.0,0.0,1.0,neutral,0.002889,Aston Villa transfer news: Douglas Luiz stance 'revealed' ahead of potential Champions League qualification || Aston Villa set for Douglas Luiz decision day as £23m Juventus transfer unlikely,https://www.birminghammail.co.uk/sport/football/football-news/aston-villa-set-douglas-luiz-33920191 | https://www.sportsmole.co.uk/football/aston-villa/transfer-talk/news/aston-villas-stance-on-permanent-luiz-deal-revealed_597307.html
2026-05-10,Manchester United,Marcus Rashford,in,Manchester Evening News,1,1,0.7333,0.4378,0.7902,negative,1.0,1.0,0.0,0.0,negative,-0.039245,Marcus Rashford gets what he wants from Barcelona transfer as Man United handed ideal scenario,https://www.manchestereveningnews.co.uk/sport/football/football-news/rashford-goal-barcelona-real-madrid-33922824
2026-05-09,Juventus,Douglas Luiz,in,Yardbarker,1,1,0.7333,0.4378,0.643,neutral,1.0,0.0,1.0,0.0,neutral,0.002889,Aston Villa snub Douglas Luiz purchase as Juventus face repeat of Arthur problem,https://www.yardbarker.com/soccer/articles/aston_villa_snub_douglas_luiz_purchase_as_juventus_face_repeat_of_arthur_problem/s1_17344_43824424
2026-05-08,Lazio,Christos Mandas,in,Yardbarker,1,1,0.85,0.4378,0.6648,negative,1.0,1.0,0.0,0.0,neutral,-0.018395,Aston Villa Can Help Lazio Sell Christos Mandas to Bournemouth,https://www.yardbarker.com/soccer/articles/aston_villa_can_help_lazio_sell_christos_mandas_to_bournemouth/s1_16487_43819931
2026-05-02,Borussia Dortmund,Daniel Svensson,in,GIVEMESPORT | Yardbarker,2,2,0.7924,0.5013,0.642,neutral,1.0,0.0,1.0,0.0,negative,-0.049416,Liverpool Eyeing Move to Sign Borussia Dortmund Star Daniel Svensson || Arsenal and Liverpool ready to pounce on 24-year-old defender with six goal contributions,https://www.givemesport.com/liverpool-eyeing-move-daniel-svensson-borussia-transfer-news/ | https://www.yardbarker.com/soccer/articles/arsenal_and_liverpool_ready_to_pounce_on_24_year_old_defender_with_six_goal_contributions/s1_15953_43797340
2026-04-30,Borussia Dortmund,Jobe Bellingham,in,The Guardian / Thiago Rabelo,1,1,0.3982,0.6681,0.6138,positive,1.0,0.0,0.0,1.0,negative,-0.04755,"‘Football isn’t a nice place’: Endrick on Brazil hopes, his baby and Bellingham’s help",https://www.theguardian.com/football/2026/apr/30/endrick-brazil-lyon-real-madrid-jude-bellingham
2026-04-28,Lazio,Kenneth Taylor,in,The Guardian / Louise Taylor,1,1,0.7137,0.6681,0.6594,positive,1.0,0.0,0.0,1.0,neutral,-0.016036,"What, Howe and why: big questions Saudi owners may ask under-fire Newcastle manager | Louise Taylor",https://www.theguardian.com/football/2026/apr/28/eddie-howe-big-questions-saudi-owners-may-ask-newcastle-manager
2026-03-13,Juventus,Gabriel Taliari,out,The Guardian / Lisa O’Carroll,1,1,0.4891,0.8416,0.4372,neutral,1.0,0.0,1.0,0.0,neutral,0.017249,UK signs ‘rebooted’ defence agreement to protect Irish waters,https://www.theguardian.com/world/2026/mar/13/uk-signs-rebooted-defence-agreement-to-protect-irish-waters
2026-02-27,Juventus,Gabriel Taliari,out,The Guardian / Martin Belam,1,1,0.4891,0.6681,0.5308,positive,1.0,0.0,0.0,1.0,neutral,0.002776,Friday briefing: Is the result in Gorton and Denton a sign of things to come?,https://www.theguardian.com/world/2026/feb/27/friday-briefing-is-the-result-in-gorton-and-denton-a-sign-of-things-to-come
2026-02-25,Juventus,Gabriel Taliari,out,The Guardian / Dani Anguiano,1,1,0.4891,0.6681,0.4965,positive,1.0,0.0,0.0,1.0,positive,0.038376,Death Valley erupts in wildflowers in sign of developing superbloom ,https://www.theguardian.com/us-news/2026/feb/25/death-valley-wildflowers-superbloom
2026-02-18,Juventus,Gabriel Taliari,out,The Guardian / Tom Ambrose (now) and Taz Ali (earlier),1,1,0.4891,0.8816,0.5213,neutral,1.0,0.0,1.0,0.0,negative,-0.056561,Zelenskyy says no agreement on key issues in peace talks as he accuses Russia of ‘dragging out negotiations’ – as it happened,https://www.theguardian.com/world/live/2026/feb/18/ukraine-russia-peace-talks-zelenskyy-trump-putin-denmark-greenland-europe-live
2026-02-17,Juventus,Gabriel Taliari,out,The Guardian / Patrick Wintour Diplomatic editor,1,1,0.4891,0.9494,0.4771,neutral,1.0,0.0,1.0,0.0,neutral,-0.015263,"Iran-US talks: agreement reached on ‘guiding principles’ after ‘constructive’ meeting, Tehran says",https://www.theguardian.com/world/2026/feb/17/iran-us-nuclear-talks-open-geneva
2026-02-17,Lazio,Marcos Antônio,out,The Guardian / Patrick Wintour Diplomatic editor,1,1,0.455,0.9494,0.7169,neutral,1.0,0.0,1.0,0.0,positive,0.091534,"Iran-US talks: agreement reached on ‘guiding principles’ after ‘constructive’ meeting, Tehran says",https://www.theguardian.com/world/2026/feb/17/iran-us-nuclear-talks-open-geneva
2026-02-15,Lazio,Marcos Antônio,out,The Guardian / Sarah Martin,1,1,0.455,0.8416,0.7361,neutral,1.0,0.0,1.0,0.0,negative,-0.064253,Australian man died in Bali after consulate refused to assist with medical transfer,https://www.theguardian.com/australia-news/2026/feb/16/australian-man-died-in-bali-after-consulate-refused-to-assist-with-medical-transfer
2026-02-04,Lazio,Marcos Antônio,out,The Guardian / Tom Garry,1,1,0.455,0.7416,0.5376,neutral,1.0,0.0,1.0,0.0,neutral,0.016176,"WSL deadline day: Arsenal sign keeper Votikova on loan, Kramzar joins Everton",https://www.theguardian.com/football/2026/feb/03/transfer-deadline-day-wsl-womens-super-league-everton-roma-chelsea-psg-newcastle
2026-02-03,Lazio,Adrian Przyborek,in,"The Guardian / Will Magee, Niall McVeigh and Billy Munday",1,1,0.634,0.6681,0.5367,positive,1.0,0.0,0.0,1.0,neutral,-0.01108,"Early birds, big spenders, hidden gems: January transfer window trends",https://www.theguardian.com/football/2026/feb/03/january-transfer-window-trends-premier-league-la-liga-ligue-1-bundesliga-serie-a
2026-02-03,Lazio,Marcos Antônio,out,The Guardian / Guardian sport,1,1,0.455,0.6681,0.5367,negative,1.0,1.0,0.0,0.0,neutral,-0.01108,Transfer window verdict: how every Premier League club fared,https://www.theguardian.com/football/2026/feb/03/transfer-window-verdict-how-every-premier-league-club-fared
2026-02-01,Lazio,Adrian Przyborek,in,The Guardian / Ben Fisher and Mark Dobson,1,1,0.634,0.6681,0.5308,positive,1.0,0.0,0.0,1.0,neutral,0.01915,Liverpool beat Chelsea to agree £60m summer deal for Rennes centre-back Jérémy Jacquet,https://www.theguardian.com/football/2026/feb/01/crystal-palace-agree-48m-deal-for-strand-larsen-as-liverpool-eye-geertruida-move
2026-02-01,Lazio,Marcos Antônio,out,The Guardian / Ben Fisher and Mark Dobson,1,1,0.455,0.6681,0.5308,negative,1.0,1.0,0.0,0.0,neutral,0.01915,Liverpool beat Chelsea to agree £60m summer deal for Rennes centre-back Jérémy Jacquet,https://www.theguardian.com/football/2026/feb/01/crystal-palace-agree-48m-deal-for-strand-larsen-as-liverpool-eye-geertruida-move
2026-01-27,Lazio,Adrian Przyborek,in,The Guardian / Hannah Ellis-Petersen in Delhi and Jennifer Rankin in Brussels,1,1,0.634,0.8416,0.5015,negative,1.0,1.0,0.0,0.0,negative,-0.043398,‘Mother of all deals’: EU and India sign free trade agreement ,https://www.theguardian.com/business/2026/jan/27/eu-and-india-sign-free-trade-agreement
2026-01-27,Lazio,Edoardo Motta,in,The Guardian / Hannah Ellis-Petersen in Delhi and Jennifer Rankin in Brussels,1,1,0.545,0.8416,0.5015,neutral,1.0,0.0,1.0,0.0,negative,-0.043398,‘Mother of all deals’: EU and India sign free trade agreement ,https://www.theguardian.com/business/2026/jan/27/eu-and-india-sign-free-trade-agreement
2026-01-26,Lazio,Adrian Przyborek,in,The Guardian / Guardian staff and agencies,1,1,0.634,0.8416,0.4939,negative,1.0,1.0,0.0,0.0,negative,-0.027505,"Ukraine war briefing: US security agreement ‘100% ready’ to be signed, Zelenskyy says",https://www.theguardian.com/world/2026/jan/26/ukraine-war-briefing-us-security-agreement-volodymyr-zelenskyy
2026-01-26,Lazio,Edoardo Motta,in,The Guardian / Guardian staff and agencies,1,1,0.545,0.8416,0.4939,neutral,1.0,0.0,1.0,0.0,negative,-0.027505,"Ukraine war briefing: US security agreement ‘100% ready’ to be signed, Zelenskyy says",https://www.theguardian.com/world/2026/jan/26/ukraine-war-briefing-us-security-agreement-volodymyr-zelenskyy
2026-01-23,Lazio,Adrian Przyborek,in,The Guardian / Will Unwin and David Hytner,1,1,0.634,0.7081,0.4993,positive,1.0,0.0,0.0,1.0,negative,-0.054131,Tottenham in talks to sign Andrew Robertson from Liverpool,https://www.theguardian.com/football/2026/jan/23/tottenham-andrew-robertson-liverpool-talks-sign
2026-01-23,Lazio,Edoardo Motta,in,The Guardian / Will Unwin and David Hytner,1,1,0.545,0.7081,0.4993,positive,1.0,0.0,0.0,1.0,negative,-0.054131,Tottenham in talks to sign Andrew Robertson from Liverpool,https://www.theguardian.com/football/2026/jan/23/tottenham-andrew-robertson-liverpool-talks-sign
2026-01-22,Lazio,Edoardo Motta,in,The Guardian / Yara El-Shaboury,1,1,0.545,0.6681,0.5156,positive,1.0,0.0,0.0,1.0,negative,-0.054886,Football transfer rumours: Real Madrid leading race to sign Adam Wharton?,https://www.theguardian.com/football/2026/jan/22/football-transfer-rumours-real-madrid-leading-race-to-sign-adam-wharton
2026-01-15,Lazio,Edoardo Motta,in,The Guardian / Will Unwin,1,1,0.545,0.6681,0.6807,positive,1.0,0.0,0.0,1.0,negative,-0.070056,Football transfer rumours: Everton to sign Youssef En-Nesyri and Callum Wilson?,https://www.theguardian.com/football/2026/jan/15/football-transfer-rumours-everton-to-sign-youssef-en-nesyri-and-callum-wilson
2026-01-13,Lazio,Kenneth Taylor,in,The Guardian / Will Unwin,1,1,0.7137,0.6681,0.6679,positive,1.0,0.0,0.0,1.0,neutral,-0.013353,Football transfer rumours: Manchester United to bid £30m for Marcos Llorente?,https://www.theguardian.com/football/2026/jan/13/football-transfer-rumours-manchester-united-to-bid-30m-for-marcos-llorente
2026-01-08,Lazio,Diego González,out,The Guardian / John Brewin,1,1,0.4113,0.6681,0.6082,negative,1.0,1.0,0.0,0.0,neutral,-0.009497,Football transfer rumours: Ethan Nwaneri to replace Semenyo at Bournemouth?,https://www.theguardian.com/football/2026/jan/08/football-transfer-rumours-ethan-nwaneri-to-replace-semenyo-at-bournemouth
2026-01-08,Lazio,Kenneth Taylor,in,The Guardian / John Brewin,1,1,0.7137,0.6681,0.6082,neutral,1.0,0.0,1.0,0.0,neutral,-0.009497,Football transfer rumours: Ethan Nwaneri to replace Semenyo at Bournemouth?,https://www.theguardian.com/football/2026/jan/08/football-transfer-rumours-ethan-nwaneri-to-replace-semenyo-at-bournemouth
2026-01-08,Lazio,Mattéo Guendouzi,out,The Guardian / John Brewin,1,1,0.595,0.6681,0.6082,neutral,1.0,0.0,1.0,0.0,neutral,-0.009497,Football transfer rumours: Ethan Nwaneri to replace Semenyo at Bournemouth?,https://www.theguardian.com/football/2026/jan/08/football-transfer-rumours-ethan-nwaneri-to-replace-semenyo-at-bournemouth
2026-01-08,Lazio,Petar Ratkov,in,The Guardian / John Brewin,1,1,0.4327,0.6681,0.6082,neutral,1.0,0.0,1.0,0.0,neutral,-0.009497,Football transfer rumours: Ethan Nwaneri to replace Semenyo at Bournemouth?,https://www.theguardian.com/football/2026/jan/08/football-transfer-rumours-ethan-nwaneri-to-replace-semenyo-at-bournemouth
2026-01-07,Lazio,Diego González,out,The Guardian / Exclusive by Tom Garry,1,1,0.4113,0.6681,0.6319,negative,1.0,1.0,0.0,0.0,neutral,0.001077,England’s Katie Robinson poised for shock move from Aston Villa to Bristol City,https://www.theguardian.com/football/2026/jan/07/katie-robinson-shock-move-aston-villa-bristol-city-lioness-transfer-window
2026-01-07,Lazio,Mattéo Guendouzi,out,The Guardian / Exclusive by Tom Garry,1,1,0.595,0.6681,0.6319,neutral,1.0,0.0,1.0,0.0,neutral,0.001077,England’s Katie Robinson poised for shock move from Aston Villa to Bristol City,https://www.theguardian.com/football/2026/jan/07/katie-robinson-shock-move-aston-villa-bristol-city-lioness-transfer-window
2026-01-07,Lazio,Petar Ratkov,in,The Guardian / Exclusive by Tom Garry,1,1,0.4327,0.6681,0.6319,neutral,1.0,0.0,1.0,0.0,neutral,0.001077,England’s Katie Robinson poised for shock move from Aston Villa to Bristol City,https://www.theguardian.com/football/2026/jan/07/katie-robinson-shock-move-aston-villa-bristol-city-lioness-transfer-window
2026-01-06,Lazio,Taty Castellanos,out,The Guardian / Will Unwin,1,1,0.6513,0.6681,0.6043,neutral,1.0,0.0,1.0,0.0,neutral,0.002713,Football transfer rumours: Leweling to Bournemouth? West Ham move for Bento?,https://www.theguardian.com/football/2026/jan/06/football-transfer-rumours-leweling-to-bournemouth-west-ham-move-for-bento
2026-01-05,Lazio,Taty Castellanos,out,The Guardian / Jacob Steinberg,1,1,0.6513,0.7816,0.6199,neutral,1.0,0.0,1.0,0.0,neutral,-0.01671,Callum Wilson in talks to leave West Ham after five months as Nuno problems mount,https://www.theguardian.com/football/2026/jan/05/callum-wilson-in-talks-to-leave-west-ham-after-five-months-nuno
2026-01-04,Lazio,Taty Castellanos,out,The Guardian / Jacob Steinberg,1,1,0.6513,0.6681,0.6199,neutral,1.0,0.0,1.0,0.0,neutral,-0.01671,Nuno Espírito Santo is losing support of West Ham squad as morale deteriorates,https://www.theguardian.com/football/2026/jan/04/nuno-espirito-santo-losing-support-west-ham-squad
2026-01-02,Borussia Dortmund,Pascal Groß,out,"The Guardian / Ed Aarons | The Guardian / John Brewin , Tom Bassam, Tom Davies and Taha Hashim ",2,2,0.625,0.7181,0.6482,neutral,1.0,0.0,1.0,0.0,neutral,0.001245,"Liam Rosenior addresses Chelsea ‘noise’, Pascal Gross seals Brighton return: football news – as it happened || Crystal Palace seal club-record £35m Brennan Johnson transfer from Spurs",https://www.theguardian.com/football/2026/jan/02/crystal-palace-seal-brennan-johnson-transfer-from-spurs-club-record | https://www.theguardian.com/football/live/2026/jan/02/chelsea-manager-latest-premier-league-buildup-and-more-football-news-live
2026-01-02,Lazio,Diego González,out,The Guardian / Jacob Steinberg,1,1,0.4113,0.6681,0.6207,negative,1.0,1.0,0.0,0.0,neutral,-0.018438,West Ham sign striker Pablo and agree deal for Castellanos in £47m spree,https://www.theguardian.com/football/2026/jan/02/west-ham-taty-castellanos-pablo-felipe-agree-deals-buy-strikers
2026-01-02,Lazio,Kenneth Taylor,in,The Guardian / Jacob Steinberg,1,1,0.7137,0.6681,0.6207,positive,1.0,0.0,0.0,1.0,neutral,-0.018438,West Ham sign striker Pablo and agree deal for Castellanos in £47m spree,https://www.theguardian.com/football/2026/jan/02/west-ham-taty-castellanos-pablo-felipe-agree-deals-buy-strikers
2026-01-02,Lazio,Mattéo Guendouzi,out,The Guardian / Jacob Steinberg,1,1,0.595,0.6681,0.6207,neutral,1.0,0.0,1.0,0.0,neutral,-0.018438,West Ham sign striker Pablo and agree deal for Castellanos in £47m spree,https://www.theguardian.com/football/2026/jan/02/west-ham-taty-castellanos-pablo-felipe-agree-deals-buy-strikers
2026-01-02,Lazio,Petar Ratkov,in,The Guardian / Jacob Steinberg,1,1,0.4327,0.6681,0.6207,positive,1.0,0.0,0.0,1.0,neutral,-0.018438,West Ham sign striker Pablo and agree deal for Castellanos in £47m spree,https://www.theguardian.com/football/2026/jan/02/west-ham-taty-castellanos-pablo-felipe-agree-deals-buy-strikers
2026-01-02,Lazio,Taty Castellanos,out,The Guardian / Jacob Steinberg | The Guardian / Tom Davies,2,2,0.6513,0.7181,0.6207,neutral,1.0,0.0,1.0,0.0,neutral,-0.018438,West Ham sign striker Pablo and agree deal for Castellanos in £47m spree || Football transfer rumours: Mohamed Salah in line for Roma return?,https://www.theguardian.com/football/2026/jan/02/football-transfer-rumour-mill-mohamed-salah-roma-return | https://www.theguardian.com/football/2026/jan/02/west-ham-taty-castellanos-pablo-felipe-agree-deals-buy-strikers
2026-01-01,Borussia Dortmund,Pascal Groß,out,The Guardian / Will Unwin,1,1,0.625,0.6681,0.6482,neutral,1.0,0.0,1.0,0.0,neutral,0.001245,Football transfer rumours: Manchester United to sign Yan Diomande and Rúben Neves?,https://www.theguardian.com/football/2026/jan/01/football-transfer-rumours-manchester-united-to-sign-yan-diomande-and-ruben-neves
2026-01-01,Lazio,Diego González,out,The Guardian / Will Unwin,1,1,0.4113,0.6681,0.6207,negative,1.0,1.0,0.0,0.0,neutral,-0.018438,Football transfer rumours: Manchester United to sign Yan Diomande and Rúben Neves?,https://www.theguardian.com/football/2026/jan/01/football-transfer-rumours-manchester-united-to-sign-yan-diomande-and-ruben-neves
2026-01-01,Lazio,Kenneth Taylor,in,The Guardian / Will Unwin,1,1,0.7137,0.6681,0.6207,positive,1.0,0.0,0.0,1.0,neutral,-0.018438,Football transfer rumours: Manchester United to sign Yan Diomande and Rúben Neves?,https://www.theguardian.com/football/2026/jan/01/football-transfer-rumours-manchester-united-to-sign-yan-diomande-and-ruben-neves
2026-01-01,Lazio,Mattéo Guendouzi,out,The Guardian / Will Unwin,1,1,0.595,0.6681,0.6207,neutral,1.0,0.0,1.0,0.0,neutral,-0.018438,Football transfer rumours: Manchester United to sign Yan Diomande and Rúben Neves?,https://www.theguardian.com/football/2026/jan/01/football-transfer-rumours-manchester-united-to-sign-yan-diomande-and-ruben-neves
2026-01-01,Lazio,Petar Ratkov,in,The Guardian / Will Unwin,1,1,0.4327,0.6681,0.6207,positive,1.0,0.0,0.0,1.0,neutral,-0.018438,Football transfer rumours: Manchester United to sign Yan Diomande and Rúben Neves?,https://www.theguardian.com/football/2026/jan/01/football-transfer-rumours-manchester-united-to-sign-yan-diomande-and-ruben-neves
2025-12-22,Borussia Dortmund,Pascal Groß,out,The Guardian / Jacob Steinberg,1,1,0.625,0.6681,0.6199,neutral,1.0,0.0,1.0,0.0,neutral,0.01346,Milan agree loan deal for Niclas Füllkrug as West Ham look to sign new striker,https://www.theguardian.com/football/2025/dec/22/milan-agree-loan-deal-for-niclas-fullkrug-as-west-ham-look-to-sign-new-striker
2025-12-22,Lazio,Diego González,out,The Guardian / Jacob Steinberg,1,1,0.4113,0.6681,0.7925,neutral,1.0,0.0,1.0,0.0,negative,-0.057052,Milan agree loan deal for Niclas Füllkrug as West Ham look to sign new striker,https://www.theguardian.com/football/2025/dec/22/milan-agree-loan-deal-for-niclas-fullkrug-as-west-ham-look-to-sign-new-striker
2025-12-22,Lazio,Kenneth Taylor,in,The Guardian / Jacob Steinberg,1,1,0.7137,0.6681,0.7925,positive,1.0,0.0,0.0,1.0,negative,-0.057052,Milan agree loan deal for Niclas Füllkrug as West Ham look to sign new striker,https://www.theguardian.com/football/2025/dec/22/milan-agree-loan-deal-for-niclas-fullkrug-as-west-ham-look-to-sign-new-striker
2025-12-22,Lazio,Mattéo Guendouzi,out,The Guardian / Jacob Steinberg,1,1,0.595,0.6681,0.7925,neutral,1.0,0.0,1.0,0.0,negative,-0.057052,Milan agree loan deal for Niclas Füllkrug as West Ham look to sign new striker,https://www.theguardian.com/football/2025/dec/22/milan-agree-loan-deal-for-niclas-fullkrug-as-west-ham-look-to-sign-new-striker
2025-12-22,Lazio,Petar Ratkov,in,The Guardian / Jacob Steinberg,1,1,0.4327,0.6681,0.7925,neutral,1.0,0.0,1.0,0.0,negative,-0.057052,Milan agree loan deal for Niclas Füllkrug as West Ham look to sign new striker,https://www.theguardian.com/football/2025/dec/22/milan-agree-loan-deal-for-niclas-fullkrug-as-west-ham-look-to-sign-new-striker
2025-12-16,Borussia Dortmund,Pascal Groß,out,The Guardian / Jacob Steinberg,1,1,0.625,0.6681,0.5962,neutral,1.0,0.0,1.0,0.0,neutral,0.004712,Milan plot January loan move for misfit West Ham striker Niclas Füllkrug,https://www.theguardian.com/football/2025/dec/16/milan-january-loan-west-ham-striker-niclas-fullkrug
2025-09-01,Juventus,Edon Zhegrova,in,"The Guardian / Will Magee, John Brewin, Daniel Harris and Niall McVeigh",1,1,0.7309,0.6681,0.6079,positive,1.0,0.0,0.0,1.0,neutral,0.008856,"Transfer deadline day: City agree Donnarumma deal, Guéhi to Liverpool move collapses – live",https://www.theguardian.com/football/live/2025/sep/01/transfer-deadline-day-guehi-wissa-martinez-ederson-latest-and-more-live
2025-09-01,Juventus,Nicolò Savona,out,"The Guardian / Will Magee, John Brewin, Daniel Harris and Niall McVeigh",1,1,0.6168,0.6681,0.6079,neutral,1.0,0.0,1.0,0.0,neutral,0.008856,"Transfer deadline day: City agree Donnarumma deal, Guéhi to Liverpool move collapses – live",https://www.theguardian.com/football/live/2025/sep/01/transfer-deadline-day-guehi-wissa-martinez-ederson-latest-and-more-live
2025-09-01,Manchester United,Antony,out,The Guardian / Jamie Jackson,1,1,0.4975,0.6681,0.6506,neutral,1.0,0.0,1.0,0.0,negative,-0.118061,Manchester United seal €21m deal for goalkeeper Senne Lammens,https://www.theguardian.com/football/2025/sep/01/manchester-united-keen-on-senne-lammens-or-emiliano-martinez-as-new-goalkeeper-option
2025-09-01,Manchester United,Senne Lammens,in,The Guardian / Ben Fisher | The Guardian / Daniel Harris | The Guardian / Jamie Jackson,3,3,0.4458,0.7681,0.6506,negative,1.0,1.0,0.0,0.0,negative,-0.118061,"Manchester United seal €21m deal for goalkeeper Senne Lammens || Aston Villa snap up Jadon Sancho and Harvey Elliott in loan deals || Football transfer rumours: Lookman in, Bissouma out at Tottenham?",https://www.theguardian.com/football/2025/sep/01/aston-villa-jadon-sancho-harvey-elliott-loan-deals-transfer-deadline-day | https://www.theguardian.com/football/2025/sep/01/football-transfer-rumours-victor-lindelof-to-aston-villa | https://www.theguardian.com/football/2025/sep/01/manchester-united-keen-on-senne-lammens-or-emiliano-martinez-as-new-goalkeeper-option
2025-08-30,Juventus,Nicolò Savona,out,The Guardian / Jacob Steinberg and agencies,1,1,0.6168,0.6681,0.6079,neutral,1.0,0.0,1.0,0.0,neutral,0.008856,Transfer roundup: West Ham reject Villa’s Paquetá move while Newcastle land Woltemade,https://www.theguardian.com/football/2025/aug/30/transfer-roundup-newcastle-land-striker-nick-woltemade-in-club-record-69m-deal
2025-08-28,Borussia Dortmund,Fábio Silva,in,"The Guardian / Jacob Steinberg, Ben Fisher and Ed Aarons",1,1,0.5518,0.6681,0.5702,neutral,1.0,0.0,1.0,0.0,neutral,-0.008331,West Ham poised to sign Fernandes and Magassa in double midfield swoop,https://www.theguardian.com/football/2025/aug/28/west-ham-mateus-fernandes-southampton-transfer-latest
2025-08-28,Manchester United,Alejandro Garnacho,out,"The Guardian / Jamie Jackson, Jacob Steinberg and David Hytner",1,1,0.602,0.6681,0.5769,neutral,1.0,0.0,1.0,0.0,negative,-0.06132,Manchester United agree £40m fee with Chelsea for sale of Alejandro Garnacho,https://www.theguardian.com/football/2025/aug/28/christopher-nkunku-milan-chelsea
2025-08-27,Manchester United,Alejandro Garnacho,out,The Guardian / Jacob Steinberg,1,1,0.602,0.6681,0.5899,neutral,1.0,0.0,1.0,0.0,negative,-0.050598,Chelsea close in on deal for Manchester United’s Alejandro Garnacho,https://www.theguardian.com/football/2025/aug/27/chelsea-close-in-on-deal-for-manchester-uniteds-alejandro-garnacho
2025-08-26,Juventus,Edon Zhegrova,in,The Guardian / Jacob Steinberg and Ed Aarons,1,1,0.7309,0.7087,0.6985,positive,1.0,0.0,0.0,1.0,negative,-0.030419,"Transfer latest: West Ham land Magassa, Palace agree fee for Pino and eye Akanji",https://www.theguardian.com/football/2025/aug/26/west-ham-soungoutou-magassa-advanced-talks-to-buy-monaco-midfielder-20m-deal
2025-08-26,Juventus,Tiago Djaló,out,The Guardian / Jacob Steinberg and Ed Aarons,1,1,0.4473,0.7087,0.6985,neutral,1.0,0.0,1.0,0.0,negative,-0.030419,"Transfer latest: West Ham land Magassa, Palace agree fee for Pino and eye Akanji",https://www.theguardian.com/football/2025/aug/26/west-ham-soungoutou-magassa-advanced-talks-to-buy-monaco-midfielder-20m-deal
2025-08-26,Manchester United,Antony,out,The Guardian / Dominic Booth,1,1,0.4975,0.6681,0.5816,positive,1.0,0.0,0.0,1.0,positive,0.029287,Football transfer rumours: Kobbie Mainoo to consider Manchester United exit?,https://www.theguardian.com/football/2025/aug/26/football-transfer-rumours-kobbie-mainoo-to-consider-manchester-united-exit
2025-08-25,Borussia Dortmund,Carney Chukwuemeka,in,The Guardian / Ben Fisher and Jacob Steinberg | The Guardian / Will Unwin,2,2,0.4992,0.7181,0.5981,neutral,1.0,0.0,1.0,0.0,neutral,0.00634,Football transfer rumours: Bayern to offer Manchester United duo escape route? || Everton sign Tyler Dibling from Saints as Bournemouth close on Chelsea’s Disasi,https://www.theguardian.com/football/2025/aug/25/chelsea-bournemouth-axel-disasi-dortmund-chukwuemeka-anselmino | https://www.theguardian.com/football/2025/aug/25/football-transfer-rumours-bayern-to-offer-manchester-united-duo-escape-route
2025-08-25,Borussia Dortmund,Fábio Silva,in,The Guardian / Ben Fisher | The Guardian / Will Unwin,2,2,0.5518,0.7181,0.5981,negative,1.0,1.0,0.0,0.0,neutral,0.00634,Football transfer rumours: Bayern to offer Manchester United duo escape route? || Wolves reject £50m Newcastle bid for striker Jørgen Strand Larsen ,https://www.theguardian.com/football/2025/aug/25/football-transfer-rumours-bayern-to-offer-manchester-united-duo-escape-route | https://www.theguardian.com/football/2025/aug/25/wolves-reject-50m-newcastle-bid-jorgen-strand-larsen
2025-08-25,Borussia Dortmund,Giovanni Reyna,out,The Guardian / Will Unwin,1,1,0.4825,0.6681,0.5981,negative,1.0,1.0,0.0,0.0,neutral,0.00634,Football transfer rumours: Bayern to offer Manchester United duo escape route?,https://www.theguardian.com/football/2025/aug/25/football-transfer-rumours-bayern-to-offer-manchester-united-duo-escape-route
2025-08-24,Juventus,Edon Zhegrova,in,The Guardian / Exclusive by Will Unwin,1,1,0.7309,0.7081,0.7274,positive,1.0,0.0,0.0,1.0,negative,-0.025082,Nottingham Forest in talks to sign Dominik Livakovic from Fenerbahce,https://www.theguardian.com/football/2025/aug/24/nottingham-forest-in-talks-to-sign-dominik-livakovic-from-fenerbahce
2025-08-24,Juventus,Nicolò Savona,out,The Guardian / Exclusive by Will Unwin,1,1,0.6168,0.7081,0.7274,neutral,1.0,0.0,1.0,0.0,negative,-0.025082,Nottingham Forest in talks to sign Dominik Livakovic from Fenerbahce,https://www.theguardian.com/football/2025/aug/24/nottingham-forest-in-talks-to-sign-dominik-livakovic-from-fenerbahce
2025-08-24,Juventus,Tiago Djaló,out,The Guardian / Exclusive by Will Unwin,1,1,0.4473,0.7081,0.7274,neutral,1.0,0.0,1.0,0.0,negative,-0.025082,Nottingham Forest in talks to sign Dominik Livakovic from Fenerbahce,https://www.theguardian.com/football/2025/aug/24/nottingham-forest-in-talks-to-sign-dominik-livakovic-from-fenerbahce
2025-08-24,Manchester United,Senne Lammens,in,The Guardian / Exclusive by Jamie Jackson,1,1,0.4458,0.6681,0.6145,neutral,1.0,0.0,1.0,0.0,neutral,-0.008871,Senne Lammens to miss Antwerp game as Manchester United move draws near,https://www.theguardian.com/football/2025/aug/24/senne-lammens-goalkeeper-manchester-united-move-draws-closer
2025-08-22,Borussia Dortmund,Giovanni Reyna,out,The Guardian / Yara El-Shaboury,1,1,0.4825,0.6681,0.6001,negative,1.0,1.0,0.0,0.0,neutral,0.014845,Football transfer rumours: Crystal Palace to pursue Pino or hijack Dibling move?,https://www.theguardian.com/football/2025/aug/22/football-transfer-rumours-palace-to-pursue-pino-or-hijack-dibling-move
2025-08-22,Juventus,Edon Zhegrova,in,The Guardian / Jacob Steinberg and Ben Fisher,1,1,0.7309,0.6681,0.689,positive,1.0,0.0,0.0,1.0,neutral,-0.003901,Transfer latest: Edson Álvarez loan gives West Ham chance to recruit,https://www.theguardian.com/football/2025/aug/21/transfer-latest-edson-alvarez-west-ham-bournemouth
2025-08-22,Juventus,Nicolò Savona,out,The Guardian / Jacob Steinberg and Ben Fisher,1,1,0.6168,0.6681,0.689,neutral,1.0,0.0,1.0,0.0,neutral,-0.003901,Transfer latest: Edson Álvarez loan gives West Ham chance to recruit,https://www.theguardian.com/football/2025/aug/21/transfer-latest-edson-alvarez-west-ham-bournemouth
2025-08-22,Juventus,Tiago Djaló,out,The Guardian / Jacob Steinberg and Ben Fisher,1,1,0.4473,0.6681,0.689,neutral,1.0,0.0,1.0,0.0,neutral,-0.003901,Transfer latest: Edson Álvarez loan gives West Ham chance to recruit,https://www.theguardian.com/football/2025/aug/21/transfer-latest-edson-alvarez-west-ham-bournemouth
2025-08-22,Manchester United,Antony,out,The Guardian / Jamie Jackson and Will Unwin,1,1,0.4975,0.6681,0.5881,positive,1.0,0.0,0.0,1.0,negative,-0.024466,Manchester United close on signing Antwerp goalkeeper Senne Lammens in €20m deal,https://www.theguardian.com/football/2025/aug/22/manchester-united-close-on-royal-antwerp-goalkeeper-senne-lammens-20m-deal
2025-08-22,Manchester United,Senne Lammens,in,The Guardian / Jamie Jackson and Will Unwin,1,1,0.4458,0.6681,0.5881,neutral,1.0,0.0,1.0,0.0,negative,-0.024466,Manchester United close on signing Antwerp goalkeeper Senne Lammens in €20m deal,https://www.theguardian.com/football/2025/aug/22/manchester-united-close-on-royal-antwerp-goalkeeper-senne-lammens-20m-deal
2025-08-19,Borussia Dortmund,Carney Chukwuemeka,in,The Guardian / John Brewin,1,1,0.4992,0.6681,0.588,neutral,1.0,0.0,1.0,0.0,neutral,0.013263,Football transfer rumours: Onana set for Inter return? Sterling to Fulham?,https://www.theguardian.com/football/2025/aug/19/football-transfer-rumours-andre-onana-manchester-united-chelsea-newcastle
2025-08-19,Borussia Dortmund,Fábio Silva,in,"The Guardian / Louise Taylor, Ben Fisher and Jacob Steinberg",1,1,0.5518,0.7416,0.588,neutral,1.0,0.0,1.0,0.0,neutral,0.013263,Transfer roundup: Leeds close on £18m deal for Milan striker Noah Okafor,https://www.theguardian.com/football/2025/aug/19/transfer-news-premier-league-wolves-jackson-tchatchoua
2025-08-19,Borussia Dortmund,Giovanni Reyna,out,"The Guardian / Louise Taylor, Ben Fisher and Jacob Steinberg",1,1,0.4825,0.7416,0.588,neutral,1.0,0.0,1.0,0.0,neutral,0.013263,Transfer roundup: Leeds close on £18m deal for Milan striker Noah Okafor,https://www.theguardian.com/football/2025/aug/19/transfer-news-premier-league-wolves-jackson-tchatchoua
2025-08-15,Borussia Dortmund,Carney Chukwuemeka,in,The Guardian / Ewan Murray and Jacob Steinberg,1,1,0.4992,0.6681,0.5861,neutral,1.0,0.0,1.0,0.0,positive,0.027772,Bournemouth close to signing Ben Doak from Liverpool in £25m deal,https://www.theguardian.com/football/2025/aug/15/bournemouth-ben-doak-liverpool-transfer-latest-chelsea-nkunku-bayern-munich
2025-08-14,Juventus,Edon Zhegrova,in,The Guardian / Rob Smyth,1,1,0.7309,0.6681,0.6329,positive,1.0,0.0,0.0,1.0,positive,0.060043,Football transfer rumours: Manchester City to sign Xavi Simons?,https://www.theguardian.com/football/2025/aug/14/football-transfer-rumours-manchester-city-to-sign-xavi-simons
2025-08-14,Juventus,Tiago Djaló,out,The Guardian / Rob Smyth,1,1,0.4473,0.6681,0.6329,neutral,1.0,0.0,1.0,0.0,positive,0.060043,Football transfer rumours: Manchester City to sign Xavi Simons?,https://www.theguardian.com/football/2025/aug/14/football-transfer-rumours-manchester-city-to-sign-xavi-simons
2025-08-13,Manchester United,Benjamin Sesko,in,The Guardian / Andy Brassell,1,1,0.5358,0.6681,0.6246,neutral,1.0,0.0,1.0,0.0,,,Manchester United show patience and hope for big things from Benjamin Sesko | Andy Brassell,https://www.theguardian.com/football/2025/aug/13/manchester-united-benjamin-sesko
2025-08-12,Manchester United,Alejandro Garnacho,out,"The Guardian / Andy Hunter, Ed Aarons and Jacob Steinberg",1,1,0.602,0.7081,0.6363,positive,1.0,0.0,0.0,1.0,,,Transfer latest: Liverpool advance Guéhi talks as Manchester United eye Baleba,https://www.theguardian.com/football/2025/aug/12/transfer-latest-manchester-united-eye-brightons-baleba-while-liverpool-track-giovanni-leoni
2025-08-12,Manchester United,Antony,out,"The Guardian / Andy Hunter, Ed Aarons and Jacob Steinberg",1,1,0.4975,0.7081,0.6363,positive,1.0,0.0,0.0,1.0,,,Transfer latest: Liverpool advance Guéhi talks as Manchester United eye Baleba,https://www.theguardian.com/football/2025/aug/12/transfer-latest-manchester-united-eye-brightons-baleba-while-liverpool-track-giovanni-leoni
2025-08-09,Manchester United,Benjamin Sesko,in,The Guardian / Andy Martin,1,1,0.5358,0.6681,0.6205,neutral,1.0,0.0,1.0,0.0,,,Manchester United seal £73.7m deal for Benjamin Sesko from RB Leipzig,https://www.theguardian.com/football/2025/aug/09/manchester-united-seal-76m-deal-benjamin-sesko-leipzig
2025-08-07,Manchester United,Benjamin Sesko,in,The Guardian / Will Unwin,1,1,0.5358,0.7416,0.6739,neutral,1.0,0.0,1.0,0.0,,,Manchester United agree £73.3m deal to sign Benjamin Sesko from RB Leipzig,https://www.theguardian.com/football/2025/aug/07/manchester-united-agree-deal-to-sign-benjamin-sesko-rb-leipzig
2025-08-06,Borussia Dortmund,Carney Chukwuemeka,in,The Guardian / Ed Aarons,1,1,0.4992,0.6681,0.5613,neutral,1.0,0.0,1.0,0.0,,,Chelsea step up efforts to sign Garnacho and Simons in attacking reshuffle,https://www.theguardian.com/football/2025/aug/06/transfer-news-chelsea-alejandro-garnacho-xavi-simons-nicolas-jackson-manchester-united-rb-leipzig
2025-08-06,Borussia Dortmund,Giovanni Reyna,out,The Guardian / Ed Aarons,1,1,0.4825,0.6681,0.5613,negative,1.0,1.0,0.0,0.0,,,Chelsea step up efforts to sign Garnacho and Simons in attacking reshuffle,https://www.theguardian.com/football/2025/aug/06/transfer-news-chelsea-alejandro-garnacho-xavi-simons-nicolas-jackson-manchester-united-rb-leipzig
2025-08-06,Manchester United,Alejandro Garnacho,out,The Guardian / Ed Aarons | The Guardian / Will Unwin,2,2,0.602,0.7181,0.6621,positive,1.0,0.0,0.0,1.0,,,Manchester United confident of beating Newcastle to signing Benjamin Sesko || Chelsea step up efforts to sign Garnacho and Simons in attacking reshuffle,https://www.theguardian.com/football/2025/aug/06/manchester-united-confident-of-beating-newcastle-to-benjamin-sesko-signing | https://www.theguardian.com/football/2025/aug/06/transfer-news-chelsea-alejandro-garnacho-xavi-simons-nicolas-jackson-manchester-united-rb-leipzig
2025-08-06,Manchester United,Antony,out,The Guardian / Will Unwin,1,1,0.4975,0.6681,0.6621,positive,1.0,0.0,0.0,1.0,,,Manchester United confident of beating Newcastle to signing Benjamin Sesko,https://www.theguardian.com/football/2025/aug/06/manchester-united-confident-of-beating-newcastle-to-benjamin-sesko-signing
2025-08-06,Manchester United,Benjamin Sesko,in,The Guardian / Will Unwin,1,1,0.5358,0.6681,0.6621,positive,1.0,0.0,0.0,1.0,,,Manchester United confident of beating Newcastle to signing Benjamin Sesko,https://www.theguardian.com/football/2025/aug/06/manchester-united-confident-of-beating-newcastle-to-benjamin-sesko-signing
2025-08-05,Manchester United,Benjamin Sesko,in,The Guardian / Louise Taylor and Will Unwin,1,1,0.5358,0.6681,0.6429,positive,1.0,0.0,0.0,1.0,,,Manchester United rival Newcastle with Sesko bid and believe he prefers Old Trafford,https://www.theguardian.com/football/2025/aug/05/manchester-united-newcastle-benjamin-sesko-bids
2025-07-31,Borussia Dortmund,Fábio Silva,in,The Guardian / Ed Aarons,1,1,0.5518,0.7081,0.5708,neutral,1.0,0.0,1.0,0.0,,,Tottenham in talks to sign João Palhinha on loan from Bayern,https://www.theguardian.com/football/2025/jul/31/tottenham-in-talks-to-sign-joao-palhinha-on-loan-from-bayern
2025-07-31,Borussia Dortmund,Giovanni Reyna,out,The Guardian / Ed Aarons,1,1,0.4825,0.7081,0.5708,negative,1.0,1.0,0.0,0.0,,,Tottenham in talks to sign João Palhinha on loan from Bayern,https://www.theguardian.com/football/2025/jul/31/tottenham-in-talks-to-sign-joao-palhinha-on-loan-from-bayern
2025-07-31,Juventus,Nicolò Savona,out,The Guardian / Ed Aarons,1,1,0.6168,0.7081,0.5812,neutral,1.0,0.0,1.0,0.0,,,Tottenham in talks to sign João Palhinha on loan from Bayern,https://www.theguardian.com/football/2025/jul/31/tottenham-in-talks-to-sign-joao-palhinha-on-loan-from-bayern
2025-07-31,Juventus,Tiago Djaló,out,The Guardian / Ed Aarons,1,1,0.4473,0.7081,0.5812,neutral,1.0,0.0,1.0,0.0,,,Tottenham in talks to sign João Palhinha on loan from Bayern,https://www.theguardian.com/football/2025/jul/31/tottenham-in-talks-to-sign-joao-palhinha-on-loan-from-bayern
2025-07-21,Manchester United,Bryan Mbeumo,in,The Guardian / Will Unwin,1,1,0.5174,0.6681,0.6169,neutral,1.0,0.0,1.0,0.0,,,‘Club of my dreams’: Bryan Mbeumo seals £71m Manchester United move,https://www.theguardian.com/football/2025/jul/21/club-of-my-dreams-bryan-mbeumo-seals-71m-manchester-united-move
2025-07-20,Juventus,Alberto Costa,out,The Guardian / John Brewin,1,1,0.7262,0.7081,0.6007,neutral,1.0,0.0,1.0,0.0,,,Liverpool continue talks over signing Hugo Ekitike from Eintracht Frankfurt,https://www.theguardian.com/football/2025/jul/20/liverpool-continue-talks-over-signing-hugo-ekitike-from-eintracht-frankfurt-football-transfer-window
2025-07-20,Juventus,Francisco Conceição,in,The Guardian / John Brewin,1,1,0.5152,0.7081,0.6007,positive,1.0,0.0,0.0,1.0,,,Liverpool continue talks over signing Hugo Ekitike from Eintracht Frankfurt,https://www.theguardian.com/football/2025/jul/20/liverpool-continue-talks-over-signing-hugo-ekitike-from-eintracht-frankfurt-football-transfer-window
2025-07-20,Juventus,João Mário,in,The Guardian / John Brewin,1,1,0.5358,0.7081,0.6007,positive,1.0,0.0,0.0,1.0,,,Liverpool continue talks over signing Hugo Ekitike from Eintracht Frankfurt,https://www.theguardian.com/football/2025/jul/20/liverpool-continue-talks-over-signing-hugo-ekitike-from-eintracht-frankfurt-football-transfer-window
2025-07-18,Juventus,Alberto Costa,out,The Guardian / Michael Butler,1,1,0.7262,0.6681,0.6002,neutral,1.0,0.0,1.0,0.0,,,Football transfer rumours: West Ham and Everton move for Jack Grealish?,https://www.theguardian.com/football/2025/jul/18/football-transfer-rumours-west-ham-everton-jack-grealish-victor-osimhen
2025-07-18,Juventus,Francisco Conceição,in,The Guardian / Michael Butler,1,1,0.5152,0.6681,0.6002,positive,1.0,0.0,0.0,1.0,,,Football transfer rumours: West Ham and Everton move for Jack Grealish?,https://www.theguardian.com/football/2025/jul/18/football-transfer-rumours-west-ham-everton-jack-grealish-victor-osimhen
2025-07-18,Juventus,João Mário,in,The Guardian / Michael Butler,1,1,0.5358,0.6681,0.6002,positive,1.0,0.0,0.0,1.0,,,Football transfer rumours: West Ham and Everton move for Jack Grealish?,https://www.theguardian.com/football/2025/jul/18/football-transfer-rumours-west-ham-everton-jack-grealish-victor-osimhen
2025-07-18,Juventus,Samuel Mbangula,out,The Guardian / Michael Butler,1,1,0.52,0.6681,0.6002,neutral,1.0,0.0,1.0,0.0,,,Football transfer rumours: West Ham and Everton move for Jack Grealish?,https://www.theguardian.com/football/2025/jul/18/football-transfer-rumours-west-ham-everton-jack-grealish-victor-osimhen
2025-07-18,Manchester United,Bryan Mbeumo,in,The Guardian / Will Unwin,1,1,0.5174,0.6681,0.6241,positive,1.0,0.0,0.0,1.0,,,Manchester United agree deal to buy Bryan Mbeumo for initial £65m,https://www.theguardian.com/football/2025/jul/18/manchester-united-agree-deal-bryan-mbeumo-brentford-initial-65m
2025-07-17,Manchester United,Bryan Mbeumo,in,The Guardian / Will Unwin,1,1,0.5174,0.6681,0.6435,positive,1.0,0.0,0.0,1.0,,,Manchester United make improved Bryan Mbeumo bid with £70m package,https://www.theguardian.com/football/2025/jul/17/manchester-united-bryan-mbeumo-improved-bid-70m-brentford
2025-07-09,Borussia Dortmund,Jamie Gittens,out,The Guardian / Jacob Steinberg,1,1,0.6265,0.7081,0.5987,neutral,1.0,0.0,1.0,0.0,,,"Transfer latest: Arsenal open Madueke talks with Chelsea, Everton sign £27m striker Barry",https://www.theguardian.com/football/2025/jul/09/arsenal-open-talks-chelsea-signing-noni-madueke
2025-07-09,Borussia Dortmund,Soumaïla Coulibaly,out,The Guardian / Jacob Steinberg,1,1,0.5786,0.7081,0.5987,neutral,1.0,0.0,1.0,0.0,,,"Transfer latest: Arsenal open Madueke talks with Chelsea, Everton sign £27m striker Barry",https://www.theguardian.com/football/2025/jul/09/arsenal-open-talks-chelsea-signing-noni-madueke
2025-07-09,Juventus,Alberto Costa,out,The Guardian / Jacob Steinberg,1,1,0.7262,0.7081,0.5913,neutral,1.0,0.0,1.0,0.0,,,"Transfer latest: Arsenal open Madueke talks with Chelsea, Everton sign £27m striker Barry",https://www.theguardian.com/football/2025/jul/09/arsenal-open-talks-chelsea-signing-noni-madueke
2025-07-09,Juventus,Francisco Conceição,in,The Guardian / Jacob Steinberg,1,1,0.5152,0.7081,0.5913,positive,1.0,0.0,0.0,1.0,,,"Transfer latest: Arsenal open Madueke talks with Chelsea, Everton sign £27m striker Barry",https://www.theguardian.com/football/2025/jul/09/arsenal-open-talks-chelsea-signing-noni-madueke
2025-07-09,Juventus,João Mário,in,The Guardian / Jacob Steinberg,1,1,0.5358,0.7081,0.5913,positive,1.0,0.0,0.0,1.0,,,"Transfer latest: Arsenal open Madueke talks with Chelsea, Everton sign £27m striker Barry",https://www.theguardian.com/football/2025/jul/09/arsenal-open-talks-chelsea-signing-noni-madueke
2025-07-09,Juventus,Samuel Mbangula,out,The Guardian / Jacob Steinberg,1,1,0.52,0.7081,0.5913,neutral,1.0,0.0,1.0,0.0,,,"Transfer latest: Arsenal open Madueke talks with Chelsea, Everton sign £27m striker Barry",https://www.theguardian.com/football/2025/jul/09/arsenal-open-talks-chelsea-signing-noni-madueke
2025-07-07,Manchester United,Diego León,in,The Guardian / John Brewin,1,1,0.4575,0.6681,0.6535,positive,1.0,0.0,0.0,1.0,,,Football transfer rumours: Dominic Calvert-Lewin to Manchester United?,https://www.theguardian.com/football/2025/jul/07/football-transfer-rumours-dominic-calvert-lewin-to-manchester-united
2025-07-05,Borussia Dortmund,Daniel Svensson,in,The Guardian / Alexander Abnos at MetLife Stadium,1,1,0.7924,0.6681,0.6225,positive,1.0,0.0,0.0,1.0,,,Real Madrid 3-2 Borussia Dortmund: Club World Cup quarter-final – as it happened,https://www.theguardian.com/football/live/2025/jul/05/real-madrid-v-borussia-dortmund-club-world-cup-quarter-final-live-updates
2025-07-05,Borussia Dortmund,Jamie Gittens,out,The Guardian / Jacob Steinberg and Ben Fisher,1,1,0.6265,0.8216,0.6225,neutral,1.0,0.0,1.0,0.0,,,"Transfer news: Jamie Gittens completes £48.5m Chelsea move, Forest land Jesus",https://www.theguardian.com/football/2025/jul/05/transfer-news-jamie-gittens-completes-55m-chelsea-switch-nottingham-forest-sign-igor-jesus
2025-07-05,Borussia Dortmund,Yan Couto,in,The Guardian / Alexander Abnos at MetLife Stadium,1,1,0.6033,0.6681,0.6225,neutral,1.0,0.0,1.0,0.0,,,Real Madrid 3-2 Borussia Dortmund: Club World Cup quarter-final – as it happened,https://www.theguardian.com/football/live/2025/jul/05/real-madrid-v-borussia-dortmund-club-world-cup-quarter-final-live-updates
2025-07-04,Borussia Dortmund,Patrick Drewes,in,The Guardian / Ben Fisher,1,1,0.6467,0.6681,0.644,positive,1.0,0.0,0.0,1.0,,,Newcastle close to signing Forest’s Anthony Elanga with improved £55m offer,https://www.theguardian.com/football/2025/jul/03/newcastle-united-anthony-elanga-transfer-premier-league
2025-07-04,Borussia Dortmund,Soumaïla Coulibaly,out,The Guardian / Ben Fisher,1,1,0.5786,0.6681,0.644,neutral,1.0,0.0,1.0,0.0,,,Newcastle close to signing Forest’s Anthony Elanga with improved £55m offer,https://www.theguardian.com/football/2025/jul/03/newcastle-united-anthony-elanga-transfer-premier-league
2025-07-04,Borussia Dortmund,Youssoufa Moukoko,out,The Guardian / Ben Fisher,1,1,0.4637,0.6681,0.644,negative,1.0,1.0,0.0,0.0,,,Newcastle close to signing Forest’s Anthony Elanga with improved £55m offer,https://www.theguardian.com/football/2025/jul/03/newcastle-united-anthony-elanga-transfer-premier-league
2025-07-04,Juventus,Alberto Costa,out,"The Guardian / Ed Aarons, Will Unwin and Jacob Steinberg",1,1,0.7262,0.6681,0.6307,neutral,1.0,0.0,1.0,0.0,,,Transfer latest: Nico Williams signs eight-year contract extension at Athletic Bilbao,https://www.theguardian.com/football/2025/jul/04/transfer-latest-nico-williams-athletic-bilbao-leeds-sunderland-arsenal
2025-07-04,Juventus,Francisco Conceição,in,"The Guardian / Ed Aarons, Will Unwin and Jacob Steinberg",1,1,0.5152,0.6681,0.6307,positive,1.0,0.0,0.0,1.0,,,Transfer latest: Nico Williams signs eight-year contract extension at Athletic Bilbao,https://www.theguardian.com/football/2025/jul/04/transfer-latest-nico-williams-athletic-bilbao-leeds-sunderland-arsenal
2025-07-04,Juventus,Hans Nicolussi Caviglia,out,"The Guardian / Ed Aarons, Will Unwin and Jacob Steinberg",1,1,0.4406,0.6681,0.6307,neutral,1.0,0.0,1.0,0.0,,,Transfer latest: Nico Williams signs eight-year contract extension at Athletic Bilbao,https://www.theguardian.com/football/2025/jul/04/transfer-latest-nico-williams-athletic-bilbao-leeds-sunderland-arsenal
2025-07-04,Juventus,João Mário,in,"The Guardian / Ed Aarons, Will Unwin and Jacob Steinberg",1,1,0.5358,0.6681,0.6307,positive,1.0,0.0,0.0,1.0,,,Transfer latest: Nico Williams signs eight-year contract extension at Athletic Bilbao,https://www.theguardian.com/football/2025/jul/04/transfer-latest-nico-williams-athletic-bilbao-leeds-sunderland-arsenal
2025-07-04,Juventus,Lloyd Kelly,in,"The Guardian / Ed Aarons, Will Unwin and Jacob Steinberg",1,1,0.5432,0.6681,0.6307,positive,1.0,0.0,0.0,1.0,,,Transfer latest: Nico Williams signs eight-year contract extension at Athletic Bilbao,https://www.theguardian.com/football/2025/jul/04/transfer-latest-nico-williams-athletic-bilbao-leeds-sunderland-arsenal
2025-07-04,Juventus,Luca Pellegrini,out,"The Guardian / Ed Aarons, Will Unwin and Jacob Steinberg",1,1,0.6825,0.6681,0.6307,neutral,1.0,0.0,1.0,0.0,,,Transfer latest: Nico Williams signs eight-year contract extension at Athletic Bilbao,https://www.theguardian.com/football/2025/jul/04/transfer-latest-nico-williams-athletic-bilbao-leeds-sunderland-arsenal
2025-07-04,Juventus,Michele Di Gregorio,in,"The Guardian / Alexander Abnos | The Guardian / Ed Aarons, Will Unwin and Jacob Steinberg",2,2,0.6298,0.7181,0.6307,positive,1.0,0.0,0.0,1.0,,,"The Club World Cup by numbers: attendances, heat and head-to-heads || Transfer latest: Nico Williams signs eight-year contract extension at Athletic Bilbao",https://www.theguardian.com/football/2025/jul/04/club-world-cup-by-numbers-attendances-heat-and-head-to-heads | https://www.theguardian.com/football/2025/jul/04/transfer-latest-nico-williams-athletic-bilbao-leeds-sunderland-arsenal
2025-07-04,Juventus,Nico González,in,"The Guardian / Ed Aarons, Will Unwin and Jacob Steinberg",1,1,0.4808,0.6681,0.6307,positive,1.0,0.0,0.0,1.0,,,Transfer latest: Nico Williams signs eight-year contract extension at Athletic Bilbao,https://www.theguardian.com/football/2025/jul/04/transfer-latest-nico-williams-athletic-bilbao-leeds-sunderland-arsenal
2025-07-04,Juventus,Nicolò Fagioli,out,"The Guardian / Ed Aarons, Will Unwin and Jacob Steinberg",1,1,0.5294,0.6681,0.6307,neutral,1.0,0.0,1.0,0.0,,,Transfer latest: Nico Williams signs eight-year contract extension at Athletic Bilbao,https://www.theguardian.com/football/2025/jul/04/transfer-latest-nico-williams-athletic-bilbao-leeds-sunderland-arsenal
2025-07-04,Juventus,Nicolò Rovella,out,"The Guardian / Ed Aarons, Will Unwin and Jacob Steinberg",1,1,0.4813,0.6681,0.6307,neutral,1.0,0.0,1.0,0.0,,,Transfer latest: Nico Williams signs eight-year contract extension at Athletic Bilbao,https://www.theguardian.com/football/2025/jul/04/transfer-latest-nico-williams-athletic-bilbao-leeds-sunderland-arsenal
2025-07-04,Juventus,Pierre Kalulu,in,"The Guardian / Ed Aarons, Will Unwin and Jacob Steinberg",1,1,0.8052,0.6681,0.6307,positive,1.0,0.0,0.0,1.0,,,Transfer latest: Nico Williams signs eight-year contract extension at Athletic Bilbao,https://www.theguardian.com/football/2025/jul/04/transfer-latest-nico-williams-athletic-bilbao-leeds-sunderland-arsenal
2025-07-04,Juventus,Samuel Mbangula,out,"The Guardian / Ed Aarons, Will Unwin and Jacob Steinberg",1,1,0.52,0.6681,0.6307,neutral,1.0,0.0,1.0,0.0,,,Transfer latest: Nico Williams signs eight-year contract extension at Athletic Bilbao,https://www.theguardian.com/football/2025/jul/04/transfer-latest-nico-williams-athletic-bilbao-leeds-sunderland-arsenal
2025-07-04,Lazio,Fisayo Dele-Bashiru,in,"The Guardian / Ed Aarons, Will Unwin and Jacob Steinberg",1,1,0.8564,0.6681,0.6247,positive,1.0,0.0,0.0,1.0,,,Transfer latest: Nico Williams signs eight-year contract extension at Athletic Bilbao,https://www.theguardian.com/football/2025/jul/04/transfer-latest-nico-williams-athletic-bilbao-leeds-sunderland-arsenal
2025-07-04,Lazio,Loum Tchaouna,out,"The Guardian / Ed Aarons, Will Unwin and Jacob Steinberg",1,1,0.7302,0.6681,0.6247,neutral,1.0,0.0,1.0,0.0,,,Transfer latest: Nico Williams signs eight-year contract extension at Athletic Bilbao,https://www.theguardian.com/football/2025/jul/04/transfer-latest-nico-williams-athletic-bilbao-leeds-sunderland-arsenal
2025-07-04,Lazio,Luca Pellegrini,in,"The Guardian / Ed Aarons, Will Unwin and Jacob Steinberg",1,1,0.4917,0.6681,0.6247,neutral,1.0,0.0,1.0,0.0,,,Transfer latest: Nico Williams signs eight-year contract extension at Athletic Bilbao,https://www.theguardian.com/football/2025/jul/04/transfer-latest-nico-williams-athletic-bilbao-leeds-sunderland-arsenal
2025-07-04,Lazio,Nicolò Casale,out,"The Guardian / Ed Aarons, Will Unwin and Jacob Steinberg",1,1,0.6311,0.6681,0.6247,neutral,1.0,0.0,1.0,0.0,,,Transfer latest: Nico Williams signs eight-year contract extension at Athletic Bilbao,https://www.theguardian.com/football/2025/jul/04/transfer-latest-nico-williams-athletic-bilbao-leeds-sunderland-arsenal
2025-07-04,Lazio,Nicolò Rovella,in,"The Guardian / Ed Aarons, Will Unwin and Jacob Steinberg",1,1,0.7821,0.6681,0.6247,positive,1.0,0.0,0.0,1.0,,,Transfer latest: Nico Williams signs eight-year contract extension at Athletic Bilbao,https://www.theguardian.com/football/2025/jul/04/transfer-latest-nico-williams-athletic-bilbao-leeds-sunderland-arsenal
2025-07-04,Lazio,Nuno Tavares,in,"The Guardian / Ed Aarons, Will Unwin and Jacob Steinberg",1,1,0.9168,0.6681,0.6247,positive,1.0,0.0,0.0,1.0,,,Transfer latest: Nico Williams signs eight-year contract extension at Athletic Bilbao,https://www.theguardian.com/football/2025/jul/04/transfer-latest-nico-williams-athletic-bilbao-leeds-sunderland-arsenal
2025-07-04,Lazio,Samuel Gigot,in,"The Guardian / Ed Aarons, Will Unwin and Jacob Steinberg",1,1,0.3271,0.6681,0.6247,positive,1.0,0.0,0.0,1.0,,,Transfer latest: Nico Williams signs eight-year contract extension at Athletic Bilbao,https://www.theguardian.com/football/2025/jul/04/transfer-latest-nico-williams-athletic-bilbao-leeds-sunderland-arsenal
2025-07-04,Manchester United,Diego León,in,The Guardian / Will Unwin,1,1,0.4575,0.6681,0.6535,positive,1.0,0.0,0.0,1.0,,,"Garnacho, Rashford and Sancho among five who tell Manchester United they want out",https://www.theguardian.com/football/2025/jul/04/marcus-rashford-to-report-for-pre-season-training-at-manchester-united-next-week
2025-07-04,Manchester United,Matheus Cunha,in,The Guardian / Will Unwin,1,1,0.5025,0.6681,0.6535,positive,1.0,0.0,0.0,1.0,,,"Garnacho, Rashford and Sancho among five who tell Manchester United they want out",https://www.theguardian.com/football/2025/jul/04/marcus-rashford-to-report-for-pre-season-training-at-manchester-united-next-week
2025-07-03,Juventus,Alberto Costa,out,The Guardian / Tom Bassam,1,1,0.7262,0.7017,0.643,neutral,1.0,0.0,1.0,0.0,,,Football transfer rumours: Juventus interested in cut-price Sancho deal?,https://www.theguardian.com/football/2025/jul/03/football-transfer-rumours-juventus-interested-in-cut-price-sancho-deal
2025-07-03,Juventus,Francisco Conceição,in,The Guardian / Tom Bassam,1,1,0.5152,0.7017,0.643,positive,1.0,0.0,0.0,1.0,,,Football transfer rumours: Juventus interested in cut-price Sancho deal?,https://www.theguardian.com/football/2025/jul/03/football-transfer-rumours-juventus-interested-in-cut-price-sancho-deal
2025-07-03,Juventus,Hans Nicolussi Caviglia,out,The Guardian / Tom Bassam,1,1,0.4406,0.7017,0.643,neutral,1.0,0.0,1.0,0.0,,,Football transfer rumours: Juventus interested in cut-price Sancho deal?,https://www.theguardian.com/football/2025/jul/03/football-transfer-rumours-juventus-interested-in-cut-price-sancho-deal
2025-07-03,Juventus,João Mário,in,The Guardian / Tom Bassam,1,1,0.5358,0.7017,0.643,positive,1.0,0.0,0.0,1.0,,,Football transfer rumours: Juventus interested in cut-price Sancho deal?,https://www.theguardian.com/football/2025/jul/03/football-transfer-rumours-juventus-interested-in-cut-price-sancho-deal
2025-07-03,Juventus,Lloyd Kelly,in,The Guardian / Tom Bassam,1,1,0.5432,0.7017,0.643,positive,1.0,0.0,0.0,1.0,,,Football transfer rumours: Juventus interested in cut-price Sancho deal?,https://www.theguardian.com/football/2025/jul/03/football-transfer-rumours-juventus-interested-in-cut-price-sancho-deal
2025-07-03,Juventus,Luca Pellegrini,out,The Guardian / Tom Bassam,1,1,0.6825,0.7017,0.643,neutral,1.0,0.0,1.0,0.0,,,Football transfer rumours: Juventus interested in cut-price Sancho deal?,https://www.theguardian.com/football/2025/jul/03/football-transfer-rumours-juventus-interested-in-cut-price-sancho-deal
2025-07-03,Juventus,Nico González,in,The Guardian / Tom Bassam,1,1,0.4808,0.7017,0.643,positive,1.0,0.0,0.0,1.0,,,Football transfer rumours: Juventus interested in cut-price Sancho deal?,https://www.theguardian.com/football/2025/jul/03/football-transfer-rumours-juventus-interested-in-cut-price-sancho-deal
2025-07-03,Juventus,Nicolò Fagioli,out,The Guardian / Tom Bassam,1,1,0.5294,0.7017,0.643,neutral,1.0,0.0,1.0,0.0,,,Football transfer rumours: Juventus interested in cut-price Sancho deal?,https://www.theguardian.com/football/2025/jul/03/football-transfer-rumours-juventus-interested-in-cut-price-sancho-deal
2025-07-03,Juventus,Nicolò Rovella,out,The Guardian / Tom Bassam,1,1,0.4813,0.7017,0.643,neutral,1.0,0.0,1.0,0.0,,,Football transfer rumours: Juventus interested in cut-price Sancho deal?,https://www.theguardian.com/football/2025/jul/03/football-transfer-rumours-juventus-interested-in-cut-price-sancho-deal
2025-07-03,Juventus,Pierre Kalulu,in,The Guardian / Tom Bassam,1,1,0.8052,0.7017,0.643,positive,1.0,0.0,0.0,1.0,,,Football transfer rumours: Juventus interested in cut-price Sancho deal?,https://www.theguardian.com/football/2025/jul/03/football-transfer-rumours-juventus-interested-in-cut-price-sancho-deal
2025-07-03,Juventus,Samuel Mbangula,out,The Guardian / Tom Bassam,1,1,0.52,0.7017,0.643,neutral,1.0,0.0,1.0,0.0,,,Football transfer rumours: Juventus interested in cut-price Sancho deal?,https://www.theguardian.com/football/2025/jul/03/football-transfer-rumours-juventus-interested-in-cut-price-sancho-deal
2025-07-01,Juventus,Michele Di Gregorio,in,"The Guardian / Sid Lowe at Hard Rock Stadium, Miami",1,1,0.6298,0.6681,0.65,positive,1.0,0.0,0.0,1.0,,,Gonzalo García downs Juventus to send Real Madrid to Club World Cup quarters,https://www.theguardian.com/football/2025/jul/01/real-madrid-juventus-club-world-cup-last-16-match-report
2025-07-01,Manchester United,Diego León,in,The Guardian / Tom Davies,1,1,0.4575,0.6681,0.65,positive,1.0,0.0,0.0,1.0,,,Football transfer rumours: Manchester United switch focus to Ollie Watkins?,https://www.theguardian.com/football/2025/jul/01/football-transfer-rumours-manchester-united-ollie-watkins-aston-villa-nicolas-jackson
2025-06-28,Borussia Dortmund,Daniel Svensson,in,The Guardian / Jacob Steinberg and Ed Aarons,1,1,0.7924,0.6681,0.65,positive,1.0,0.0,0.0,1.0,,,Chelsea agree Jamie Gittens deal and battle Newcastle for João Pedro,https://www.theguardian.com/football/2025/jun/28/sunderland-agree-club-record-30m-deal-for-strasbourg-midfielder-habib-diarra
2025-06-28,Borussia Dortmund,Jamie Gittens,out,The Guardian / Jacob Steinberg and Ed Aarons,1,1,0.6265,0.6681,0.65,neutral,1.0,0.0,1.0,0.0,,,Chelsea agree Jamie Gittens deal and battle Newcastle for João Pedro,https://www.theguardian.com/football/2025/jun/28/sunderland-agree-club-record-30m-deal-for-strasbourg-midfielder-habib-diarra
2025-06-28,Borussia Dortmund,Patrick Drewes,in,The Guardian / Jacob Steinberg and Ed Aarons,1,1,0.6467,0.6681,0.65,neutral,1.0,0.0,1.0,0.0,,,Chelsea agree Jamie Gittens deal and battle Newcastle for João Pedro,https://www.theguardian.com/football/2025/jun/28/sunderland-agree-club-record-30m-deal-for-strasbourg-midfielder-habib-diarra
2025-06-28,Borussia Dortmund,Soumaïla Coulibaly,out,The Guardian / Jacob Steinberg and Ed Aarons,1,1,0.5786,0.6681,0.65,neutral,1.0,0.0,1.0,0.0,,,Chelsea agree Jamie Gittens deal and battle Newcastle for João Pedro,https://www.theguardian.com/football/2025/jun/28/sunderland-agree-club-record-30m-deal-for-strasbourg-midfielder-habib-diarra
2025-06-28,Borussia Dortmund,Yan Couto,in,The Guardian / Jacob Steinberg and Ed Aarons,1,1,0.6033,0.6681,0.65,neutral,1.0,0.0,1.0,0.0,,,Chelsea agree Jamie Gittens deal and battle Newcastle for João Pedro,https://www.theguardian.com/football/2025/jun/28/sunderland-agree-club-record-30m-deal-for-strasbourg-midfielder-habib-diarra
2025-06-28,Borussia Dortmund,Youssoufa Moukoko,out,The Guardian / Jacob Steinberg and Ed Aarons,1,1,0.4637,0.6681,0.65,negative,1.0,1.0,0.0,0.0,,,Chelsea agree Jamie Gittens deal and battle Newcastle for João Pedro,https://www.theguardian.com/football/2025/jun/28/sunderland-agree-club-record-30m-deal-for-strasbourg-midfielder-habib-diarra
2025-06-27,Juventus,Samuel Mbangula,out,The Guardian / Ed Aarons,1,1,0.52,0.6681,0.65,neutral,1.0,0.0,1.0,0.0,,,Arsenal hopeful of deal to sign Valencia defender Cristhian Mosquera,https://www.theguardian.com/football/2025/jun/27/arsenal-cristhian-mosquera-valencia-defender-weah-mbangula-nottingham-forest-juventus
2025-06-26,Juventus,Michele Di Gregorio,in,"The Guardian / Jamie Jackson at the Camping World Stadium, Orlando",1,1,0.6298,0.6681,0.65,positive,1.0,0.0,0.0,1.0,,,Erling Haaland hits 300th goal in Manchester City rout of Juventus at Club World Cup,https://www.theguardian.com/football/2025/jun/26/juventus-manchester-city-club-world-cup-match-report
2025-06-25,Manchester United,Bryan Mbeumo,in,The Guardian / Jamie Jackson,1,1,0.5174,0.6681,0.65,neutral,1.0,0.0,1.0,0.0,,,Manchester United close on £60m-plus deal to buy Brentford’s Bryan Mbeumo,https://www.theguardian.com/football/2025/jun/25/manchester-united-close-deal-buy-bryan-mbeumo-brentford
2025-06-25,Manchester United,Matheus Cunha,in,The Guardian / Jamie Jackson,1,1,0.5025,0.6681,0.65,neutral,1.0,0.0,1.0,0.0,,,Manchester United close on £60m-plus deal to buy Brentford’s Bryan Mbeumo,https://www.theguardian.com/football/2025/jun/25/manchester-united-close-deal-buy-bryan-mbeumo-brentford
2025-06-24,Borussia Dortmund,Daniel Svensson,in,The Guardian / Jacob Steinberg in Philadelphia,1,1,0.7924,0.7416,0.65,positive,1.0,0.0,0.0,1.0,,,Chelsea closing in on deal for Borussia Dortmund winger Jamie Gittens,https://www.theguardian.com/football/2025/jun/24/chelsea-closing-in-borussia-dortmund-winger-jamie-gittens
2025-06-24,Borussia Dortmund,Jamie Gittens,out,The Guardian / Jacob Steinberg in Philadelphia,1,1,0.6265,0.7416,0.65,neutral,1.0,0.0,1.0,0.0,,,Chelsea closing in on deal for Borussia Dortmund winger Jamie Gittens,https://www.theguardian.com/football/2025/jun/24/chelsea-closing-in-borussia-dortmund-winger-jamie-gittens
2025-06-24,Borussia Dortmund,Patrick Drewes,in,The Guardian / Jacob Steinberg in Philadelphia,1,1,0.6467,0.7416,0.65,negative,1.0,1.0,0.0,0.0,,,Chelsea closing in on deal for Borussia Dortmund winger Jamie Gittens,https://www.theguardian.com/football/2025/jun/24/chelsea-closing-in-borussia-dortmund-winger-jamie-gittens
2025-06-24,Borussia Dortmund,Soumaïla Coulibaly,out,The Guardian / Jacob Steinberg in Philadelphia,1,1,0.5786,0.7416,0.65,neutral,1.0,0.0,1.0,0.0,,,Chelsea closing in on deal for Borussia Dortmund winger Jamie Gittens,https://www.theguardian.com/football/2025/jun/24/chelsea-closing-in-borussia-dortmund-winger-jamie-gittens
2025-06-24,Borussia Dortmund,Yan Couto,in,The Guardian / Jacob Steinberg in Philadelphia,1,1,0.6033,0.7416,0.65,neutral,1.0,0.0,1.0,0.0,,,Chelsea closing in on deal for Borussia Dortmund winger Jamie Gittens,https://www.theguardian.com/football/2025/jun/24/chelsea-closing-in-borussia-dortmund-winger-jamie-gittens
2025-06-24,Borussia Dortmund,Youssoufa Moukoko,out,The Guardian / Jacob Steinberg in Philadelphia,1,1,0.4637,0.7416,0.65,neutral,1.0,0.0,1.0,0.0,,,Chelsea closing in on deal for Borussia Dortmund winger Jamie Gittens,https://www.theguardian.com/football/2025/jun/24/chelsea-closing-in-borussia-dortmund-winger-jamie-gittens
2025-06-23,Manchester United,Bryan Mbeumo,in,The Guardian / Jamie Jackson and Jacob Steinberg,1,1,0.5174,0.6681,0.65,neutral,1.0,0.0,1.0,0.0,,,Manchester United increase offer for Brentford’s Bryan Mbeumo to £60m,https://www.theguardian.com/football/2025/jun/23/manchester-united-bryan-mbeumo-brentford-transfer-window
2025-06-23,Manchester United,Diego León,in,The Guardian / Will Unwin,1,1,0.4575,0.6681,0.65,positive,1.0,0.0,0.0,1.0,,,Football transfer rumours: Emiliano Martínez eager to join Manchester United?,https://www.theguardian.com/football/2025/jun/23/football-transfer-rumours-emiliano-martinez-aston-villa-manchester-united
2025-06-20,Lazio,Loum Tchaouna,out,The Guardian / Will Unwin,1,1,0.7302,0.6681,0.65,neutral,1.0,0.0,1.0,0.0,,,Football transfer rumours: Liverpool move for Guéhi? Rashford to Newcastle?,https://www.theguardian.com/football/2025/jun/20/football-transfer-rumours-newcastle-manchester-united--marcus-rashford-liverpool-marc-guehi
2025-06-16,Manchester United,Diego León,in,"The Guardian / Jamie Jackson, Louise Taylor, Ed Aarons and agencies",1,1,0.4575,0.7484,0.65,neutral,1.0,0.0,1.0,0.0,,,Manchester United monitoring Eintracht Frankfurt striker Hugo Ekitike,https://www.theguardian.com/football/2025/jun/16/bournemouth-sign-adrien-truffert-liverpool-milos-kerkez
2025-06-13,Borussia Dortmund,Daniel Svensson,in,The Guardian / Ed Aarons,1,1,0.7924,0.7417,0.65,positive,1.0,0.0,0.0,1.0,,,Spurs hold talks over signing Brentford’s Bryan Mbeumo and are interested in Yoane Wissa,https://www.theguardian.com/football/2025/jun/13/spurs-hold-talks-over-signing-brentfords-bryan-mbeumo-and-interested-in-wissa
2025-06-13,Borussia Dortmund,Jobe Bellingham,in,The Guardian / Ed Aarons,1,1,0.3982,0.7417,0.65,positive,1.0,0.0,0.0,1.0,,,Spurs hold talks over signing Brentford’s Bryan Mbeumo and are interested in Yoane Wissa,https://www.theguardian.com/football/2025/jun/13/spurs-hold-talks-over-signing-brentfords-bryan-mbeumo-and-interested-in-wissa
2025-06-13,Borussia Dortmund,Patrick Drewes,in,The Guardian / Ed Aarons,1,1,0.6467,0.7417,0.65,neutral,1.0,0.0,1.0,0.0,,,Spurs hold talks over signing Brentford’s Bryan Mbeumo and are interested in Yoane Wissa,https://www.theguardian.com/football/2025/jun/13/spurs-hold-talks-over-signing-brentfords-bryan-mbeumo-and-interested-in-wissa
2025-06-13,Borussia Dortmund,Soumaïla Coulibaly,out,The Guardian / Ed Aarons,1,1,0.5786,0.7417,0.65,neutral,1.0,0.0,1.0,0.0,,,Spurs hold talks over signing Brentford’s Bryan Mbeumo and are interested in Yoane Wissa,https://www.theguardian.com/football/2025/jun/13/spurs-hold-talks-over-signing-brentfords-bryan-mbeumo-and-interested-in-wissa
2025-06-13,Borussia Dortmund,Yan Couto,in,The Guardian / Ed Aarons,1,1,0.6033,0.7417,0.65,neutral,1.0,0.0,1.0,0.0,,,Spurs hold talks over signing Brentford’s Bryan Mbeumo and are interested in Yoane Wissa,https://www.theguardian.com/football/2025/jun/13/spurs-hold-talks-over-signing-brentfords-bryan-mbeumo-and-interested-in-wissa
2025-06-13,Borussia Dortmund,Youssoufa Moukoko,out,The Guardian / Ed Aarons,1,1,0.4637,0.7417,0.65,neutral,1.0,0.0,1.0,0.0,,,Spurs hold talks over signing Brentford’s Bryan Mbeumo and are interested in Yoane Wissa,https://www.theguardian.com/football/2025/jun/13/spurs-hold-talks-over-signing-brentfords-bryan-mbeumo-and-interested-in-wissa
2025-06-13,Juventus,Hans Nicolussi Caviglia,out,The Guardian / Andy Hunter and Agencies,1,1,0.4406,0.6681,0.65,neutral,1.0,0.0,1.0,0.0,,,Transfer roundup: Everton eye Thierno Barry as Brighton sign Kostoulas,https://www.theguardian.com/football/2025/jun/13/transfer-roundup-everton-eye-thierno-barry-as-brighton-sign-kostoulas
2025-06-13,Juventus,Lloyd Kelly,in,The Guardian / Andy Hunter and Agencies,1,1,0.5432,0.6681,0.65,positive,1.0,0.0,0.0,1.0,,,Transfer roundup: Everton eye Thierno Barry as Brighton sign Kostoulas,https://www.theguardian.com/football/2025/jun/13/transfer-roundup-everton-eye-thierno-barry-as-brighton-sign-kostoulas
2025-06-13,Juventus,Luca Pellegrini,out,The Guardian / Andy Hunter and Agencies,1,1,0.6825,0.6681,0.65,neutral,1.0,0.0,1.0,0.0,,,Transfer roundup: Everton eye Thierno Barry as Brighton sign Kostoulas,https://www.theguardian.com/football/2025/jun/13/transfer-roundup-everton-eye-thierno-barry-as-brighton-sign-kostoulas
2025-06-13,Juventus,Nico González,in,The Guardian / Andy Hunter and Agencies,1,1,0.4808,0.6681,0.65,positive,1.0,0.0,0.0,1.0,,,Transfer roundup: Everton eye Thierno Barry as Brighton sign Kostoulas,https://www.theguardian.com/football/2025/jun/13/transfer-roundup-everton-eye-thierno-barry-as-brighton-sign-kostoulas
2025-06-13,Juventus,Nicolò Fagioli,out,The Guardian / Andy Hunter and Agencies,1,1,0.5294,0.6681,0.65,neutral,1.0,0.0,1.0,0.0,,,Transfer roundup: Everton eye Thierno Barry as Brighton sign Kostoulas,https://www.theguardian.com/football/2025/jun/13/transfer-roundup-everton-eye-thierno-barry-as-brighton-sign-kostoulas
2025-06-13,Juventus,Nicolò Rovella,out,The Guardian / Andy Hunter and Agencies,1,1,0.4813,0.6681,0.65,neutral,1.0,0.0,1.0,0.0,,,Transfer roundup: Everton eye Thierno Barry as Brighton sign Kostoulas,https://www.theguardian.com/football/2025/jun/13/transfer-roundup-everton-eye-thierno-barry-as-brighton-sign-kostoulas
2025-06-13,Juventus,Pierre Kalulu,in,The Guardian / Andy Hunter and Agencies,1,1,0.8052,0.6681,0.65,positive,1.0,0.0,0.0,1.0,,,Transfer roundup: Everton eye Thierno Barry as Brighton sign Kostoulas,https://www.theguardian.com/football/2025/jun/13/transfer-roundup-everton-eye-thierno-barry-as-brighton-sign-kostoulas
2025-06-13,Lazio,Fisayo Dele-Bashiru,in,The Guardian / Andy Hunter and Agencies,1,1,0.8564,0.6681,0.65,positive,1.0,0.0,0.0,1.0,,,Transfer roundup: Everton eye Thierno Barry as Brighton sign Kostoulas,https://www.theguardian.com/football/2025/jun/13/transfer-roundup-everton-eye-thierno-barry-as-brighton-sign-kostoulas
2025-06-13,Lazio,Loum Tchaouna,out,The Guardian / Andy Hunter and Agencies,1,1,0.7302,0.6681,0.65,neutral,1.0,0.0,1.0,0.0,,,Transfer roundup: Everton eye Thierno Barry as Brighton sign Kostoulas,https://www.theguardian.com/football/2025/jun/13/transfer-roundup-everton-eye-thierno-barry-as-brighton-sign-kostoulas
2025-06-13,Lazio,Luca Pellegrini,in,The Guardian / Andy Hunter and Agencies,1,1,0.4917,0.6681,0.65,neutral,1.0,0.0,1.0,0.0,,,Transfer roundup: Everton eye Thierno Barry as Brighton sign Kostoulas,https://www.theguardian.com/football/2025/jun/13/transfer-roundup-everton-eye-thierno-barry-as-brighton-sign-kostoulas
2025-06-13,Lazio,Nicolò Casale,out,The Guardian / Andy Hunter and Agencies,1,1,0.6311,0.6681,0.65,neutral,1.0,0.0,1.0,0.0,,,Transfer roundup: Everton eye Thierno Barry as Brighton sign Kostoulas,https://www.theguardian.com/football/2025/jun/13/transfer-roundup-everton-eye-thierno-barry-as-brighton-sign-kostoulas
2025-06-13,Lazio,Nicolò Rovella,in,The Guardian / Andy Hunter and Agencies,1,1,0.7821,0.6681,0.65,positive,1.0,0.0,0.0,1.0,,,Transfer roundup: Everton eye Thierno Barry as Brighton sign Kostoulas,https://www.theguardian.com/football/2025/jun/13/transfer-roundup-everton-eye-thierno-barry-as-brighton-sign-kostoulas
2025-06-13,Lazio,Nuno Tavares,in,The Guardian / Andy Hunter and Agencies,1,1,0.9168,0.6681,0.65,positive,1.0,0.0,0.0,1.0,,,Transfer roundup: Everton eye Thierno Barry as Brighton sign Kostoulas,https://www.theguardian.com/football/2025/jun/13/transfer-roundup-everton-eye-thierno-barry-as-brighton-sign-kostoulas
2025-06-13,Lazio,Samuel Gigot,in,The Guardian / Andy Hunter and Agencies,1,1,0.3271,0.6681,0.65,positive,1.0,0.0,0.0,1.0,,,Transfer roundup: Everton eye Thierno Barry as Brighton sign Kostoulas,https://www.theguardian.com/football/2025/jun/13/transfer-roundup-everton-eye-thierno-barry-as-brighton-sign-kostoulas
2025-06-12,Lazio,Fisayo Dele-Bashiru,in,The Guardian / Jamie Jackson and Ed Aarons,1,1,0.8564,0.6681,0.65,positive,1.0,0.0,0.0,1.0,,,Transfer roundup: De Bruyne joins Napoli as Manchester City agree deal for Nypan,https://www.theguardian.com/football/2025/jun/12/kevin-de-bruyne-napoli-manchester-city-sverre-nypan-transfer-roundup
2025-06-12,Lazio,Loum Tchaouna,out,The Guardian / Jamie Jackson and Ed Aarons,1,1,0.7302,0.6681,0.65,neutral,1.0,0.0,1.0,0.0,,,Transfer roundup: De Bruyne joins Napoli as Manchester City agree deal for Nypan,https://www.theguardian.com/football/2025/jun/12/kevin-de-bruyne-napoli-manchester-city-sverre-nypan-transfer-roundup
2025-06-12,Lazio,Luca Pellegrini,in,The Guardian / Jamie Jackson and Ed Aarons,1,1,0.4917,0.6681,0.65,neutral,1.0,0.0,1.0,0.0,,,Transfer roundup: De Bruyne joins Napoli as Manchester City agree deal for Nypan,https://www.theguardian.com/football/2025/jun/12/kevin-de-bruyne-napoli-manchester-city-sverre-nypan-transfer-roundup
2025-06-12,Lazio,Nicolò Casale,out,The Guardian / Jamie Jackson and Ed Aarons,1,1,0.6311,0.6681,0.65,neutral,1.0,0.0,1.0,0.0,,,Transfer roundup: De Bruyne joins Napoli as Manchester City agree deal for Nypan,https://www.theguardian.com/football/2025/jun/12/kevin-de-bruyne-napoli-manchester-city-sverre-nypan-transfer-roundup
2025-06-12,Lazio,Nicolò Rovella,in,The Guardian / Jamie Jackson and Ed Aarons,1,1,0.7821,0.6681,0.65,positive,1.0,0.0,0.0,1.0,,,Transfer roundup: De Bruyne joins Napoli as Manchester City agree deal for Nypan,https://www.theguardian.com/football/2025/jun/12/kevin-de-bruyne-napoli-manchester-city-sverre-nypan-transfer-roundup
2025-06-12,Lazio,Nuno Tavares,in,The Guardian / Jamie Jackson and Ed Aarons,1,1,0.9168,0.6681,0.65,positive,1.0,0.0,0.0,1.0,,,Transfer roundup: De Bruyne joins Napoli as Manchester City agree deal for Nypan,https://www.theguardian.com/football/2025/jun/12/kevin-de-bruyne-napoli-manchester-city-sverre-nypan-transfer-roundup
2025-06-12,Lazio,Samuel Gigot,in,The Guardian / Jamie Jackson and Ed Aarons,1,1,0.3271,0.6681,0.65,positive,1.0,0.0,0.0,1.0,,,Transfer roundup: De Bruyne joins Napoli as Manchester City agree deal for Nypan,https://www.theguardian.com/football/2025/jun/12/kevin-de-bruyne-napoli-manchester-city-sverre-nypan-transfer-roundup
2025-06-12,Manchester United,Matheus Cunha,in,The Guardian / Jamie Jackson,1,1,0.5025,0.6681,0.65,neutral,1.0,0.0,1.0,0.0,,,Matheus Cunha seals ‘dream’ £62.5m Manchester United move on deal to 2030,https://www.theguardian.com/football/2025/jun/12/matheus-cunha-signs-manchester-united-dream
2025-06-10,Borussia Dortmund,Jamie Gittens,out,The Guardian / Jacob Steinberg,1,1,0.6265,0.6681,0.65,neutral,1.0,0.0,1.0,0.0,,,Chelsea cool interest in Mike Maignan and fail with £42m bid for Jamie Gittens,https://www.theguardian.com/football/2025/jun/10/chelsea-milan-mike-maignan
2025-06-08,Borussia Dortmund,Jobe Bellingham,in,The Guardian / Louise Taylor,1,1,0.3982,0.6681,0.65,positive,1.0,0.0,0.0,1.0,,,Jobe Bellingham to follow in Jude’s footsteps as Sunderland agree deal with Dortmund,https://www.theguardian.com/football/2025/jun/08/jobe-bellingham-sunderland-borussia-dortmund
2025-06-08,Manchester United,Matheus Cunha,in,The Guardian / Jonathan Liew,1,1,0.5025,0.6681,0.65,neutral,1.0,0.0,1.0,0.0,,,Bruno Fernandes staying means Manchester United face all kinds of trade-offs | Jonathan Liew,https://www.theguardian.com/football/2025/jun/08/bruno-fernandes-staying-manchester-united-trade-offs
2025-06-03,Borussia Dortmund,Daniel Svensson,in,The Guardian / Michael Butler,1,1,0.7924,0.6681,0.65,positive,1.0,0.0,0.0,1.0,,,Football transfer rumours: Dortmund close on Jobe Bellingham signing?,https://www.theguardian.com/football/2025/jun/03/football-transfer-rumours-dortmund-close-on-jobe-bellingham-signing
2025-06-03,Borussia Dortmund,Jobe Bellingham,in,The Guardian / Michael Butler,1,1,0.3982,0.6681,0.65,positive,1.0,0.0,0.0,1.0,,,Football transfer rumours: Dortmund close on Jobe Bellingham signing?,https://www.theguardian.com/football/2025/jun/03/football-transfer-rumours-dortmund-close-on-jobe-bellingham-signing
2025-06-03,Borussia Dortmund,Patrick Drewes,in,The Guardian / Michael Butler,1,1,0.6467,0.6681,0.65,neutral,1.0,0.0,1.0,0.0,,,Football transfer rumours: Dortmund close on Jobe Bellingham signing?,https://www.theguardian.com/football/2025/jun/03/football-transfer-rumours-dortmund-close-on-jobe-bellingham-signing
2025-06-03,Borussia Dortmund,Yan Couto,in,The Guardian / Michael Butler,1,1,0.6033,0.6681,0.65,neutral,1.0,0.0,1.0,0.0,,,Football transfer rumours: Dortmund close on Jobe Bellingham signing?,https://www.theguardian.com/football/2025/jun/03/football-transfer-rumours-dortmund-close-on-jobe-bellingham-signing
2025-06-03,Borussia Dortmund,Youssoufa Moukoko,out,The Guardian / Michael Butler,1,1,0.4637,0.6681,0.65,negative,1.0,1.0,0.0,0.0,,,Football transfer rumours: Dortmund close on Jobe Bellingham signing?,https://www.theguardian.com/football/2025/jun/03/football-transfer-rumours-dortmund-close-on-jobe-bellingham-signing
2025-06-03,Juventus,Hans Nicolussi Caviglia,out,The Guardian / Michael Butler,1,1,0.4406,0.6681,0.65,neutral,1.0,0.0,1.0,0.0,,,Football transfer rumours: Dortmund close on Jobe Bellingham signing?,https://www.theguardian.com/football/2025/jun/03/football-transfer-rumours-dortmund-close-on-jobe-bellingham-signing
2025-06-03,Juventus,Lloyd Kelly,in,The Guardian / Michael Butler,1,1,0.5432,0.6681,0.65,positive,1.0,0.0,0.0,1.0,,,Football transfer rumours: Dortmund close on Jobe Bellingham signing?,https://www.theguardian.com/football/2025/jun/03/football-transfer-rumours-dortmund-close-on-jobe-bellingham-signing
2025-06-03,Juventus,Luca Pellegrini,out,The Guardian / Michael Butler,1,1,0.6825,0.6681,0.65,neutral,1.0,0.0,1.0,0.0,,,Football transfer rumours: Dortmund close on Jobe Bellingham signing?,https://www.theguardian.com/football/2025/jun/03/football-transfer-rumours-dortmund-close-on-jobe-bellingham-signing
2025-06-03,Juventus,Michele Di Gregorio,in,The Guardian / Michael Butler,1,1,0.6298,0.6681,0.65,positive,1.0,0.0,0.0,1.0,,,Football transfer rumours: Dortmund close on Jobe Bellingham signing?,https://www.theguardian.com/football/2025/jun/03/football-transfer-rumours-dortmund-close-on-jobe-bellingham-signing
2025-06-03,Juventus,Nico González,in,The Guardian / Michael Butler,1,1,0.4808,0.6681,0.65,positive,1.0,0.0,0.0,1.0,,,Football transfer rumours: Dortmund close on Jobe Bellingham signing?,https://www.theguardian.com/football/2025/jun/03/football-transfer-rumours-dortmund-close-on-jobe-bellingham-signing
2025-06-03,Juventus,Nicolò Fagioli,out,The Guardian / Michael Butler,1,1,0.5294,0.6681,0.65,neutral,1.0,0.0,1.0,0.0,,,Football transfer rumours: Dortmund close on Jobe Bellingham signing?,https://www.theguardian.com/football/2025/jun/03/football-transfer-rumours-dortmund-close-on-jobe-bellingham-signing
2025-06-03,Juventus,Nicolò Rovella,out,The Guardian / Michael Butler,1,1,0.4813,0.6681,0.65,neutral,1.0,0.0,1.0,0.0,,,Football transfer rumours: Dortmund close on Jobe Bellingham signing?,https://www.theguardian.com/football/2025/jun/03/football-transfer-rumours-dortmund-close-on-jobe-bellingham-signing
2025-06-03,Juventus,Pierre Kalulu,in,The Guardian / Michael Butler,1,1,0.8052,0.6681,0.65,positive,1.0,0.0,0.0,1.0,,,Football transfer rumours: Dortmund close on Jobe Bellingham signing?,https://www.theguardian.com/football/2025/jun/03/football-transfer-rumours-dortmund-close-on-jobe-bellingham-signing
2025-06-03,Lazio,Fisayo Dele-Bashiru,in,The Guardian / Michael Butler,1,1,0.8564,0.6681,0.65,positive,1.0,0.0,0.0,1.0,,,Football transfer rumours: Dortmund close on Jobe Bellingham signing?,https://www.theguardian.com/football/2025/jun/03/football-transfer-rumours-dortmund-close-on-jobe-bellingham-signing
2025-06-03,Lazio,Loum Tchaouna,out,The Guardian / Michael Butler,1,1,0.7302,0.6681,0.65,neutral,1.0,0.0,1.0,0.0,,,Football transfer rumours: Dortmund close on Jobe Bellingham signing?,https://www.theguardian.com/football/2025/jun/03/football-transfer-rumours-dortmund-close-on-jobe-bellingham-signing
2025-06-03,Lazio,Luca Pellegrini,in,The Guardian / Michael Butler,1,1,0.4917,0.6681,0.65,neutral,1.0,0.0,1.0,0.0,,,Football transfer rumours: Dortmund close on Jobe Bellingham signing?,https://www.theguardian.com/football/2025/jun/03/football-transfer-rumours-dortmund-close-on-jobe-bellingham-signing
2025-06-03,Lazio,Nicolò Casale,out,The Guardian / Michael Butler,1,1,0.6311,0.6681,0.65,neutral,1.0,0.0,1.0,0.0,,,Football transfer rumours: Dortmund close on Jobe Bellingham signing?,https://www.theguardian.com/football/2025/jun/03/football-transfer-rumours-dortmund-close-on-jobe-bellingham-signing
2025-06-03,Lazio,Nicolò Rovella,in,The Guardian / Michael Butler,1,1,0.7821,0.6681,0.65,positive,1.0,0.0,0.0,1.0,,,Football transfer rumours: Dortmund close on Jobe Bellingham signing?,https://www.theguardian.com/football/2025/jun/03/football-transfer-rumours-dortmund-close-on-jobe-bellingham-signing
2025-06-03,Lazio,Nuno Tavares,in,The Guardian / Michael Butler,1,1,0.9168,0.6681,0.65,positive,1.0,0.0,0.0,1.0,,,Football transfer rumours: Dortmund close on Jobe Bellingham signing?,https://www.theguardian.com/football/2025/jun/03/football-transfer-rumours-dortmund-close-on-jobe-bellingham-signing
2025-06-03,Lazio,Samuel Gigot,in,The Guardian / Michael Butler,1,1,0.3271,0.6681,0.65,positive,1.0,0.0,0.0,1.0,,,Football transfer rumours: Dortmund close on Jobe Bellingham signing?,https://www.theguardian.com/football/2025/jun/03/football-transfer-rumours-dortmund-close-on-jobe-bellingham-signing
2025-06-01,Juventus,Hans Nicolussi Caviglia,out,The Guardian / Will Unwin,1,1,0.4406,0.9216,0.65,neutral,1.0,0.0,1.0,0.0,,,Manchester United confirm agreement to sign Matheus Cunha from Wolves,https://www.theguardian.com/football/2025/jun/01/manchester-united-matheus-cunha-wolves-agreement
2025-06-01,Juventus,Lloyd Kelly,in,The Guardian / Will Unwin,1,1,0.5432,0.9216,0.65,positive,1.0,0.0,0.0,1.0,,,Manchester United confirm agreement to sign Matheus Cunha from Wolves,https://www.theguardian.com/football/2025/jun/01/manchester-united-matheus-cunha-wolves-agreement
2025-06-01,Juventus,Luca Pellegrini,out,The Guardian / Will Unwin,1,1,0.6825,0.9216,0.65,neutral,1.0,0.0,1.0,0.0,,,Manchester United confirm agreement to sign Matheus Cunha from Wolves,https://www.theguardian.com/football/2025/jun/01/manchester-united-matheus-cunha-wolves-agreement
2025-06-01,Juventus,Nico González,in,The Guardian / Will Unwin,1,1,0.4808,0.9216,0.65,negative,1.0,1.0,0.0,0.0,,,Manchester United confirm agreement to sign Matheus Cunha from Wolves,https://www.theguardian.com/football/2025/jun/01/manchester-united-matheus-cunha-wolves-agreement
2025-06-01,Juventus,Nicolò Fagioli,out,The Guardian / Will Unwin,1,1,0.5294,0.9216,0.65,neutral,1.0,0.0,1.0,0.0,,,Manchester United confirm agreement to sign Matheus Cunha from Wolves,https://www.theguardian.com/football/2025/jun/01/manchester-united-matheus-cunha-wolves-agreement
2025-06-01,Juventus,Nicolò Rovella,out,The Guardian / Will Unwin,1,1,0.4813,0.9216,0.65,neutral,1.0,0.0,1.0,0.0,,,Manchester United confirm agreement to sign Matheus Cunha from Wolves,https://www.theguardian.com/football/2025/jun/01/manchester-united-matheus-cunha-wolves-agreement
2025-06-01,Juventus,Pierre Kalulu,in,The Guardian / Will Unwin,1,1,0.8052,0.9216,0.65,positive,1.0,0.0,0.0,1.0,,,Manchester United confirm agreement to sign Matheus Cunha from Wolves,https://www.theguardian.com/football/2025/jun/01/manchester-united-matheus-cunha-wolves-agreement
2025-06-01,Lazio,Fisayo Dele-Bashiru,in,The Guardian / Will Unwin,1,1,0.8564,0.9216,0.65,positive,1.0,0.0,0.0,1.0,,,Manchester United confirm agreement to sign Matheus Cunha from Wolves,https://www.theguardian.com/football/2025/jun/01/manchester-united-matheus-cunha-wolves-agreement
2025-06-01,Lazio,Luca Pellegrini,in,The Guardian / Will Unwin,1,1,0.4917,0.9216,0.65,neutral,1.0,0.0,1.0,0.0,,,Manchester United confirm agreement to sign Matheus Cunha from Wolves,https://www.theguardian.com/football/2025/jun/01/manchester-united-matheus-cunha-wolves-agreement
2025-06-01,Lazio,Nicolò Casale,out,The Guardian / Will Unwin,1,1,0.6311,0.9216,0.65,neutral,1.0,0.0,1.0,0.0,,,Manchester United confirm agreement to sign Matheus Cunha from Wolves,https://www.theguardian.com/football/2025/jun/01/manchester-united-matheus-cunha-wolves-agreement
2025-06-01,Lazio,Nicolò Rovella,in,The Guardian / Will Unwin,1,1,0.7821,0.9216,0.65,positive,1.0,0.0,0.0,1.0,,,Manchester United confirm agreement to sign Matheus Cunha from Wolves,https://www.theguardian.com/football/2025/jun/01/manchester-united-matheus-cunha-wolves-agreement
2025-06-01,Lazio,Nuno Tavares,in,The Guardian / Will Unwin,1,1,0.9168,0.9216,0.65,positive,1.0,0.0,0.0,1.0,,,Manchester United confirm agreement to sign Matheus Cunha from Wolves,https://www.theguardian.com/football/2025/jun/01/manchester-united-matheus-cunha-wolves-agreement
2025-06-01,Lazio,Samuel Gigot,in,The Guardian / Will Unwin,1,1,0.3271,0.9216,0.65,neutral,1.0,0.0,1.0,0.0,,,Manchester United confirm agreement to sign Matheus Cunha from Wolves,https://www.theguardian.com/football/2025/jun/01/manchester-united-matheus-cunha-wolves-agreement
2025-06-01,Manchester United,Matheus Cunha,in,The Guardian / Will Unwin,1,1,0.5025,0.9216,0.65,neutral,1.0,0.0,1.0,0.0,,,Manchester United confirm agreement to sign Matheus Cunha from Wolves,https://www.theguardian.com/football/2025/jun/01/manchester-united-matheus-cunha-wolves-agreement
2025-05-28,Borussia Dortmund,Jobe Bellingham,in,The Guardian / Ed Aarons,1,1,0.3982,0.6681,0.65,positive,1.0,0.0,0.0,1.0,,,Sunderland keen to keep Bellingham and consider Henderson approach,https://www.theguardian.com/football/2025/may/28/sunderland-jobe-bellingham-consider-jordan-henderson-approach
2025-05-15,Borussia Dortmund,Jobe Bellingham,in,The Guardian / Will Unwin and Andy Hunter,1,1,0.3982,0.6681,0.65,positive,1.0,0.0,0.0,1.0,,,Liverpool poised to trigger Jeremie Frimpong’s €35m Leverkusen release clause,https://www.theguardian.com/football/2025/may/15/liverpool-negotiating-jeremie-frimpong-transfer-with-bayer-leverkusen
2025-03-25,Juventus,Ênio,out,The Guardian / Jacob Steinberg,1,1,0.4825,0.6681,0.65,neutral,1.0,0.0,1.0,0.0,,,Real Madrid close to deal to sign Trent Alexander-Arnold on a free transfer,https://www.theguardian.com/football/2025/mar/25/real-madrid-close-to-signing-trent-alexander-arnold-on-a-free-transfer
2025-03-17,Juventus,Ênio,out,The Guardian,1,1,0.4825,0.8416,0.65,neutral,1.0,0.0,1.0,0.0,,,Barriers to developing new medical devices | Letters,https://www.theguardian.com/science/2025/mar/17/barriers-to-developing-new-medical-devices
2025-03-08,Juventus,Ênio,out,"The Guardian / Coral Murphy Marcos, Chris Stein, Erum Salam  and Tom Ambrose (earlier)",1,1,0.4825,0.6681,0.65,neutral,1.0,0.0,1.0,0.0,,,Trump to sign order barring student loan forgiveness for public servants engaged in ‘improper activities’ – as it happened,https://www.theguardian.com/us-news/live/2025/mar/07/donald-trump-tariffs-china-canada-mexico-us-politics-live-news
2025-03-04,Juventus,Ênio,out,The Guardian / Kelly Burke Arts reporter,1,1,0.4825,0.8416,0.65,neutral,1.0,0.0,1.0,0.0,,,‘Sign our own death warrant’: Australian writers angry after Melbourne publisher asks them to sign AI agreements,https://www.theguardian.com/books/2025/mar/05/black-inc-melbourne-publisher-ai-agreements-writers-anger
2025-03-02,Juventus,Ênio,out,The Guardian / Tom Garry,1,1,0.4825,0.7081,0.65,neutral,1.0,0.0,1.0,0.0,,,Geyse ‘lonely’ at Manchester United as Gotham FC enter loan talks,https://www.theguardian.com/football/2025/mar/02/geyse-describes-lonely-feeling-amid-manchester-united-loan-allegations
