rank,date,original_transfer_date,date_note,season,club,player,direction,transfer_type,transfer_quality,rumor_count,max_rumor_strength,observed_car_m1_p1,observed_label,heuristic_predicted_car,heuristic_label,confidence,interpretation
1,2023-01-01,2023-01-01,proxy window date; not exact announcement date,2022-23,Juventus FC,Samuel Iling Junior,in,permanent,0.65,0,,0.11521,positive,0.009,neutral,0.575,Observed positive abnormal return; heuristic says neutral; 0 matched rumor/news rows.
2,2023-01-01,2023-01-01,proxy window date; not exact announcement date,2022-23,Juventus FC,Luca Pellegrini,out,loan,0.67,0,,0.11521,positive,0.0066,neutral,0.575,Observed positive abnormal return; heuristic says neutral; 0 matched rumor/news rows.
3,2023-01-01,2023-01-01,proxy window date; not exact announcement date,2022-23,Juventus FC,Marley Aké,out,loan,0.67,0,,0.11521,positive,0.0066,neutral,0.575,Observed positive abnormal return; heuristic says neutral; 0 matched rumor/news rows.
4,2023-01-01,2023-01-01,proxy window date; not exact announcement date,2022-23,Juventus FC,Weston McKennie,out,loan,0.67,0,,0.11521,positive,0.0066,neutral,0.575,Observed positive abnormal return; heuristic says neutral; 0 matched rumor/news rows.
5,2022-01-01,2022-01-01,proxy window date; not exact announcement date,2021-22,Juventus FC,Denis Zakaria,in,permanent,0.75,0,,0.101436,positive,0.015,neutral,0.575,Observed positive abnormal return; heuristic says neutral; 0 matched rumor/news rows.
6,2022-01-01,2022-01-01,proxy window date; not exact announcement date,2021-22,Juventus FC,Federico Gatti,in,permanent,0.75,0,,0.101436,positive,0.015,neutral,0.575,Observed positive abnormal return; heuristic says neutral; 0 matched rumor/news rows.
7,2022-01-01,2022-01-01,proxy window date; not exact announcement date,2021-22,Juventus FC,Dušan Vlahović,in,permanent,0.725,0,,0.101436,positive,0.0135,neutral,0.575,Observed positive abnormal return; heuristic says neutral; 0 matched rumor/news rows.
8,2022-01-01,2022-01-01,proxy window date; not exact announcement date,2021-22,Juventus FC,Marley Aké,in,permanent,0.7,0,,0.101436,positive,0.012,neutral,0.575,Observed positive abnormal return; heuristic says neutral; 0 matched rumor/news rows.
9,2022-01-01,2022-01-01,proxy window date; not exact announcement date,2021-22,Juventus FC,Aaron Ramsey,out,loan,0.77,0,,0.101436,positive,0.0105,neutral,0.575,Observed positive abnormal return; heuristic says neutral; 0 matched rumor/news rows.
10,2022-01-01,2022-01-01,proxy window date; not exact announcement date,2021-22,Juventus FC,Dejan Kulusevski,out,loan,0.67,0,,0.101436,positive,0.0066,neutral,0.575,Observed positive abnormal return; heuristic says neutral; 0 matched rumor/news rows.
11,2022-01-01,2022-01-01,proxy window date; not exact announcement date,2021-22,Juventus FC,Federico Gatti,out,loan,0.67,0,,0.101436,positive,0.0066,neutral,0.575,Observed positive abnormal return; heuristic says neutral; 0 matched rumor/news rows.
12,2022-01-01,2022-01-01,proxy window date; not exact announcement date,2021-22,Juventus FC,Mohamed Ihattaren,out,loan,0.67,0,,0.101436,positive,0.0066,neutral,0.575,Observed positive abnormal return; heuristic says neutral; 0 matched rumor/news rows.
13,2022-01-01,2022-01-01,proxy window date; not exact announcement date,2021-22,Juventus FC,Radu Dragusin,out,loan,0.67,0,,0.101436,positive,0.0066,neutral,0.575,Observed positive abnormal return; heuristic says neutral; 0 matched rumor/news rows.
14,2022-01-01,2022-01-01,proxy window date; not exact announcement date,2021-22,Juventus FC,Rodrigo Bentancur,out,permanent,0.67,0,,0.101436,positive,0.0066,neutral,0.575,Observed positive abnormal return; heuristic says neutral; 0 matched rumor/news rows.
15,2022-01-01,2022-01-01,proxy window date; not exact announcement date,2021-22,Manchester United,Amad Diallo,out,loan,0.67,0,,0.029213,positive,0.0066,neutral,0.575,Observed positive abnormal return; heuristic says neutral; 0 matched rumor/news rows.
16,2022-01-01,2022-01-01,proxy window date; not exact announcement date,2021-22,Manchester United,Anthony Martial,out,loan,0.67,0,,0.029213,positive,0.0066,neutral,0.575,Observed positive abnormal return; heuristic says neutral; 0 matched rumor/news rows.
17,2022-01-01,2022-01-01,proxy window date; not exact announcement date,2021-22,Manchester United,Axel Tuanzebe,out,loan,0.67,0,,0.029213,positive,0.0066,neutral,0.575,Observed positive abnormal return; heuristic says neutral; 0 matched rumor/news rows.
18,2022-01-01,2022-01-01,proxy window date; not exact announcement date,2021-22,Manchester United,Donny van de Beek,out,loan,0.67,0,,0.029213,positive,0.0066,neutral,0.575,Observed positive abnormal return; heuristic says neutral; 0 matched rumor/news rows.
19,2022-01-01,2022-01-01,proxy window date; not exact announcement date,2021-22,Manchester United,Teden Mengi,out,loan,0.67,0,,0.029213,positive,0.0066,neutral,0.575,Observed positive abnormal return; heuristic says neutral; 0 matched rumor/news rows.
20,2022-07-01,2022-07-01,proxy window date; not exact announcement date,2022-23,Borussia Dortmund,Salih Özcan,in,permanent,0.775,0,,0.029094,positive,0.0165,neutral,0.575,Observed positive abnormal return; heuristic says neutral; 0 matched rumor/news rows.
21,2022-07-01,2022-07-01,proxy window date; not exact announcement date,2022-23,Borussia Dortmund,Nico Schlotterbeck,in,permanent,0.725,0,,0.029094,positive,0.0135,neutral,0.575,Observed positive abnormal return; heuristic says neutral; 0 matched rumor/news rows.
22,2022-07-01,2022-07-01,proxy window date; not exact announcement date,2022-23,Borussia Dortmund,Niklas Süle,in,permanent,0.725,0,,0.029094,positive,0.0135,neutral,0.575,Observed positive abnormal return; heuristic says neutral; 0 matched rumor/news rows.
23,2022-07-01,2022-07-01,proxy window date; not exact announcement date,2022-23,Borussia Dortmund,Marcel Lotka,in,permanent,0.7,0,,0.029094,positive,0.012,neutral,0.575,Observed positive abnormal return; heuristic says neutral; 0 matched rumor/news rows.
24,2022-07-01,2022-07-01,proxy window date; not exact announcement date,2022-23,Borussia Dortmund,Axel Witsel,out,permanent,0.775,0,,0.029094,positive,0.0107,neutral,0.575,Observed positive abnormal return; heuristic says neutral; 0 matched rumor/news rows.
25,2022-07-01,2022-07-01,proxy window date; not exact announcement date,2022-23,Borussia Dortmund,Marcel Schmelzer,out,permanent,0.775,0,,0.029094,positive,0.0107,neutral,0.575,Observed positive abnormal return; heuristic says neutral; 0 matched rumor/news rows.
26,2022-07-01,2022-07-01,proxy window date; not exact announcement date,2022-23,Borussia Dortmund,Marwin Hitz,out,permanent,0.775,0,,0.029094,positive,0.0107,neutral,0.575,Observed positive abnormal return; heuristic says neutral; 0 matched rumor/news rows.
27,2022-07-01,2022-07-01,proxy window date; not exact announcement date,2022-23,Borussia Dortmund,Karim Adeyemi,in,permanent,0.675,0,,0.029094,positive,0.0105,neutral,0.575,Observed positive abnormal return; heuristic says neutral; 0 matched rumor/news rows.
28,2022-07-01,2022-07-01,proxy window date; not exact announcement date,2022-23,Borussia Dortmund,Roman Bürki,out,permanent,0.77,0,,0.029094,positive,0.0105,neutral,0.575,Observed positive abnormal return; heuristic says neutral; 0 matched rumor/news rows.
29,2022-07-01,2022-07-01,proxy window date; not exact announcement date,2022-23,Borussia Dortmund,Sébastien Haller,in,permanent,0.675,0,,0.029094,positive,0.0105,neutral,0.575,Observed positive abnormal return; heuristic says neutral; 0 matched rumor/news rows.
30,2022-07-01,2022-07-01,proxy window date; not exact announcement date,2022-23,Borussia Dortmund,Dan-Axel Zagadou,out,permanent,0.67,0,,0.029094,positive,0.0066,neutral,0.575,Observed positive abnormal return; heuristic says neutral; 0 matched rumor/news rows.
31,2022-07-01,2022-07-01,proxy window date; not exact announcement date,2022-23,Borussia Dortmund,Erling Haaland,out,permanent,0.67,0,,0.029094,positive,0.0066,neutral,0.575,Observed positive abnormal return; heuristic says neutral; 0 matched rumor/news rows.
32,2022-07-01,2022-07-01,proxy window date; not exact announcement date,2022-23,Borussia Dortmund,Manuel Akanji,out,permanent,0.67,0,,0.029094,positive,0.0066,neutral,0.575,Observed positive abnormal return; heuristic says neutral; 0 matched rumor/news rows.
33,2022-07-01,2022-07-01,proxy window date; not exact announcement date,2022-23,Borussia Dortmund,Marin Pongracic,out,loan,0.67,0,,0.029094,positive,0.0066,neutral,0.575,Observed positive abnormal return; heuristic says neutral; 0 matched rumor/news rows.
34,2022-07-01,2022-07-01,proxy window date; not exact announcement date,2022-23,Borussia Dortmund,Reinier,out,loan,0.67,0,,0.029094,positive,0.0066,neutral,0.575,Observed positive abnormal return; heuristic says neutral; 0 matched rumor/news rows.
35,2022-07-01,2022-07-01,proxy window date; not exact announcement date,2022-23,Borussia Dortmund,Steffen Tigges,out,permanent,0.67,0,,0.029094,positive,0.0066,neutral,0.575,Observed positive abnormal return; heuristic says neutral; 0 matched rumor/news rows.
36,2022-07-01,2022-07-01,proxy window date; not exact announcement date,2022-23,Borussia Dortmund,Alexander Meyer,in,permanent,0.6,0,,0.029094,positive,0.006,neutral,0.575,Observed positive abnormal return; heuristic says neutral; 0 matched rumor/news rows.
37,2022-07-01,2022-07-01,proxy window date; not exact announcement date,2022-23,Borussia Dortmund,Jamie Bynoe-Gittens,in,permanent,0.6,0,,0.029094,positive,0.006,neutral,0.575,Observed positive abnormal return; heuristic says neutral; 0 matched rumor/news rows.
38,2022-07-01,2022-07-01,proxy window date; not exact announcement date,2022-23,Borussia Dortmund,Tom Rothe,in,permanent,0.6,0,,0.029094,positive,0.006,neutral,0.575,Observed positive abnormal return; heuristic says neutral; 0 matched rumor/news rows.
39,2022-07-01,2022-07-01,proxy window date; not exact announcement date,2022-23,Borussia Dortmund,Anthony Modeste,in,permanent,0.525,0,,0.029094,positive,0.0015,neutral,0.575,Observed positive abnormal return; heuristic says neutral; 0 matched rumor/news rows.
40,2021-07-01,2021-07-01,proxy window date; not exact announcement date,2021-22,SS Lazio,Toma Basic,in,permanent,0.775,0,,-0.026216,negative,0.0165,neutral,0.575,Observed negative abnormal return; heuristic says neutral; 0 matched rumor/news rows.
41,2021-07-01,2021-07-01,proxy window date; not exact announcement date,2021-22,SS Lazio,Mattia Zaccagni,in,loan,0.725,0,,-0.026216,negative,0.0135,neutral,0.575,Observed negative abnormal return; heuristic says neutral; 0 matched rumor/news rows.
42,2021-07-01,2021-07-01,proxy window date; not exact announcement date,2021-22,SS Lazio,Elseid Hysaj,in,permanent,0.7,0,,-0.026216,negative,0.012,neutral,0.575,Observed negative abnormal return; heuristic says neutral; 0 matched rumor/news rows.
43,2021-07-01,2021-07-01,proxy window date; not exact announcement date,2021-22,SS Lazio,Felipe Caicedo,out,permanent,0.775,0,,-0.026216,negative,0.0107,neutral,0.575,Observed negative abnormal return; heuristic says neutral; 0 matched rumor/news rows.
44,2021-07-01,2021-07-01,proxy window date; not exact announcement date,2021-22,SS Lazio,Marco Parolo,out,permanent,0.775,0,,-0.026216,negative,0.0107,neutral,0.575,Observed negative abnormal return; heuristic says neutral; 0 matched rumor/news rows.
45,2021-07-01,2021-07-01,proxy window date; not exact announcement date,2021-22,SS Lazio,Senad Lulic,out,permanent,0.775,0,,-0.026216,negative,0.0107,neutral,0.575,Observed negative abnormal return; heuristic says neutral; 0 matched rumor/news rows.
46,2021-07-01,2021-07-01,proxy window date; not exact announcement date,2021-22,SS Lazio,Dimitrije Kamenovic,in,permanent,0.675,0,,-0.026216,negative,0.0105,neutral,0.575,Observed negative abnormal return; heuristic says neutral; 0 matched rumor/news rows.
47,2021-07-01,2021-07-01,proxy window date; not exact announcement date,2021-22,SS Lazio,Felipe Anderson,in,permanent,0.675,0,,-0.026216,negative,0.0105,neutral,0.575,Observed negative abnormal return; heuristic says neutral; 0 matched rumor/news rows.
48,2021-07-01,2021-07-01,proxy window date; not exact announcement date,2021-22,SS Lazio,Mateo Musacchio,out,permanent,0.745,0,,-0.026216,negative,0.0096,neutral,0.575,Observed negative abnormal return; heuristic says neutral; 0 matched rumor/news rows.
49,2021-07-01,2021-07-01,proxy window date; not exact announcement date,2021-22,SS Lazio,Raúl Moro,in,permanent,0.625,0,,-0.026216,negative,0.0075,neutral,0.575,Observed negative abnormal return; heuristic says neutral; 0 matched rumor/news rows.
50,2021-07-01,2021-07-01,proxy window date; not exact announcement date,2021-22,SS Lazio,Abukar Mohamed,out,permanent,0.67,0,,-0.026216,negative,0.0066,neutral,0.575,Observed negative abnormal return; heuristic says neutral; 0 matched rumor/news rows.
51,2021-07-01,2021-07-01,proxy window date; not exact announcement date,2021-22,SS Lazio,Andreas Pereira,out,loan,0.67,0,,-0.026216,negative,0.0066,neutral,0.575,Observed negative abnormal return; heuristic says neutral; 0 matched rumor/news rows.
52,2021-07-01,2021-07-01,proxy window date; not exact announcement date,2021-22,SS Lazio,Biagio Morrone,out,loan,0.67,0,,-0.026216,negative,0.0066,neutral,0.575,Observed negative abnormal return; heuristic says neutral; 0 matched rumor/news rows.
53,2021-07-01,2021-07-01,proxy window date; not exact announcement date,2021-22,SS Lazio,Cedric Gondo,out,permanent,0.67,0,,-0.026216,negative,0.0066,neutral,0.575,Observed negative abnormal return; heuristic says neutral; 0 matched rumor/news rows.
54,2021-07-01,2021-07-01,proxy window date; not exact announcement date,2021-22,SS Lazio,Djavan Anderson,out,loan,0.67,0,,-0.026216,negative,0.0066,neutral,0.575,Observed negative abnormal return; heuristic says neutral; 0 matched rumor/news rows.
55,2021-07-01,2021-07-01,proxy window date; not exact announcement date,2021-22,SS Lazio,Emanuele Cicerelli,out,loan,0.67,0,,-0.026216,negative,0.0066,neutral,0.575,Observed negative abnormal return; heuristic says neutral; 0 matched rumor/news rows.
56,2021-07-01,2021-07-01,proxy window date; not exact announcement date,2021-22,SS Lazio,Fabio Maistro,out,loan,0.67,0,,-0.026216,negative,0.0066,neutral,0.575,Observed negative abnormal return; heuristic says neutral; 0 matched rumor/news rows.
57,2021-07-01,2021-07-01,proxy window date; not exact announcement date,2021-22,SS Lazio,Joaquín Correa,out,loan,0.67,0,,-0.026216,negative,0.0066,neutral,0.575,Observed negative abnormal return; heuristic says neutral; 0 matched rumor/news rows.
58,2021-07-01,2021-07-01,proxy window date; not exact announcement date,2021-22,SS Lazio,Joseph Marie Minala,out,permanent,0.67,0,,-0.026216,negative,0.0066,neutral,0.575,Observed negative abnormal return; heuristic says neutral; 0 matched rumor/news rows.
59,2021-07-01,2021-07-01,proxy window date; not exact announcement date,2021-22,SS Lazio,Marco Alia,out,loan,0.67,0,,-0.026216,negative,0.0066,neutral,0.575,Observed negative abnormal return; heuristic says neutral; 0 matched rumor/news rows.
60,2021-07-01,2021-07-01,proxy window date; not exact announcement date,2021-22,SS Lazio,Mohamed Fares,out,loan,0.67,0,,-0.026216,negative,0.0066,neutral,0.575,Observed negative abnormal return; heuristic says neutral; 0 matched rumor/news rows.
61,2021-07-01,2021-07-01,proxy window date; not exact announcement date,2021-22,SS Lazio,Nicolò Armini,out,loan,0.67,0,,-0.026216,negative,0.0066,neutral,0.575,Observed negative abnormal return; heuristic says neutral; 0 matched rumor/news rows.
62,2021-07-01,2021-07-01,proxy window date; not exact announcement date,2021-22,SS Lazio,Nikolaos Baxevanos,out,permanent,0.67,0,,-0.026216,negative,0.0066,neutral,0.575,Observed negative abnormal return; heuristic says neutral; 0 matched rumor/news rows.
63,2021-07-01,2021-07-01,proxy window date; not exact announcement date,2021-22,SS Lazio,Sergio Kalaj,out,permanent,0.67,0,,-0.026216,negative,0.0066,neutral,0.575,Observed negative abnormal return; heuristic says neutral; 0 matched rumor/news rows.
64,2021-07-01,2021-07-01,proxy window date; not exact announcement date,2021-22,SS Lazio,Simone Palombi,out,permanent,0.67,0,,-0.026216,negative,0.0066,neutral,0.575,Observed negative abnormal return; heuristic says neutral; 0 matched rumor/news rows.
65,2021-07-01,2021-07-01,proxy window date; not exact announcement date,2021-22,SS Lazio,Sofian Kiyine,out,loan,0.67,0,,-0.026216,negative,0.0066,neutral,0.575,Observed negative abnormal return; heuristic says neutral; 0 matched rumor/news rows.
66,2021-07-01,2021-07-01,proxy window date; not exact announcement date,2021-22,SS Lazio,Tiago Casasola,out,loan,0.67,0,,-0.026216,negative,0.0066,neutral,0.575,Observed negative abnormal return; heuristic says neutral; 0 matched rumor/news rows.
67,2021-07-01,2021-07-01,proxy window date; not exact announcement date,2021-22,SS Lazio,Wesley Hoedt,out,loan,0.67,0,,-0.026216,negative,0.0066,neutral,0.575,Observed negative abnormal return; heuristic says neutral; 0 matched rumor/news rows.
68,2021-07-01,2021-07-01,proxy window date; not exact announcement date,2021-22,SS Lazio,Luka Romero,in,permanent,0.575,0,,-0.026216,negative,0.0045,neutral,0.575,Observed negative abnormal return; heuristic says neutral; 0 matched rumor/news rows.
69,2021-07-01,2021-07-01,proxy window date; not exact announcement date,2021-22,SS Lazio,Pedro,in,permanent,0.525,0,,-0.026216,negative,0.0015,neutral,0.575,Observed negative abnormal return; heuristic says neutral; 0 matched rumor/news rows.
70,2024-01-12,2024-01-12,exact or source-provided date,2023-24,Manchester United,Jadon Sancho,out,loan,0.3995,0,,0.021853,positive,-0.0039,neutral,0.575,Observed positive abnormal return; heuristic says neutral; 0 matched rumor/news rows.
71,2022-07-20,2022-07-20,exact or source-provided date,2022-23,Juventus,Matthijs de Ligt,out,permanent,0.6044,0,,-0.018332,neutral,0.0041,neutral,0.575,Observed neutral abnormal return; heuristic says neutral; 0 matched rumor/news rows.
72,2022-07-01,2022-07-01,proxy window date; not exact announcement date,2022-23,Manchester United,Axel Tuanzebe,in,loan,0.775,0,,-0.018086,neutral,0.0165,neutral,0.575,Observed neutral abnormal return; heuristic says neutral; 0 matched rumor/news rows.
73,2022-07-01,2022-07-01,proxy window date; not exact announcement date,2022-23,Manchester United,Lisandro Martínez,in,permanent,0.775,0,,-0.018086,neutral,0.0165,neutral,0.575,Observed neutral abnormal return; heuristic says neutral; 0 matched rumor/news rows.
74,2022-07-01,2022-07-01,proxy window date; not exact announcement date,2022-23,Manchester United,Andreas Pereira,in,loan,0.725,0,,-0.018086,neutral,0.0135,neutral,0.575,Observed neutral abnormal return; heuristic says neutral; 0 matched rumor/news rows.
75,2022-07-01,2022-07-01,proxy window date; not exact announcement date,2022-23,Manchester United,Anthony Martial,in,loan,0.725,0,,-0.018086,neutral,0.0135,neutral,0.575,Observed neutral abnormal return; heuristic says neutral; 0 matched rumor/news rows.
76,2022-07-01,2022-07-01,proxy window date; not exact announcement date,2022-23,Manchester United,Antony,in,permanent,0.725,0,,-0.018086,neutral,0.0135,neutral,0.575,Observed neutral abnormal return; heuristic says neutral; 0 matched rumor/news rows.
77,2022-07-01,2022-07-01,proxy window date; not exact announcement date,2022-23,Manchester United,Dean Henderson,in,loan,0.725,0,,-0.018086,neutral,0.0135,neutral,0.575,Observed neutral abnormal return; heuristic says neutral; 0 matched rumor/news rows.
78,2022-07-01,2022-07-01,proxy window date; not exact announcement date,2022-23,Manchester United,Tyrell Malacia,in,permanent,0.725,0,,-0.018086,neutral,0.0135,neutral,0.575,Observed neutral abnormal return; heuristic says neutral; 0 matched rumor/news rows.
79,2022-07-01,2022-07-01,proxy window date; not exact announcement date,2022-23,Manchester United,Edinson Cavani,out,permanent,0.775,0,,-0.018086,neutral,0.0107,neutral,0.575,Observed neutral abnormal return; heuristic says neutral; 0 matched rumor/news rows.
80,2022-07-01,2022-07-01,proxy window date; not exact announcement date,2022-23,Manchester United,Juan Mata,out,permanent,0.775,0,,-0.018086,neutral,0.0107,neutral,0.575,Observed neutral abnormal return; heuristic says neutral; 0 matched rumor/news rows.
81,2022-07-01,2022-07-01,proxy window date; not exact announcement date,2022-23,Manchester United,Lee Grant,out,permanent,0.775,0,,-0.018086,neutral,0.0107,neutral,0.575,Observed neutral abnormal return; heuristic says neutral; 0 matched rumor/news rows.
82,2022-07-01,2022-07-01,proxy window date; not exact announcement date,2022-23,Manchester United,Nemanja Matić,out,permanent,0.775,0,,-0.018086,neutral,0.0107,neutral,0.575,Observed neutral abnormal return; heuristic says neutral; 0 matched rumor/news rows.
83,2022-07-01,2022-07-01,proxy window date; not exact announcement date,2022-23,Manchester United,Amad Diallo,in,loan,0.675,0,,-0.018086,neutral,0.0105,neutral,0.575,Observed neutral abnormal return; heuristic says neutral; 0 matched rumor/news rows.
84,2022-07-01,2022-07-01,proxy window date; not exact announcement date,2022-23,Manchester United,Facundo Pellistri,in,loan,0.675,0,,-0.018086,neutral,0.0105,neutral,0.575,Observed neutral abnormal return; heuristic says neutral; 0 matched rumor/news rows.
85,2022-07-01,2022-07-01,proxy window date; not exact announcement date,2022-23,Manchester United,Hannibal Mejbri,in,loan,0.675,0,,-0.018086,neutral,0.0105,neutral,0.575,Observed neutral abnormal return; heuristic says neutral; 0 matched rumor/news rows.
86,2022-07-01,2022-07-01,proxy window date; not exact announcement date,2022-23,Manchester United,Álvaro Fernandez,in,loan,0.675,0,,-0.018086,neutral,0.0105,neutral,0.575,Observed neutral abnormal return; heuristic says neutral; 0 matched rumor/news rows.
87,2022-07-01,2022-07-01,proxy window date; not exact announcement date,2022-23,Manchester United,Hannibal Mejbri,in,permanent,0.65,0,,-0.018086,neutral,0.009,neutral,0.575,Observed neutral abnormal return; heuristic says neutral; 0 matched rumor/news rows.
88,2022-07-01,2022-07-01,proxy window date; not exact announcement date,2022-23,Manchester United,Álvaro Fernandez,in,permanent,0.65,0,,-0.018086,neutral,0.009,neutral,0.575,Observed neutral abnormal return; heuristic says neutral; 0 matched rumor/news rows.
89,2022-07-01,2022-07-01,proxy window date; not exact announcement date,2022-23,Manchester United,Alex Telles,out,loan,0.72,0,,-0.018086,neutral,0.0086,neutral,0.575,Observed neutral abnormal return; heuristic says neutral; 0 matched rumor/news rows.
90,2022-07-01,2022-07-01,proxy window date; not exact announcement date,2022-23,Manchester United,Jesse Lingard,out,permanent,0.72,0,,-0.018086,neutral,0.0086,neutral,0.575,Observed neutral abnormal return; heuristic says neutral; 0 matched rumor/news rows.
91,2022-07-01,2022-07-01,proxy window date; not exact announcement date,2022-23,Manchester United,Paul Pogba,out,permanent,0.72,0,,-0.018086,neutral,0.0086,neutral,0.575,Observed neutral abnormal return; heuristic says neutral; 0 matched rumor/news rows.
92,2022-07-01,2022-07-01,proxy window date; not exact announcement date,2022-23,Manchester United,Eric Bailly,out,loan,0.695,0,,-0.018086,neutral,0.0076,neutral,0.575,Observed neutral abnormal return; heuristic says neutral; 0 matched rumor/news rows.
93,2022-07-01,2022-07-01,proxy window date; not exact announcement date,2022-23,Manchester United,Alejandro Garnacho,in,permanent,0.625,0,,-0.018086,neutral,0.0075,neutral,0.575,Observed neutral abnormal return; heuristic says neutral; 0 matched rumor/news rows.
94,2022-07-01,2022-07-01,proxy window date; not exact announcement date,2022-23,Manchester United,Casemiro,in,permanent,0.625,0,,-0.018086,neutral,0.0075,neutral,0.575,Observed neutral abnormal return; heuristic says neutral; 0 matched rumor/news rows.
95,2022-07-01,2022-07-01,proxy window date; not exact announcement date,2022-23,Manchester United,Christian Eriksen,in,permanent,0.625,0,,-0.018086,neutral,0.0075,neutral,0.575,Observed neutral abnormal return; heuristic says neutral; 0 matched rumor/news rows.
96,2022-07-01,2022-07-01,proxy window date; not exact announcement date,2022-23,Manchester United,Amad Diallo,out,loan,0.67,0,,-0.018086,neutral,0.0066,neutral,0.575,Observed neutral abnormal return; heuristic says neutral; 0 matched rumor/news rows.
97,2022-07-01,2022-07-01,proxy window date; not exact announcement date,2022-23,Manchester United,Andreas Pereira,out,permanent,0.67,0,,-0.018086,neutral,0.0066,neutral,0.575,Observed neutral abnormal return; heuristic says neutral; 0 matched rumor/news rows.
98,2022-07-01,2022-07-01,proxy window date; not exact announcement date,2022-23,Manchester United,Dean Henderson,out,loan,0.67,0,,-0.018086,neutral,0.0066,neutral,0.575,Observed neutral abnormal return; heuristic says neutral; 0 matched rumor/news rows.
99,2022-07-01,2022-07-01,proxy window date; not exact announcement date,2022-23,Manchester United,Hannibal Mejbri,out,loan,0.67,0,,-0.018086,neutral,0.0066,neutral,0.575,Observed neutral abnormal return; heuristic says neutral; 0 matched rumor/news rows.
100,2022-07-01,2022-07-01,proxy window date; not exact announcement date,2022-23,Manchester United,Tahith Chong,out,permanent,0.67,0,,-0.018086,neutral,0.0066,neutral,0.575,Observed neutral abnormal return; heuristic says neutral; 0 matched rumor/news rows.
101,2022-07-01,2022-07-01,proxy window date; not exact announcement date,2022-23,Manchester United,Álvaro Fernandez,out,loan,0.67,0,,-0.018086,neutral,0.0066,neutral,0.575,Observed neutral abnormal return; heuristic says neutral; 0 matched rumor/news rows.
102,2022-07-01,2022-07-01,proxy window date; not exact announcement date,2022-23,Manchester United,Martin Dúbravka,in,loan,0.55,0,,-0.018086,neutral,0.003,neutral,0.575,Observed neutral abnormal return; heuristic says neutral; 0 matched rumor/news rows.
103,2022-07-01,2022-07-01,proxy window date; not exact announcement date,2022-23,Juventus FC,Federico Chiesa,in,permanent,0.775,0,,0.014399,neutral,0.0165,neutral,0.575,Observed neutral abnormal return; heuristic says neutral; 0 matched rumor/news rows.
104,2022-07-01,2022-07-01,proxy window date; not exact announcement date,2022-23,Juventus FC,Bremer,in,permanent,0.75,0,,0.014399,neutral,0.015,neutral,0.575,Observed neutral abnormal return; heuristic says neutral; 0 matched rumor/news rows.
105,2022-07-01,2022-07-01,proxy window date; not exact announcement date,2022-23,Juventus FC,Andrea Cambiaso,in,permanent,0.725,0,,0.014399,neutral,0.0135,neutral,0.575,Observed neutral abnormal return; heuristic says neutral; 0 matched rumor/news rows.
106,2022-07-01,2022-07-01,proxy window date; not exact announcement date,2022-23,Juventus FC,Giorgio Chiellini,out,permanent,0.775,0,,0.014399,neutral,0.0107,neutral,0.575,Observed neutral abnormal return; heuristic says neutral; 0 matched rumor/news rows.
107,2022-07-01,2022-07-01,proxy window date; not exact announcement date,2022-23,Juventus FC,Aaron Ramsey,out,permanent,0.77,0,,0.014399,neutral,0.0105,neutral,0.575,Observed neutral abnormal return; heuristic says neutral; 0 matched rumor/news rows.
108,2022-07-01,2022-07-01,proxy window date; not exact announcement date,2022-23,Juventus FC,Arkadiusz Milik,in,loan,0.675,0,,0.014399,neutral,0.0105,neutral,0.575,Observed neutral abnormal return; heuristic says neutral; 0 matched rumor/news rows.
109,2022-07-01,2022-07-01,proxy window date; not exact announcement date,2022-23,Juventus FC,Douglas Costa,out,permanent,0.77,0,,0.014399,neutral,0.0105,neutral,0.575,Observed neutral abnormal return; heuristic says neutral; 0 matched rumor/news rows.
110,2022-07-01,2022-07-01,proxy window date; not exact announcement date,2022-23,Juventus FC,Leandro Paredes,in,loan,0.675,0,,0.014399,neutral,0.0105,neutral,0.575,Observed neutral abnormal return; heuristic says neutral; 0 matched rumor/news rows.
111,2022-07-01,2022-07-01,proxy window date; not exact announcement date,2022-23,Juventus FC,Filip Kostic,in,permanent,0.65,0,,0.014399,neutral,0.009,neutral,0.575,Observed neutral abnormal return; heuristic says neutral; 0 matched rumor/news rows.
112,2022-07-01,2022-07-01,proxy window date; not exact announcement date,2022-23,Juventus FC,Matías Soulé,in,permanent,0.65,0,,0.014399,neutral,0.009,neutral,0.575,Observed neutral abnormal return; heuristic says neutral; 0 matched rumor/news rows.
113,2022-07-01,2022-07-01,proxy window date; not exact announcement date,2022-23,Juventus FC,Paul Pogba,in,permanent,0.65,0,,0.014399,neutral,0.009,neutral,0.575,Observed neutral abnormal return; heuristic says neutral; 0 matched rumor/news rows.
114,2022-07-01,2022-07-01,proxy window date; not exact announcement date,2022-23,Juventus FC,Álvaro Morata,out,loan,0.72,0,,0.014399,neutral,0.0086,neutral,0.575,Observed neutral abnormal return; heuristic says neutral; 0 matched rumor/news rows.
115,2022-07-01,2022-07-01,proxy window date; not exact announcement date,2022-23,Juventus FC,Federico Bernardeschi,out,permanent,0.695,0,,0.014399,neutral,0.0076,neutral,0.575,Observed neutral abnormal return; heuristic says neutral; 0 matched rumor/news rows.
116,2022-07-01,2022-07-01,proxy window date; not exact announcement date,2022-23,Juventus FC,Paulo Dybala,out,permanent,0.695,0,,0.014399,neutral,0.0076,neutral,0.575,Observed neutral abnormal return; heuristic says neutral; 0 matched rumor/news rows.
117,2022-07-01,2022-07-01,proxy window date; not exact announcement date,2022-23,Juventus FC,Fabio Miretti,in,permanent,0.625,0,,0.014399,neutral,0.0075,neutral,0.575,Observed neutral abnormal return; heuristic says neutral; 0 matched rumor/news rows.
118,2022-07-01,2022-07-01,proxy window date; not exact announcement date,2022-23,Juventus FC,Andrea Cambiaso,out,loan,0.67,0,,0.014399,neutral,0.0066,neutral,0.575,Observed neutral abnormal return; heuristic says neutral; 0 matched rumor/news rows.
119,2022-07-01,2022-07-01,proxy window date; not exact announcement date,2022-23,Juventus FC,Arthur Melo,out,loan,0.67,0,,0.014399,neutral,0.0066,neutral,0.575,Observed neutral abnormal return; heuristic says neutral; 0 matched rumor/news rows.
120,2022-07-01,2022-07-01,proxy window date; not exact announcement date,2022-23,Juventus FC,Denis Zakaria,out,loan,0.67,0,,0.014399,neutral,0.0066,neutral,0.575,Observed neutral abnormal return; heuristic says neutral; 0 matched rumor/news rows.
121,2022-07-01,2022-07-01,proxy window date; not exact announcement date,2022-23,Juventus FC,Federico Chiesa,out,loan,0.67,0,,0.014399,neutral,0.0066,neutral,0.575,Observed neutral abnormal return; heuristic says neutral; 0 matched rumor/news rows.
122,2022-07-01,2022-07-01,proxy window date; not exact announcement date,2022-23,Juventus FC,Filippo Ranocchia,out,loan,0.67,0,,0.014399,neutral,0.0066,neutral,0.575,Observed neutral abnormal return; heuristic says neutral; 0 matched rumor/news rows.
123,2022-07-01,2022-07-01,proxy window date; not exact announcement date,2022-23,Juventus FC,Giacomo Vrioni,out,permanent,0.67,0,,0.014399,neutral,0.0066,neutral,0.575,Observed neutral abnormal return; heuristic says neutral; 0 matched rumor/news rows.
124,2022-07-01,2022-07-01,proxy window date; not exact announcement date,2022-23,Juventus FC,Gianluca Frabotta,out,loan,0.67,0,,0.014399,neutral,0.0066,neutral,0.575,Observed neutral abnormal return; heuristic says neutral; 0 matched rumor/news rows.
125,2022-07-01,2022-07-01,proxy window date; not exact announcement date,2022-23,Juventus FC,Luca Pellegrini,out,loan,0.67,0,,0.014399,neutral,0.0066,neutral,0.575,Observed neutral abnormal return; heuristic says neutral; 0 matched rumor/news rows.
126,2022-07-01,2022-07-01,proxy window date; not exact announcement date,2022-23,Juventus FC,Marko Pjaca,out,loan,0.67,0,,0.014399,neutral,0.0066,neutral,0.575,Observed neutral abnormal return; heuristic says neutral; 0 matched rumor/news rows.
127,2022-07-01,2022-07-01,proxy window date; not exact announcement date,2022-23,Juventus FC,Matthijs de Ligt,out,permanent,0.67,0,,0.014399,neutral,0.0066,neutral,0.575,Observed neutral abnormal return; heuristic says neutral; 0 matched rumor/news rows.
128,2022-07-01,2022-07-01,proxy window date; not exact announcement date,2022-23,Juventus FC,Merih Demiral,out,permanent,0.67,0,,0.014399,neutral,0.0066,neutral,0.575,Observed neutral abnormal return; heuristic says neutral; 0 matched rumor/news rows.
129,2022-07-01,2022-07-01,proxy window date; not exact announcement date,2022-23,Juventus FC,Nicolò Rovella,out,loan,0.67,0,,0.014399,neutral,0.0066,neutral,0.575,Observed neutral abnormal return; heuristic says neutral; 0 matched rumor/news rows.
130,2022-07-01,2022-07-01,proxy window date; not exact announcement date,2022-23,Juventus FC,Radu Dragusin,out,loan,0.67,0,,0.014399,neutral,0.0066,neutral,0.575,Observed neutral abnormal return; heuristic says neutral; 0 matched rumor/news rows.
131,2022-07-01,2022-07-01,proxy window date; not exact announcement date,2022-23,Juventus FC,Rolando Mandragora,out,permanent,0.67,0,,0.014399,neutral,0.0066,neutral,0.575,Observed neutral abnormal return; heuristic says neutral; 0 matched rumor/news rows.
132,2022-07-01,2022-07-01,proxy window date; not exact announcement date,2022-23,Juventus FC,Stefano Gori,out,loan,0.67,0,,0.014399,neutral,0.0066,neutral,0.575,Observed neutral abnormal return; heuristic says neutral; 0 matched rumor/news rows.
133,2022-07-01,2022-07-01,proxy window date; not exact announcement date,2022-23,Juventus FC,Ángel Di María,in,permanent,0.525,0,,0.014399,neutral,0.0015,neutral,0.575,Observed neutral abnormal return; heuristic says neutral; 0 matched rumor/news rows.
134,2021-08-27,2021-08-27,earliest credible news/article date,2021-22,Manchester United,Cristiano Ronaldo,in,permanent,0.5275,2,0.675,0.013844,neutral,0.0104,neutral,0.6538,Observed neutral abnormal return; heuristic says neutral; 2 matched rumor/news rows.
135,2023-01-01,2023-01-01,proxy window date; not exact announcement date,2022-23,Borussia Dortmund,Julian Ryerson,in,permanent,0.75,0,,0.013414,neutral,0.015,neutral,0.575,Observed neutral abnormal return; heuristic says neutral; 0 matched rumor/news rows.
136,2023-01-01,2023-01-01,proxy window date; not exact announcement date,2022-23,Borussia Dortmund,Thorgan Hazard,out,loan,0.72,0,,0.013414,neutral,0.0086,neutral,0.575,Observed neutral abnormal return; heuristic says neutral; 0 matched rumor/news rows.
137,2023-01-01,2023-01-01,proxy window date; not exact announcement date,2022-23,Borussia Dortmund,Julien Duranville,in,permanent,0.575,0,,0.013414,neutral,0.0045,neutral,0.575,Observed neutral abnormal return; heuristic says neutral; 0 matched rumor/news rows.
138,2023-07-01,2023-07-01,proxy window date; not exact announcement date,2023-24,Borussia Dortmund,Jude Bellingham,out,permanent,0.5961,0,,-0.012721,neutral,0.0037,neutral,0.575,Observed neutral abnormal return; heuristic says neutral; 0 matched rumor/news rows.
139,2021-06-26,2021-07-01,earliest credible news/article date,2021-22,Manchester United,Sergio Romero,out,permanent,0.775,2,0.465,-0.012027,neutral,0.009,neutral,0.5593,Observed neutral abnormal return; heuristic says neutral; 2 matched rumor/news rows.
140,2022-01-01,2022-01-01,proxy window date; not exact announcement date,2021-22,SS Lazio,Jovane Cabral,in,loan,0.75,0,,0.010604,neutral,0.015,neutral,0.575,Observed neutral abnormal return; heuristic says neutral; 0 matched rumor/news rows.
141,2022-01-01,2022-01-01,proxy window date; not exact announcement date,2021-22,SS Lazio,Jony,out,loan,0.745,0,,0.010604,neutral,0.0096,neutral,0.575,Observed neutral abnormal return; heuristic says neutral; 0 matched rumor/news rows.
142,2022-01-01,2022-01-01,proxy window date; not exact announcement date,2021-22,SS Lazio,Gonzalo Escalante,out,loan,0.695,0,,0.010604,neutral,0.0076,neutral,0.575,Observed neutral abnormal return; heuristic says neutral; 0 matched rumor/news rows.
143,2022-01-01,2022-01-01,proxy window date; not exact announcement date,2021-22,SS Lazio,Riza Durmisi,out,loan,0.695,0,,0.010604,neutral,0.0076,neutral,0.575,Observed neutral abnormal return; heuristic says neutral; 0 matched rumor/news rows.
144,2022-01-01,2022-01-01,proxy window date; not exact announcement date,2021-22,SS Lazio,Alessandro Rossi,out,loan,0.67,0,,0.010604,neutral,0.0066,neutral,0.575,Observed neutral abnormal return; heuristic says neutral; 0 matched rumor/news rows.
145,2022-01-01,2022-01-01,proxy window date; not exact announcement date,2021-22,SS Lazio,André Anderson,out,loan,0.67,0,,0.010604,neutral,0.0066,neutral,0.575,Observed neutral abnormal return; heuristic says neutral; 0 matched rumor/news rows.
146,2022-01-01,2022-01-01,proxy window date; not exact announcement date,2021-22,SS Lazio,Bobby Adekanye,out,loan,0.67,0,,0.010604,neutral,0.0066,neutral,0.575,Observed neutral abnormal return; heuristic says neutral; 0 matched rumor/news rows.
147,2022-01-01,2022-01-01,proxy window date; not exact announcement date,2021-22,SS Lazio,Cristiano Lombardi,out,loan,0.67,0,,0.010604,neutral,0.0066,neutral,0.575,Observed neutral abnormal return; heuristic says neutral; 0 matched rumor/news rows.
148,2022-01-01,2022-01-01,proxy window date; not exact announcement date,2021-22,SS Lazio,Denis Vavro,out,loan,0.67,0,,0.010604,neutral,0.0066,neutral,0.575,Observed neutral abnormal return; heuristic says neutral; 0 matched rumor/news rows.
149,2022-01-01,2022-01-01,proxy window date; not exact announcement date,2021-22,SS Lazio,Djavan Anderson,out,loan,0.67,0,,0.010604,neutral,0.0066,neutral,0.575,Observed neutral abnormal return; heuristic says neutral; 0 matched rumor/news rows.
150,2022-01-01,2022-01-01,proxy window date; not exact announcement date,2021-22,SS Lazio,Jordan Lukaku,out,loan,0.67,0,,0.010604,neutral,0.0066,neutral,0.575,Observed neutral abnormal return; heuristic says neutral; 0 matched rumor/news rows.
151,2022-01-01,2022-01-01,proxy window date; not exact announcement date,2021-22,SS Lazio,Mohamed Fares,out,loan,0.67,0,,0.010604,neutral,0.0066,neutral,0.575,Observed neutral abnormal return; heuristic says neutral; 0 matched rumor/news rows.
152,2022-01-01,2022-01-01,proxy window date; not exact announcement date,2021-22,SS Lazio,Vedat Muriqi,out,loan,0.67,0,,0.010604,neutral,0.0066,neutral,0.575,Observed neutral abnormal return; heuristic says neutral; 0 matched rumor/news rows.
153,2021-06-27,2021-07-01,earliest credible news/article date,2021-22,Borussia Dortmund,Donyell Malen,in,permanent,0.725,2,0.465,-0.01057,neutral,0.0118,neutral,0.5593,Observed neutral abnormal return; heuristic says neutral; 2 matched rumor/news rows.
154,2021-06-26,2021-07-01,earliest credible news/article date,2021-22,Borussia Dortmund,Lukasz Piszczek,out,permanent,0.775,2,0.465,-0.01057,neutral,0.009,neutral,0.5593,Observed neutral abnormal return; heuristic says neutral; 2 matched rumor/news rows.
155,2022-01-01,2022-01-01,proxy window date; not exact announcement date,2021-22,Borussia Dortmund,Ansgar Knauff,out,loan,0.67,0,,-0.008828,neutral,0.0066,neutral,0.575,Observed neutral abnormal return; heuristic says neutral; 0 matched rumor/news rows.
156,2022-01-01,2022-01-01,proxy window date; not exact announcement date,2021-22,Borussia Dortmund,Tobias Raschl,out,permanent,0.67,0,,-0.008828,neutral,0.0066,neutral,0.575,Observed neutral abnormal return; heuristic says neutral; 0 matched rumor/news rows.
157,2023-01-01,2023-01-01,proxy window date; not exact announcement date,2022-23,Manchester United,Cristiano Ronaldo,out,permanent,0.775,0,,-0.008763,neutral,0.0107,neutral,0.575,Observed neutral abnormal return; heuristic says neutral; 0 matched rumor/news rows.
158,2023-01-01,2023-01-01,proxy window date; not exact announcement date,2022-23,Manchester United,Martin Dúbravka,out,loan,0.775,0,,-0.008763,neutral,0.0107,neutral,0.575,Observed neutral abnormal return; heuristic says neutral; 0 matched rumor/news rows.
159,2023-01-01,2023-01-01,proxy window date; not exact announcement date,2022-23,Manchester United,Marcel Sabitzer,in,loan,0.675,0,,-0.008763,neutral,0.0105,neutral,0.575,Observed neutral abnormal return; heuristic says neutral; 0 matched rumor/news rows.
160,2023-01-01,2023-01-01,proxy window date; not exact announcement date,2022-23,Manchester United,Jack Butland,in,loan,0.65,0,,-0.008763,neutral,0.009,neutral,0.575,Observed neutral abnormal return; heuristic says neutral; 0 matched rumor/news rows.
161,2023-01-01,2023-01-01,proxy window date; not exact announcement date,2022-23,Manchester United,Zidane Iqbal,in,permanent,0.65,0,,-0.008763,neutral,0.009,neutral,0.575,Observed neutral abnormal return; heuristic says neutral; 0 matched rumor/news rows.
162,2023-01-01,2023-01-01,proxy window date; not exact announcement date,2022-23,Manchester United,Wout Weghorst,in,loan,0.625,0,,-0.008763,neutral,0.0075,neutral,0.575,Observed neutral abnormal return; heuristic says neutral; 0 matched rumor/news rows.
163,2023-01-01,2023-01-01,proxy window date; not exact announcement date,2022-23,Manchester United,Axel Tuanzebe,out,loan,0.67,0,,-0.008763,neutral,0.0066,neutral,0.575,Observed neutral abnormal return; heuristic says neutral; 0 matched rumor/news rows.
164,2023-01-01,2023-01-01,proxy window date; not exact announcement date,2022-23,Manchester United,Shola Shoretire,out,loan,0.67,0,,-0.008763,neutral,0.0066,neutral,0.575,Observed neutral abnormal return; heuristic says neutral; 0 matched rumor/news rows.
165,2023-01-01,2023-01-01,proxy window date; not exact announcement date,2022-23,Manchester United,Kobbie Mainoo,in,permanent,0.6,0,,-0.008763,neutral,0.006,neutral,0.575,Observed neutral abnormal return; heuristic says neutral; 0 matched rumor/news rows.
166,2021-07-01,2021-07-01,earliest credible news/article date,2021-22,Manchester United,Jadon Sancho,in,permanent,0.7,2,0.675,0.007938,neutral,0.0207,positive,0.6538,Observed neutral abnormal return; heuristic says positive; 2 matched rumor/news rows.
167,2021-07-01,2021-07-01,proxy window date; not exact announcement date,2021-22,Manchester United,Axel Tuanzebe,in,loan,0.775,0,,0.007938,neutral,0.0165,neutral,0.575,Observed neutral abnormal return; heuristic says neutral; 0 matched rumor/news rows.
168,2021-07-01,2021-07-01,proxy window date; not exact announcement date,2021-22,Manchester United,Andreas Pereira,in,loan,0.75,0,,0.007938,neutral,0.015,neutral,0.575,Observed neutral abnormal return; heuristic says neutral; 0 matched rumor/news rows.
169,2021-07-01,2021-07-01,proxy window date; not exact announcement date,2021-22,Manchester United,Donny van de Beek,in,loan,0.75,0,,0.007938,neutral,0.015,neutral,0.575,Observed neutral abnormal return; heuristic says neutral; 0 matched rumor/news rows.
170,2021-07-01,2021-07-01,proxy window date; not exact announcement date,2021-22,Manchester United,Diogo Dalot,in,loan,0.725,0,,0.007938,neutral,0.0135,neutral,0.575,Observed neutral abnormal return; heuristic says neutral; 0 matched rumor/news rows.
171,2021-07-01,2021-07-01,proxy window date; not exact announcement date,2021-22,Manchester United,Tahith Chong,in,loan,0.725,0,,0.007938,neutral,0.0135,neutral,0.575,Observed neutral abnormal return; heuristic says neutral; 0 matched rumor/news rows.
172,2021-07-01,2021-07-01,proxy window date; not exact announcement date,2021-22,Manchester United,Brandon Williams,in,loan,0.7,0,,0.007938,neutral,0.012,neutral,0.575,Observed neutral abnormal return; heuristic says neutral; 0 matched rumor/news rows.
173,2021-07-01,2021-07-01,proxy window date; not exact announcement date,2021-22,Manchester United,James Garner,in,loan,0.7,0,,0.007938,neutral,0.012,neutral,0.575,Observed neutral abnormal return; heuristic says neutral; 0 matched rumor/news rows.
174,2021-07-01,2021-07-01,proxy window date; not exact announcement date,2021-22,Manchester United,Tahith Chong,in,loan,0.7,0,,0.007938,neutral,0.012,neutral,0.575,Observed neutral abnormal return; heuristic says neutral; 0 matched rumor/news rows.
175,2021-07-01,2021-07-01,proxy window date; not exact announcement date,2021-22,Manchester United,Raphaël Varane,in,permanent,0.675,0,,0.007938,neutral,0.0105,neutral,0.575,Observed neutral abnormal return; heuristic says neutral; 0 matched rumor/news rows.
176,2021-07-01,2021-07-01,proxy window date; not exact announcement date,2021-22,Manchester United,Teden Mengi,in,loan,0.675,0,,0.007938,neutral,0.0105,neutral,0.575,Observed neutral abnormal return; heuristic says neutral; 0 matched rumor/news rows.
177,2021-07-01,2021-07-01,proxy window date; not exact announcement date,2021-22,Manchester United,Amad Diallo,in,loan,0.65,0,,0.007938,neutral,0.009,neutral,0.575,Observed neutral abnormal return; heuristic says neutral; 0 matched rumor/news rows.
178,2021-07-01,2021-07-01,proxy window date; not exact announcement date,2021-22,Manchester United,Facundo Pellistri,in,loan,0.65,0,,0.007938,neutral,0.009,neutral,0.575,Observed neutral abnormal return; heuristic says neutral; 0 matched rumor/news rows.
179,2021-07-01,2021-07-01,proxy window date; not exact announcement date,2021-22,Manchester United,Hannibal Mejbri,in,permanent,0.625,0,,0.007938,neutral,0.0075,neutral,0.575,Observed neutral abnormal return; heuristic says neutral; 0 matched rumor/news rows.
180,2021-07-01,2021-07-01,proxy window date; not exact announcement date,2021-22,Manchester United,Andreas Pereira,out,loan,0.67,0,,0.007938,neutral,0.0066,neutral,0.575,Observed neutral abnormal return; heuristic says neutral; 0 matched rumor/news rows.
181,2021-07-01,2021-07-01,proxy window date; not exact announcement date,2021-22,Manchester United,Axel Tuanzebe,out,loan,0.67,0,,0.007938,neutral,0.0066,neutral,0.575,Observed neutral abnormal return; heuristic says neutral; 0 matched rumor/news rows.
182,2021-07-01,2021-07-01,proxy window date; not exact announcement date,2021-22,Manchester United,Brandon Williams,out,loan,0.67,0,,0.007938,neutral,0.0066,neutral,0.575,Observed neutral abnormal return; heuristic says neutral; 0 matched rumor/news rows.
183,2021-07-01,2021-07-01,proxy window date; not exact announcement date,2021-22,Manchester United,Daniel James,out,permanent,0.67,0,,0.007938,neutral,0.0066,neutral,0.575,Observed neutral abnormal return; heuristic says neutral; 0 matched rumor/news rows.
184,2021-07-01,2021-07-01,proxy window date; not exact announcement date,2021-22,Manchester United,Facundo Pellistri,out,loan,0.67,0,,0.007938,neutral,0.0066,neutral,0.575,Observed neutral abnormal return; heuristic says neutral; 0 matched rumor/news rows.
185,2021-07-01,2021-07-01,proxy window date; not exact announcement date,2021-22,Manchester United,James Garner,out,loan,0.67,0,,0.007938,neutral,0.0066,neutral,0.575,Observed neutral abnormal return; heuristic says neutral; 0 matched rumor/news rows.
186,2021-07-01,2021-07-01,proxy window date; not exact announcement date,2021-22,Manchester United,Tahith Chong,out,loan,0.67,0,,0.007938,neutral,0.0066,neutral,0.575,Observed neutral abnormal return; heuristic says neutral; 0 matched rumor/news rows.
187,2021-07-01,2021-07-01,proxy window date; not exact announcement date,2021-22,Manchester United,Shola Shoretire,in,permanent,0.6,0,,0.007938,neutral,0.006,neutral,0.575,Observed neutral abnormal return; heuristic says neutral; 0 matched rumor/news rows.
188,2021-07-01,2021-07-01,proxy window date; not exact announcement date,2021-22,Manchester United,Cristiano Ronaldo,in,permanent,0.475,0,,0.007938,neutral,-0.0015,neutral,0.575,Observed neutral abnormal return; heuristic says neutral; 0 matched rumor/news rows.
189,2021-07-01,2021-07-01,proxy window date; not exact announcement date,2021-22,Manchester United,Tom Heaton,in,permanent,0.5,0,,0.007938,neutral,0.0,neutral,0.575,Observed neutral abnormal return; heuristic says neutral; 0 matched rumor/news rows.
190,2022-07-01,2022-07-01,proxy window date; not exact announcement date,2022-23,SS Lazio,Nicolò Casale,in,permanent,0.775,0,,0.00765,neutral,0.0165,neutral,0.575,Observed neutral abnormal return; heuristic says neutral; 0 matched rumor/news rows.
191,2022-07-01,2022-07-01,proxy window date; not exact announcement date,2022-23,SS Lazio,Luís Maximiano,in,permanent,0.75,0,,0.00765,neutral,0.015,neutral,0.575,Observed neutral abnormal return; heuristic says neutral; 0 matched rumor/news rows.
192,2022-07-01,2022-07-01,proxy window date; not exact announcement date,2022-23,SS Lazio,Marcos Antônio,in,permanent,0.725,0,,0.00765,neutral,0.0135,neutral,0.575,Observed neutral abnormal return; heuristic says neutral; 0 matched rumor/news rows.
193,2022-07-01,2022-07-01,proxy window date; not exact announcement date,2022-23,SS Lazio,Alessio Romagnoli,in,permanent,0.7,0,,0.00765,neutral,0.012,neutral,0.575,Observed neutral abnormal return; heuristic says neutral; 0 matched rumor/news rows.
194,2022-07-01,2022-07-01,proxy window date; not exact announcement date,2022-23,SS Lazio,Mario Gila,in,permanent,0.7,0,,0.00765,neutral,0.012,neutral,0.575,Observed neutral abnormal return; heuristic says neutral; 0 matched rumor/news rows.
195,2022-07-01,2022-07-01,proxy window date; not exact announcement date,2022-23,SS Lazio,Mattia Zaccagni,in,permanent,0.7,0,,0.00765,neutral,0.012,neutral,0.575,Observed neutral abnormal return; heuristic says neutral; 0 matched rumor/news rows.
196,2022-07-01,2022-07-01,proxy window date; not exact announcement date,2022-23,SS Lazio,Francesco Acerbi,out,loan,0.775,0,,0.00765,neutral,0.0107,neutral,0.575,Observed neutral abnormal return; heuristic says neutral; 0 matched rumor/news rows.
197,2022-07-01,2022-07-01,proxy window date; not exact announcement date,2022-23,SS Lazio,Lucas Leiva,out,permanent,0.775,0,,0.00765,neutral,0.0107,neutral,0.575,Observed neutral abnormal return; heuristic says neutral; 0 matched rumor/news rows.
198,2022-07-01,2022-07-01,proxy window date; not exact announcement date,2022-23,SS Lazio,Pepe Reina,out,permanent,0.775,0,,0.00765,neutral,0.0107,neutral,0.575,Observed neutral abnormal return; heuristic says neutral; 0 matched rumor/news rows.
199,2022-07-01,2022-07-01,proxy window date; not exact announcement date,2022-23,SS Lazio,Ivan Provedel,in,permanent,0.675,0,,0.00765,neutral,0.0105,neutral,0.575,Observed neutral abnormal return; heuristic says neutral; 0 matched rumor/news rows.
200,2022-07-01,2022-07-01,proxy window date; not exact announcement date,2022-23,SS Lazio,Jony,out,loan,0.77,0,,0.00765,neutral,0.0105,neutral,0.575,Observed neutral abnormal return; heuristic says neutral; 0 matched rumor/news rows.
201,2022-07-01,2022-07-01,proxy window date; not exact announcement date,2022-23,SS Lazio,Matteo Cancellieri,in,loan,0.675,0,,0.00765,neutral,0.0105,neutral,0.575,Observed neutral abnormal return; heuristic says neutral; 0 matched rumor/news rows.
202,2022-07-01,2022-07-01,proxy window date; not exact announcement date,2022-23,SS Lazio,Marco Bertini,in,permanent,0.65,0,,0.00765,neutral,0.009,neutral,0.575,Observed neutral abnormal return; heuristic says neutral; 0 matched rumor/news rows.
203,2022-07-01,2022-07-01,proxy window date; not exact announcement date,2022-23,SS Lazio,Gonzalo Escalante,out,loan,0.72,0,,0.00765,neutral,0.0086,neutral,0.575,Observed neutral abnormal return; heuristic says neutral; 0 matched rumor/news rows.
204,2022-07-01,2022-07-01,proxy window date; not exact announcement date,2022-23,SS Lazio,Jean-Daniel Akpa Akpro,out,loan,0.72,0,,0.00765,neutral,0.0086,neutral,0.575,Observed neutral abnormal return; heuristic says neutral; 0 matched rumor/news rows.
205,2022-07-01,2022-07-01,proxy window date; not exact announcement date,2022-23,SS Lazio,Jordan Lukaku,out,permanent,0.695,0,,0.00765,neutral,0.0076,neutral,0.575,Observed neutral abnormal return; heuristic says neutral; 0 matched rumor/news rows.
206,2022-07-01,2022-07-01,proxy window date; not exact announcement date,2022-23,SS Lazio,Riza Durmisi,out,loan,0.695,0,,0.00765,neutral,0.0076,neutral,0.575,Observed neutral abnormal return; heuristic says neutral; 0 matched rumor/news rows.
207,2022-07-01,2022-07-01,proxy window date; not exact announcement date,2022-23,SS Lazio,Vedat Muriqi,out,permanent,0.695,0,,0.00765,neutral,0.0076,neutral,0.575,Observed neutral abnormal return; heuristic says neutral; 0 matched rumor/news rows.
208,2022-07-01,2022-07-01,proxy window date; not exact announcement date,2022-23,SS Lazio,Matías Vecino,in,permanent,0.625,0,,0.00765,neutral,0.0075,neutral,0.575,Observed neutral abnormal return; heuristic says neutral; 0 matched rumor/news rows.
209,2022-07-01,2022-07-01,proxy window date; not exact announcement date,2022-23,SS Lazio,Alessandro Rossi,out,loan,0.67,0,,0.00765,neutral,0.0066,neutral,0.575,Observed neutral abnormal return; heuristic says neutral; 0 matched rumor/news rows.
210,2022-07-01,2022-07-01,proxy window date; not exact announcement date,2022-23,SS Lazio,Angelo Ndrecka,out,permanent,0.67,0,,0.00765,neutral,0.0066,neutral,0.575,Observed neutral abnormal return; heuristic says neutral; 0 matched rumor/news rows.
211,2022-07-01,2022-07-01,proxy window date; not exact announcement date,2022-23,SS Lazio,Biagio Morrone,out,permanent,0.67,0,,0.00765,neutral,0.0066,neutral,0.575,Observed neutral abnormal return; heuristic says neutral; 0 matched rumor/news rows.
212,2022-07-01,2022-07-01,proxy window date; not exact announcement date,2022-23,SS Lazio,Bobby Adekanye,out,permanent,0.67,0,,0.00765,neutral,0.0066,neutral,0.575,Observed neutral abnormal return; heuristic says neutral; 0 matched rumor/news rows.
213,2022-07-01,2022-07-01,proxy window date; not exact announcement date,2022-23,SS Lazio,Cristiano Lombardi,out,loan,0.67,0,,0.00765,neutral,0.0066,neutral,0.575,Observed neutral abnormal return; heuristic says neutral; 0 matched rumor/news rows.
214,2022-07-01,2022-07-01,proxy window date; not exact announcement date,2022-23,SS Lazio,Denis Vavro,out,permanent,0.67,0,,0.00765,neutral,0.0066,neutral,0.575,Observed neutral abnormal return; heuristic says neutral; 0 matched rumor/news rows.
215,2022-07-01,2022-07-01,proxy window date; not exact announcement date,2022-23,SS Lazio,Djavan Anderson,out,permanent,0.67,0,,0.00765,neutral,0.0066,neutral,0.575,Observed neutral abnormal return; heuristic says neutral; 0 matched rumor/news rows.
216,2022-07-01,2022-07-01,proxy window date; not exact announcement date,2022-23,SS Lazio,Emanuele Cicerelli,out,loan,0.67,0,,0.00765,neutral,0.0066,neutral,0.575,Observed neutral abnormal return; heuristic says neutral; 0 matched rumor/news rows.
217,2022-07-01,2022-07-01,proxy window date; not exact announcement date,2022-23,SS Lazio,Fabio Maistro,out,permanent,0.67,0,,0.00765,neutral,0.0066,neutral,0.575,Observed neutral abnormal return; heuristic says neutral; 0 matched rumor/news rows.
218,2022-07-01,2022-07-01,proxy window date; not exact announcement date,2022-23,SS Lazio,Joaquín Correa,out,permanent,0.67,0,,0.00765,neutral,0.0066,neutral,0.575,Observed neutral abnormal return; heuristic says neutral; 0 matched rumor/news rows.
219,2022-07-01,2022-07-01,proxy window date; not exact announcement date,2022-23,SS Lazio,Jorge Silva,out,permanent,0.67,0,,0.00765,neutral,0.0066,neutral,0.575,Observed neutral abnormal return; heuristic says neutral; 0 matched rumor/news rows.
220,2022-07-01,2022-07-01,proxy window date; not exact announcement date,2022-23,SS Lazio,Jovane Cabral,out,loan,0.67,0,,0.00765,neutral,0.0066,neutral,0.575,Observed neutral abnormal return; heuristic says neutral; 0 matched rumor/news rows.
221,2022-07-01,2022-07-01,proxy window date; not exact announcement date,2022-23,SS Lazio,Luca Falbo,out,permanent,0.67,0,,0.00765,neutral,0.0066,neutral,0.575,Observed neutral abnormal return; heuristic says neutral; 0 matched rumor/news rows.
222,2022-07-01,2022-07-01,proxy window date; not exact announcement date,2022-23,SS Lazio,Luiz Felipe,out,permanent,0.67,0,,0.00765,neutral,0.0066,neutral,0.575,Observed neutral abnormal return; heuristic says neutral; 0 matched rumor/news rows.
223,2022-07-01,2022-07-01,proxy window date; not exact announcement date,2022-23,SS Lazio,Marco Alia,out,permanent,0.67,0,,0.00765,neutral,0.0066,neutral,0.575,Observed neutral abnormal return; heuristic says neutral; 0 matched rumor/news rows.
224,2022-07-01,2022-07-01,proxy window date; not exact announcement date,2022-23,SS Lazio,Mattia Novella,out,loan,0.67,0,,0.00765,neutral,0.0066,neutral,0.575,Observed neutral abnormal return; heuristic says neutral; 0 matched rumor/news rows.
225,2022-07-01,2022-07-01,proxy window date; not exact announcement date,2022-23,SS Lazio,Mattia Zaccagni,out,loan,0.67,0,,0.00765,neutral,0.0066,neutral,0.575,Observed neutral abnormal return; heuristic says neutral; 0 matched rumor/news rows.
226,2022-07-01,2022-07-01,proxy window date; not exact announcement date,2022-23,SS Lazio,Nicolò Armini,out,loan,0.67,0,,0.00765,neutral,0.0066,neutral,0.575,Observed neutral abnormal return; heuristic says neutral; 0 matched rumor/news rows.
227,2022-07-01,2022-07-01,proxy window date; not exact announcement date,2022-23,SS Lazio,Patryk Dziczek,out,permanent,0.67,0,,0.00765,neutral,0.0066,neutral,0.575,Observed neutral abnormal return; heuristic says neutral; 0 matched rumor/news rows.
228,2022-07-01,2022-07-01,proxy window date; not exact announcement date,2022-23,SS Lazio,Raúl Moro,out,loan,0.67,0,,0.00765,neutral,0.0066,neutral,0.575,Observed neutral abnormal return; heuristic says neutral; 0 matched rumor/news rows.
229,2022-07-01,2022-07-01,proxy window date; not exact announcement date,2022-23,SS Lazio,Sofian Kiyine,out,permanent,0.67,0,,0.00765,neutral,0.0066,neutral,0.575,Observed neutral abnormal return; heuristic says neutral; 0 matched rumor/news rows.
230,2022-07-01,2022-07-01,proxy window date; not exact announcement date,2022-23,SS Lazio,Thomas Strakosha,out,permanent,0.67,0,,0.00765,neutral,0.0066,neutral,0.575,Observed neutral abnormal return; heuristic says neutral; 0 matched rumor/news rows.
231,2022-07-01,2022-07-01,proxy window date; not exact announcement date,2022-23,SS Lazio,Tiago Casasola,out,permanent,0.67,0,,0.00765,neutral,0.0066,neutral,0.575,Observed neutral abnormal return; heuristic says neutral; 0 matched rumor/news rows.
232,2023-01-01,2023-01-01,proxy window date; not exact announcement date,2022-23,SS Lazio,Luca Pellegrini,in,loan,0.75,0,,-0.006505,neutral,0.015,neutral,0.575,Observed neutral abnormal return; heuristic says neutral; 0 matched rumor/news rows.
233,2023-01-01,2023-01-01,proxy window date; not exact announcement date,2022-23,SS Lazio,Diego González,in,loan,0.675,0,,-0.006505,neutral,0.0105,neutral,0.575,Observed neutral abnormal return; heuristic says neutral; 0 matched rumor/news rows.
234,2023-01-01,2023-01-01,proxy window date; not exact announcement date,2022-23,SS Lazio,Gonzalo Escalante,out,loan,0.72,0,,-0.006505,neutral,0.0086,neutral,0.575,Observed neutral abnormal return; heuristic says neutral; 0 matched rumor/news rows.
235,2023-01-01,2023-01-01,proxy window date; not exact announcement date,2022-23,SS Lazio,Riza Durmisi,out,loan,0.72,0,,-0.006505,neutral,0.0086,neutral,0.575,Observed neutral abnormal return; heuristic says neutral; 0 matched rumor/news rows.
236,2023-01-01,2023-01-01,proxy window date; not exact announcement date,2022-23,SS Lazio,Dimitrije Kamenovic,out,loan,0.67,0,,-0.006505,neutral,0.0066,neutral,0.575,Observed neutral abnormal return; heuristic says neutral; 0 matched rumor/news rows.
237,2023-01-01,2023-01-01,proxy window date; not exact announcement date,2022-23,SS Lazio,Raúl Moro,out,loan,0.67,0,,-0.006505,neutral,0.0066,neutral,0.575,Observed neutral abnormal return; heuristic says neutral; 0 matched rumor/news rows.
238,2023-08-16,2023-08-16,exact or source-provided date,2023-24,Lazio,Sergej Milinkovic-Savic,out,permanent,0.58,0,,0.005285,neutral,0.0031,neutral,0.575,Observed neutral abnormal return; heuristic says neutral; 0 matched rumor/news rows.
239,2021-07-01,2021-07-01,proxy window date; not exact announcement date,2021-22,Juventus FC,Manuel Locatelli,in,loan,0.75,0,,0.005084,neutral,0.015,neutral,0.575,Observed neutral abnormal return; heuristic says neutral; 0 matched rumor/news rows.
240,2021-07-01,2021-07-01,proxy window date; not exact announcement date,2021-22,Juventus FC,Weston McKennie,in,permanent,0.725,0,,0.005084,neutral,0.0135,neutral,0.575,Observed neutral abnormal return; heuristic says neutral; 0 matched rumor/news rows.
241,2021-07-01,2021-07-01,proxy window date; not exact announcement date,2021-22,Juventus FC,Moise Kean,in,loan,0.7,0,,0.005084,neutral,0.012,neutral,0.575,Observed neutral abnormal return; heuristic says neutral; 0 matched rumor/news rows.
242,2021-07-01,2021-07-01,proxy window date; not exact announcement date,2021-22,Juventus FC,Cristiano Ronaldo,out,permanent,0.775,0,,0.005084,neutral,0.0107,neutral,0.575,Observed neutral abnormal return; heuristic says neutral; 0 matched rumor/news rows.
243,2021-07-01,2021-07-01,proxy window date; not exact announcement date,2021-22,Juventus FC,Gianluigi Buffon,out,permanent,0.775,0,,0.005084,neutral,0.0107,neutral,0.575,Observed neutral abnormal return; heuristic says neutral; 0 matched rumor/news rows.
244,2021-07-01,2021-07-01,proxy window date; not exact announcement date,2021-22,Juventus FC,Kaio Jorge,in,permanent,0.65,0,,0.005084,neutral,0.009,neutral,0.575,Observed neutral abnormal return; heuristic says neutral; 0 matched rumor/news rows.
245,2021-07-01,2021-07-01,proxy window date; not exact announcement date,2021-22,Juventus FC,Mohamed Ihattaren,in,permanent,0.65,0,,0.005084,neutral,0.009,neutral,0.575,Observed neutral abnormal return; heuristic says neutral; 0 matched rumor/news rows.
246,2021-07-01,2021-07-01,proxy window date; not exact announcement date,2021-22,Juventus FC,Cristian Romero,out,permanent,0.67,0,,0.005084,neutral,0.0066,neutral,0.575,Observed neutral abnormal return; heuristic says neutral; 0 matched rumor/news rows.
247,2021-07-01,2021-07-01,proxy window date; not exact announcement date,2021-22,Juventus FC,Gianluca Frabotta,out,loan,0.67,0,,0.005084,neutral,0.0066,neutral,0.575,Observed neutral abnormal return; heuristic says neutral; 0 matched rumor/news rows.
248,2021-07-01,2021-07-01,proxy window date; not exact announcement date,2021-22,Juventus FC,Marko Pjaca,out,loan,0.67,0,,0.005084,neutral,0.0066,neutral,0.575,Observed neutral abnormal return; heuristic says neutral; 0 matched rumor/news rows.
249,2021-07-01,2021-07-01,proxy window date; not exact announcement date,2021-22,Juventus FC,Merih Demiral,out,loan,0.67,0,,0.005084,neutral,0.0066,neutral,0.575,Observed neutral abnormal return; heuristic says neutral; 0 matched rumor/news rows.
250,2021-07-01,2021-07-01,proxy window date; not exact announcement date,2021-22,Juventus FC,Mohamed Ihattaren,out,loan,0.67,0,,0.005084,neutral,0.0066,neutral,0.575,Observed neutral abnormal return; heuristic says neutral; 0 matched rumor/news rows.
251,2021-07-01,2021-07-01,proxy window date; not exact announcement date,2021-22,Juventus FC,Nicolò Fagioli,out,loan,0.67,0,,0.005084,neutral,0.0066,neutral,0.575,Observed neutral abnormal return; heuristic says neutral; 0 matched rumor/news rows.
252,2021-07-01,2021-07-01,proxy window date; not exact announcement date,2021-22,Juventus FC,Radu Dragusin,out,loan,0.67,0,,0.005084,neutral,0.0066,neutral,0.575,Observed neutral abnormal return; heuristic says neutral; 0 matched rumor/news rows.
253,2021-07-01,2021-07-01,proxy window date; not exact announcement date,2021-22,Juventus FC,Stefano Gori,out,loan,0.67,0,,0.005084,neutral,0.0066,neutral,0.575,Observed neutral abnormal return; heuristic says neutral; 0 matched rumor/news rows.
254,2021-07-01,2021-07-01,proxy window date; not exact announcement date,2021-22,Juventus FC,Weston McKennie,out,loan,0.67,0,,0.005084,neutral,0.0066,neutral,0.575,Observed neutral abnormal return; heuristic says neutral; 0 matched rumor/news rows.
255,2021-07-01,2021-07-01,proxy window date; not exact announcement date,2021-22,Borussia Dortmund,Marin Pongracic,in,loan,0.75,0,,0.002631,neutral,0.015,neutral,0.575,Observed neutral abnormal return; heuristic says neutral; 0 matched rumor/news rows.
256,2021-07-01,2021-07-01,proxy window date; not exact announcement date,2021-22,Borussia Dortmund,Jeremy Toljan,in,loan,0.725,0,,0.002631,neutral,0.0135,neutral,0.575,Observed neutral abnormal return; heuristic says neutral; 0 matched rumor/news rows.
257,2021-07-01,2021-07-01,proxy window date; not exact announcement date,2021-22,Borussia Dortmund,Marius Wolf,in,loan,0.725,0,,0.002631,neutral,0.0135,neutral,0.575,Observed neutral abnormal return; heuristic says neutral; 0 matched rumor/news rows.
258,2021-07-01,2021-07-01,proxy window date; not exact announcement date,2021-22,Borussia Dortmund,Sergio Gómez,in,loan,0.675,0,,0.002631,neutral,0.0105,neutral,0.575,Observed neutral abnormal return; heuristic says neutral; 0 matched rumor/news rows.
259,2021-07-01,2021-07-01,proxy window date; not exact announcement date,2021-22,Borussia Dortmund,Jadon Sancho,out,permanent,0.67,0,,0.002631,neutral,0.0066,neutral,0.575,Observed neutral abnormal return; heuristic says neutral; 0 matched rumor/news rows.
260,2021-07-01,2021-07-01,proxy window date; not exact announcement date,2021-22,Borussia Dortmund,Jeremy Toljan,out,permanent,0.67,0,,0.002631,neutral,0.0066,neutral,0.575,Observed neutral abnormal return; heuristic says neutral; 0 matched rumor/news rows.
261,2021-07-01,2021-07-01,proxy window date; not exact announcement date,2021-22,Borussia Dortmund,Sergio Gómez,out,permanent,0.67,0,,0.002631,neutral,0.0066,neutral,0.575,Observed neutral abnormal return; heuristic says neutral; 0 matched rumor/news rows.
262,2021-06-01,2021-07-01,earliest credible news/article date,2021-22,Borussia Dortmund,Gregor Kobel,in,permanent,0.75,2,0.465,,,0.0133,neutral,0.5593,No observed CAR label yet; heuristic says neutral; 2 matched rumor/news rows.
263,2021-06-06,2021-07-01,earliest credible news/article date,2021-22,Borussia Dortmund,Leonardo Balerdi,in,loan,0.725,2,0.465,,,0.0118,neutral,0.5593,No observed CAR label yet; heuristic says neutral; 2 matched rumor/news rows.
264,2021-06-06,2021-07-01,earliest credible news/article date,2021-22,Borussia Dortmund,Ansgar Knauff,in,permanent,0.65,1,0.517,,,0.0099,neutral,0.5827,No observed CAR label yet; heuristic says neutral; 1 matched rumor/news rows.
265,2021-06-15,2021-07-01,earliest credible news/article date,2021-22,Borussia Dortmund,Immanuel Pherai,in,loan,0.675,2,0.465,,,0.0088,neutral,0.5593,No observed CAR label yet; heuristic says neutral; 2 matched rumor/news rows.
266,2021-06-04,2021-07-01,earliest credible news/article date,2021-22,Manchester United,Joel Pereira,out,permanent,0.67,2,0.517,,,0.0075,neutral,0.5827,No observed CAR label yet; heuristic says neutral; 2 matched rumor/news rows.
267,2021-06-09,2021-07-01,earliest credible news/article date,2021-22,Manchester United,Anthony Elanga,in,permanent,0.65,2,0.465,,,0.0073,neutral,0.5593,No observed CAR label yet; heuristic says neutral; 2 matched rumor/news rows.
268,2021-06-14,2021-07-01,earliest credible news/article date,2021-22,Borussia Dortmund,Thomas Delaney,out,permanent,0.72,2,0.465,,,0.0068,neutral,0.5593,No observed CAR label yet; heuristic says neutral; 2 matched rumor/news rows.
269,2021-06-15,2021-07-01,earliest credible news/article date,2021-22,Borussia Dortmund,Immanuel Pherai,out,permanent,0.67,2,0.465,,,0.0049,neutral,0.5593,No observed CAR label yet; heuristic says neutral; 2 matched rumor/news rows.
270,2021-06-06,2021-07-01,earliest credible news/article date,2021-22,Borussia Dortmund,Leonardo Balerdi,out,permanent,0.67,2,0.465,,,0.0049,neutral,0.5593,No observed CAR label yet; heuristic says neutral; 2 matched rumor/news rows.
