date,published_date,club,player,source,title,url,credibility_score,rumor_strength,rumor_count,source_diversity,max_credibility,avg_credibility,max_rumor_strength,avg_rumor_strength,season,direction,transfer_type,is_loan,age,position,market_value_eur,transfer_fee_eur,wage_eur_annual,fee_to_market,market_minus_fee_eur,transfer_quality,transfer_indicator,rumor_indicator,pre_stock_return_7d,pre_stock_return_30d,pre_stock_volatility_30d,pre_market_return_30d,stock_context_indicator,car_m1_p1,car_0_p1,car_0_p3,car_0_p7,target_car,target_label,label,split,actual_label,predicted_label,prediction_confidence,prob_negative,prob_neutral,prob_positive
2023-06-07,2023-06-07,Borussia Dortmund,Jude Bellingham,wsnewspublishers.com,Real Madrid Signs English Player Jude Bellingham from Borussia Dortmund for Record - Breaking 103 Million Euros Plus Bonuses,https://wsnewspublishers.com/real-madrid-signs-english-player-jude-bellingham-from-borussia-dortmund-for-record-breaking-103-million-euros-plus-bonuses/,0.5,0.465,1,1,0.5,0.5,0.465,0.465,2023-24,out,permanent,0,20.0,Attacking Midfield,120000000.0,127000000.0,,1.0583,-7000000.0,0.6831,0.6103,0.4378,0.006993,-0.021518,0.064239,0.00758,0.4185,0.014634,0.016197,0.014861,0.016057,0.014861,neutral,neutral,train,neutral,neutral,1.0,0.0,1.0,0.0
2023-06-14,2023-06-14,Borussia Dortmund,Jude Bellingham,bignewsnetwork.com,Real Madrid confirm signing of England midfielder Bellingham,https://www.bignewsnetwork.com/news/273865222/real-madrid-confirm-signing-of-england-midfielder-bellingham,0.5,0.465,1,1,0.5,0.5,0.465,0.465,2023-24,out,permanent,0,20.0,Attacking Midfield,120000000.0,127000000.0,,1.0583,-7000000.0,0.6831,0.6103,0.5178,0.062718,0.079009,0.063684,0.02628,0.5262,0.021127,0.00639,-0.027869,-0.033496,-0.027869,negative,negative,train,negative,negative,1.0,1.0,0.0,0.0
2023-06-15,2023-06-15,Borussia Dortmund,Jude Bellingham,hypebeast.com,Real Madrid Complete Transfer of Jude Bellingham,https://hypebeast.com/2023/6/real-madrid-signs-jude-bellingham-borussia-dortmund,0.5,0.465,1,1,0.5,0.5,0.465,0.465,2023-24,out,permanent,0,20.0,Attacking Midfield,120000000.0,127000000.0,,1.0583,-7000000.0,0.6831,0.6103,0.5178,0.076389,0.088993,0.063718,0.036643,0.548,-0.004968,-0.01572,-0.057203,-0.06083,-0.057203,negative,negative,train,negative,negative,1.0,1.0,0.0,0.0
2021-07-02,2021-07-02,Manchester United,Jadon Sancho,sportsmole.co.uk,Manchester United confirm Jadon Sancho agreement,https://www.sportsmole.co.uk/football/man-utd/transfer-talk/news/manchester-united-confirm-jadon-sancho-agreement_453554.html,0.5,0.675,1,1,0.5,0.5,0.675,0.675,2021-22,in,permanent,0,21.0,Left Winger,100000000.0,85000000.0,,0.85,15000000.0,0.7337,0.6069,0.6912,-0.011635,-0.018614,0.009601,0.038667,0.6158,-0.003735,-0.009798,-0.009297,0.002805,-0.009297,neutral,neutral,train,neutral,neutral,1.0,0.0,1.0,0.0
2021-07-01,2021-07-01,Manchester United,Jadon Sancho,pressandjournal.co.uk,Manchester United agree deal with Borussia Dortmund for Jadon Sancho,https://www.pressandjournal.co.uk/news/world/3278803/manchester-united-agree-deal-with-borussia-dortmund-for-jadon-sancho/,0.5,0.465,1,1,0.5,0.5,0.465,0.465,2021-22,in,permanent,0,21.0,Left Winger,100000000.0,85000000.0,,0.85,15000000.0,0.7337,0.6069,0.4378,-0.014276,-0.027529,0.00951,0.044177,0.6123,0.007938,0.006339,-0.012291,-0.003595,-0.012291,neutral,neutral,train,neutral,neutral,1.0,0.0,1.0,0.0
2021-07-01,2021-07-01,Manchester United,Jadon Sancho,kickoff.com,Borussia Dortmund and Manchester United have confirmed Jadon Sancho,https://www.kickoff.com/news/articles/world-news/categories/news/english-premier-league/borussia-dortmund-and-manchester-united-have-confirmed-jadon-sancho-transfer-to-england/701580,0.5,0.465,1,1,0.5,0.5,0.465,0.465,2021-22,in,permanent,0,21.0,Left Winger,100000000.0,85000000.0,,0.85,15000000.0,0.7337,0.6069,0.5178,-0.014276,-0.027529,0.00951,0.044177,0.6123,0.007938,0.006339,-0.012291,-0.003595,-0.012291,neutral,neutral,train,neutral,neutral,1.0,0.0,1.0,0.0
2023-07-28,2023-07-28,Manchester United,Rasmus Højlund,caughtoffside.com,Transfer news : Key day in the Harry Kane / Bayern Munich saga,https://www.caughtoffside.com/2023/07/28/transfer-news-man-united-and-psg-pushing-for-talented-striker-key-day-for-kane-bayern-munich-saga-good-chance-arsenal-star-will-now-stay-and-more/,0.5,0.465,1,1,0.5,0.5,0.465,0.465,2023-24,in,permanent,0,20.0,Centre-Forward,45000000.0,77800000.0,,1.7289,-32800000.0,0.511,0.3888,0.4378,-0.002719,-0.05211,0.030724,0.037694,0.5312,-0.007125,0.003641,-0.069601,0.074391,-0.069601,negative,negative,train,negative,negative,1.0,1.0,0.0,0.0
2023-08-01,2023-08-01,Manchester United,Rasmus Højlund,caughtoffside.com,Photo : Rasmus Hojlund arrives at Man United Carrington complex for medical tests,https://www.caughtoffside.com/2023/08/01/photo-rasmus-hojlund-arrives-at-man-uniteds-carrington-complex-for-medical-tests/,0.5,0.675,1,1,0.5,0.5,0.675,0.675,2023-24,in,permanent,0,20.0,Centre-Forward,45000000.0,77800000.0,,1.7289,-32800000.0,0.511,0.3888,0.6112,0.024977,-0.063002,0.027066,0.040677,0.565,-0.090789,-0.073619,-0.072151,0.043803,-0.072151,negative,negative,train,negative,negative,1.0,1.0,0.0,0.0
2023-07-29,2023-07-29,Manchester United,Rasmus Højlund,thepeoplesperson.com,Rasmus Hojlund dropped from Atalanta friendly squad as he prepares for Manchester United move - Man United News And Transfer News,https://thepeoplesperson.com/2023/07/29/rasmus-hojlund-dropped-from-atalantas-friendly-squad-as-he-prepares-for-manchester-united-move-267314/,0.5,0.465,1,1,0.5,0.5,0.465,0.465,2023-24,in,permanent,0,20.0,Centre-Forward,45000000.0,77800000.0,,1.7289,-32800000.0,0.511,0.3888,0.4378,0.025968,-0.092301,0.028179,0.035336,0.5454,-0.081609,-0.102359,-0.106687,0.03459,-0.106687,negative,negative,train,negative,negative,1.0,1.0,0.0,0.0
2025-07-19,2025-07-19,Manchester United,Benjamin Sesko,caughtoffside.com,Man United step up talks to sign Benjamin Sesko this summer,https://www.caughtoffside.com/2025/07/19/man-united-ramp-up-efforts-sign-benjamin-sesko/,0.5,0.465,1,1,0.5,0.5,0.465,0.465,2025-26,in,permanent,0,22.0,Centre-Forward,70000000.0,76500000.0,,1.0929,-6500000.0,0.7041,0.5358,0.4778,-0.002259,0.279508,0.042346,0.060191,0.6577,0.011669,0.017029,0.007346,-0.014209,0.007346,neutral,neutral,test,neutral,negative,1.0,1.0,0.0,0.0
2025-08-07,2025-08-07,Manchester United,Benjamin Sesko,teamtalk.com,Benjamin Sesko : Two issues left to untie as Fabrizio Romano reveals Man Utd transfer will  get done ASAP  ,https://www.teamtalk.com/manchester-united/two-benjamin-sesko-issues-left-to-untie-fabrizio-romano-reveals-man-utd-transfer-get-done-asap,0.95,0.7575,1,1,0.95,0.95,0.7575,0.7575,2025-26,in,permanent,0,22.0,Centre-Forward,70000000.0,76500000.0,,1.0929,-6500000.0,0.7041,0.5358,0.7426,0.042319,-0.023357,0.01671,0.041512,0.6367,-0.042431,-0.034147,-0.038379,-0.042755,-0.038379,negative,negative,test,negative,neutral,1.0,0.0,1.0,0.0
2025-07-20,2025-07-20,Manchester United,Benjamin Sesko,caughtoffside.com,What Fabrizio Romano just heard about Benjamin Sesko to Man Utd,https://www.caughtoffside.com/2025/07/20/manchester-united-premier-league-fabrizio-romano-benjamin-sesko/,0.95,0.7575,1,1,0.95,0.95,0.7575,0.7575,2025-26,in,permanent,0,22.0,Centre-Forward,70000000.0,76500000.0,,1.0929,-6500000.0,0.7041,0.5358,0.7426,-0.002259,0.279508,0.042346,0.060191,0.6577,0.011669,0.017029,0.007346,-0.014209,0.007346,neutral,neutral,test,neutral,negative,1.0,1.0,0.0,0.0
2025-06-01,2025-06-01,Manchester United,Matheus Cunha,telecomasia.net,Manchester United Confirm the Signing of Matheus Cunha From Wolverhampton,https://www.telecomasia.net/blog/manchester-united-confirm-the-signing-of-matheus-cunha-from-wolverhampton/,0.5,0.465,1,1,0.5,0.5,0.465,0.465,2025-26,in,permanent,0,26.0,Centre-Forward,60000000.0,74200000.0,,1.2367,-14200000.0,0.6717,0.5025,0.5178,-0.025447,0.019424,0.022994,0.119066,0.6136,0.020295,-0.001526,-0.022,0.193508,-0.022,negative,negative,test,negative,neutral,1.0,0.0,1.0,0.0
2025-06-01,2025-06-01,Manchester United,Matheus Cunha,punchng.com,EPL : Manchester United sign Wolve Matheus Cunha for £62 . 5m,https://punchng.com/epl-manchester-united-sign-wolves-matheus-cunha-for-62-5m/,0.5,0.465,1,1,0.5,0.5,0.465,0.465,2025-26,in,permanent,0,26.0,Centre-Forward,60000000.0,74200000.0,,1.2367,-14200000.0,0.6717,0.5025,0.4378,-0.025447,0.019424,0.022994,0.119066,0.6136,0.020295,-0.001526,-0.022,0.193508,-0.022,negative,negative,test,negative,neutral,1.0,0.0,1.0,0.0
2025-06-01,2025-06-01,Manchester United,Matheus Cunha,nigerianeye.com,"Man Utd signs Brazil Cunha from Wolves - Latest News In Nigeria , Nigeria News Today , Your Online Nigerian Newspaper",https://www.nigerianeye.com/2025/06/man-utd-signs-brazils-cunha-from-wolves.html,0.5,0.465,1,1,0.5,0.5,0.465,0.465,2025-26,in,permanent,0,26.0,Centre-Forward,60000000.0,74200000.0,,1.2367,-14200000.0,0.6717,0.5025,0.4378,-0.025447,0.019424,0.022994,0.119066,0.6136,0.020295,-0.001526,-0.022,0.193508,-0.022,negative,negative,test,negative,neutral,1.0,0.0,1.0,0.0
2023-07-05,2023-07-05,Manchester United,Mason Mount,the42.ie,Mason Mount completes Manchester United move on five - year contract,https://www.the42.ie/mason-mount-to-man-united-6110189-Jul2023/,0.5,0.465,1,1,0.5,0.5,0.465,0.465,2023-24,in,permanent,0,24.0,Attacking Midfield,60000000.0,67700000.0,,1.1283,-7700000.0,0.7461,0.5796,0.5178,0.080088,0.303953,0.04075,0.062884,0.7486,-0.003397,-0.003432,-0.051701,-0.07177,-0.051701,negative,negative,train,negative,negative,1.0,1.0,0.0,0.0
2023-07-04,2023-07-04,Manchester United,Mason Mount,dostor.org,ماونت يجتاز الفحص الطبي قبل الانتقال لمانشستر يونايتد,https://www.dostor.org/4440158,0.5,0.465,1,1,0.5,0.5,0.465,0.465,2023-24,in,permanent,0,24.0,Attacking Midfield,60000000.0,67700000.0,,1.1283,-7700000.0,0.7461,0.5796,0.4378,0.080088,0.303953,0.04075,0.062884,0.7486,-0.003397,-0.003432,-0.051701,-0.07177,-0.051701,negative,negative,train,negative,negative,1.0,1.0,0.0,0.0
2023-07-05,2023-07-05,Manchester United,Mason Mount,economictimes.indiatimes.com,Mason Mount : Mason Mount reveals reason behind joining Manchester United . Here what it is,https://economictimes.indiatimes.com/news/international/us/mason-mount-reveals-reason-behind-joining-manchester-united-heres-what-it-is/articleshow/101523261.cms,0.5,0.465,1,1,0.5,0.5,0.465,0.465,2023-24,in,permanent,0,24.0,Attacking Midfield,60000000.0,67700000.0,,1.1283,-7700000.0,0.7461,0.5796,0.4378,0.080088,0.303953,0.04075,0.062884,0.7486,-0.003397,-0.003432,-0.051701,-0.07177,-0.051701,negative,negative,train,negative,negative,1.0,1.0,0.0,0.0
2022-07-07,2022-07-07,Juventus,Matthijs de Ligt,thehardtackle.com,Transfer News : Chelsea hit roadblock in Matthijs de Ligt pursuit,http://www.thehardtackle.com/transfer-news/2022/07/07/chelsea-hit-roadblock-in-matthijs-de-ligt-pursuit/,0.5,0.465,1,1,0.5,0.5,0.465,0.465,2022-23,out,permanent,0,22.0,Centre-Back,70000000.0,67000000.0,,0.9571,3000000.0,0.6604,0.5838,0.4378,-0.026189,-0.011931,0.023746,-0.147717,0.462,0.003451,0.012222,-0.075065,-0.053309,-0.075065,negative,negative,train,negative,negative,1.0,1.0,0.0,0.0
2022-07-05,2022-07-05,Juventus,Matthijs de Ligt,90min.com,Transfer rumours : Barca shock Ronaldo interest ; Martinez wants Premier League move,https://www.90min.com/posts/transfer-rumours-barca-shock-ronaldo-interest-martinez-wants-premier-league-move,0.5,0.465,1,1,0.5,0.5,0.465,0.465,2022-23,out,permanent,0,22.0,Centre-Back,70000000.0,67000000.0,,0.9571,3000000.0,0.6604,0.5838,0.4378,-0.028754,0.059849,0.025969,-0.106048,0.5065,0.024903,0.013298,0.024605,-0.070095,0.024605,positive,positive,train,positive,positive,1.0,0.0,0.0,1.0
2022-07-18,2022-07-18,Juventus,Matthijs de Ligt,pakobserver.net,Bayern Munich sign Matthijs de Ligt - Pakistan Observer,https://pakobserver.net/bayern-munich-sign-matthijs-de-ligt/,0.5,0.465,1,1,0.5,0.5,0.465,0.465,2022-23,out,permanent,0,22.0,Centre-Back,70000000.0,67000000.0,,0.9571,3000000.0,0.6604,0.5838,0.4378,-0.076221,-0.125064,0.026929,-0.147887,0.3531,0.019731,0.009467,0.00143,0.000809,0.00143,neutral,neutral,train,neutral,neutral,1.0,0.0,1.0,0.0
2024-06-23,2024-06-23,Manchester United,Leny Yoro,thehardtackle.com,"Leny Yoro reaches agreement to join Real Madrid , who step up interest",https://thehardtackle.com/transfer-news/2024/06/23/leny-yoro-reaches-agreement-to-join-real-madrid-who-step-up-interest/,0.5,0.675,1,1,0.5,0.5,0.675,0.675,2024-25,in,permanent,0,18.0,Centre-Back,50000000.0,62000000.0,,1.24,-12000000.0,0.571,0.3855,0.6112,-0.058824,0.026032,0.019544,0.048051,0.5644,0.004062,-0.000182,-0.015251,0.006987,-0.015251,neutral,neutral,train,neutral,neutral,1.0,0.0,1.0,0.0
2024-07-18,2024-07-18,Manchester United,Leny Yoro,caughtoffside.com,Manchester United reach personal agreement with Manuel Ugarte in late transfer update,https://www.caughtoffside.com/2024/07/18/1594629/,0.5,0.675,1,1,0.5,0.5,0.675,0.675,2024-25,in,permanent,0,18.0,Centre-Back,50000000.0,62000000.0,,1.24,-12000000.0,0.571,0.3855,0.6112,0.050816,-0.026163,0.020922,0.056116,0.635,-0.027537,-0.002625,0.011002,0.028087,0.011002,neutral,neutral,train,neutral,neutral,1.0,0.0,1.0,0.0
2024-07-18,2024-07-18,Manchester United,Leny Yoro,caughtoffside.com,Exclusive : Man United praised for  perfect  strategy to win race for Real Madrid transfer target,https://www.caughtoffside.com/2024/07/18/yoro-transfer-utd-strategy-praised/,0.5,0.465,1,1,0.5,0.5,0.465,0.465,2024-25,in,permanent,0,18.0,Centre-Back,50000000.0,62000000.0,,1.24,-12000000.0,0.571,0.3855,0.4378,0.050816,-0.026163,0.020922,0.056116,0.635,-0.027537,-0.002625,0.011002,0.028087,0.011002,neutral,neutral,train,neutral,neutral,1.0,0.0,1.0,0.0
2022-07-15,2022-07-15,Manchester United,Lisandro Martínez,dailypost.ng,Transfer : Hutchinson to join Chelsea as details of Man United deal for Martinez revealed,https://dailypost.ng/2022/07/15/transfer-hutchinson-to-join-chelsea-as-details-of-man-uniteds-deal-for-martinez-revealed/,0.5,0.465,1,1,0.5,0.5,0.465,0.465,2022-23,in,permanent,0,24.0,Centre-Back,32000000.0,57370000.0,,1.7928,-25370000.0,0.5966,0.4983,0.4378,-0.001852,-0.14172,0.021047,-0.075794,0.4677,0.034835,0.017906,0.01189,0.010527,0.01189,neutral,neutral,train,neutral,neutral,1.0,0.0,1.0,0.0
2022-07-17,2022-07-17,Manchester United,Lisandro Martínez,tsn.ca,Man United agrees $58M fee for Ajax defender Martínez,https://www.tsn.ca/man-united-agrees-58m-fee-for-ajax-defender-martinez-1.1826610,0.5,0.465,1,1,0.5,0.5,0.465,0.465,2022-23,in,permanent,0,24.0,Centre-Back,32000000.0,57370000.0,,1.7928,-25370000.0,0.5966,0.4983,0.4378,0.015668,-0.124006,0.021602,-0.075095,0.4898,0.015876,0.00377,0.008583,0.008567,0.008583,neutral,neutral,train,neutral,neutral,1.0,0.0,1.0,0.0
2022-07-17,2022-07-17,Manchester United,Lisandro Martínez,90min.com,Manchester United confirm agreement for Lisandro Martinez transfer,https://www.90min.com/posts/manchester-united-confirm-agreement-lisandro-martinez-transfer,0.5,0.675,1,1,0.5,0.5,0.675,0.675,2022-23,in,permanent,0,24.0,Centre-Back,32000000.0,57370000.0,,1.7928,-25370000.0,0.5966,0.4983,0.6912,0.015668,-0.124006,0.021602,-0.075095,0.4898,0.015876,0.00377,0.008583,0.008567,0.008583,neutral,neutral,train,neutral,neutral,1.0,0.0,1.0,0.0
2025-06-07,2025-06-07,Borussia Dortmund,Jamie Gittens,caughtoffside.com,Jamie Gittens transfer : Chelsea agree terms with Dortmund star,https://www.caughtoffside.com/2025/06/07/jamie-gittens-transfer-chelsea-agreed/,0.5,0.465,1,1,0.5,0.5,0.465,0.465,2025-26,out,permanent,0,20.0,Left Winger,50000000.0,56000000.0,,1.12,-6000000.0,0.697,0.6265,0.4378,-0.007812,0.211447,0.025189,0.092706,0.6987,-0.00351,-0.010071,-0.023534,-0.011178,-0.023534,negative,negative,test,negative,negative,1.0,1.0,0.0,0.0
2025-07-03,2025-07-03,Borussia Dortmund,Jamie Gittens,arabnews.com,Chelsea agree deal to sign English winger Gittens from Dortmund,https://www.arabnews.com/node/2606812/sport,0.5,0.465,1,1,0.5,0.5,0.465,0.465,2025-26,out,permanent,0,20.0,Left Winger,50000000.0,56000000.0,,1.12,-6000000.0,0.697,0.6265,0.4378,0.01292,0.015544,0.01055,-0.008711,0.6263,-0.00926,-0.014621,-0.030613,-0.028668,-0.030613,negative,negative,test,negative,negative,1.0,1.0,0.0,0.0
2025-06-11,2025-06-11,Borussia Dortmund,Jamie Gittens,weaintgotnohistory.sbnation.com,Chelsea end Mike Maignan interest ( for now ) - We Aint Got No History,https://weaintgotnohistory.sbnation.com/chelsea-fc-transfer-rumours-news/2025/6/10/24447020/chelsea-end-mike-maignan-interest-for-now-reports,0.5,0.465,1,1,0.5,0.5,0.465,0.465,2025-26,out,permanent,0,20.0,Left Winger,50000000.0,56000000.0,,1.12,-6000000.0,0.697,0.6265,0.4378,-0.001323,0.161538,0.024767,0.06964,0.6708,-0.023022,-0.01356,0.014381,0.007039,0.014381,neutral,neutral,test,neutral,negative,1.0,1.0,0.0,0.0
2024-06-22,2024-06-22,Juventus,Douglas Luiz,joe.co.uk,Douglas Luiz to join Juventus with two players heading to Aston Villa,https://www.joe.co.uk/news/douglas-luiz-to-join-juventus-with-two-players-heading-to-aston-villa-443549,0.5,0.465,1,1,0.5,0.5,0.465,0.465,2024-25,in,permanent,0,26.0,Central Midfield,70000000.0,51500000.0,,0.7357,18500000.0,0.7845,0.6832,0.4378,0.082759,0.125563,0.017383,-0.043285,0.6977,0.028573,-0.003978,0.014557,0.066339,0.014557,neutral,neutral,train,neutral,neutral,1.0,0.0,1.0,0.0
2024-06-30,2024-06-30,Juventus,Douglas Luiz,menafn.com,Juventus Sign Brazilian Midfielder Douglas Luiz On Five - Year Contract,https://menafn.com/1108390389/Juventus-Sign-Brazilian-Midfielder-Douglas-Luiz-On-Five-Year-Contract,0.5,0.465,1,1,0.5,0.5,0.465,0.465,2024-25,in,permanent,0,26.0,Central Midfield,70000000.0,51500000.0,,0.7357,18500000.0,0.7845,0.6832,0.4378,0.027862,0.139922,0.016791,-0.047983,0.6561,0.031302,0.022315,0.079529,0.087303,0.079529,positive,positive,train,positive,positive,1.0,0.0,0.0,1.0
2024-06-14,2024-06-14,Juventus,Douglas Luiz,teamtalk.com,"Mason Greenwood : Man Utd require West Ham favour to seal £40m transfer , as Fabrizio Romano tips shock new deal",https://www.teamtalk.com/manchester-united/man-utd-require-west-ham-favour-seal-40m-mason-greenwood-transfer-fabrizio-romano-tips-shock-new-deal,0.95,0.7575,1,1,0.95,0.95,0.7575,0.7575,2024-25,in,permanent,0,26.0,Central Midfield,70000000.0,51500000.0,,0.7357,18500000.0,0.7845,0.6832,0.7426,0.046392,0.08591,0.01731,-0.000565,0.6687,0.04007,0.02126,0.05488,0.099784,0.05488,positive,positive,train,positive,positive,1.0,0.0,0.0,1.0
2022-07-19,2022-07-19,Juventus,Bremer,90min.com,Juventus beat Inter to Gleison Bremer signing,https://www.90min.com/posts/juventus-beat-inter-gleison-bremer-signing,0.5,0.465,1,1,0.5,0.5,0.465,0.465,2022-23,in,permanent,0,25.0,Centre-Back,35000000.0,51300000.0,,1.4657,-16300000.0,0.6452,0.5059,0.4378,-0.078756,-0.090537,0.027772,-0.131207,0.3725,0.011952,-0.00714,-0.004901,-0.036925,-0.004901,neutral,neutral,train,neutral,neutral,1.0,0.0,1.0,0.0
2022-07-19,2022-07-19,Juventus,Bremer,teamtalk.com,Euro Paper Talk : Paratici ponders reviving  old obsession  Nicolo Zaniolo to finish Tottenham business in style,https://www.teamtalk.com/tottenham-hotspur/euro-transfer-gossip-nicolo-zaniolo-fabio-paratici-spurs-leicester-boubakary-soumare-monaco,0.5,0.465,1,1,0.5,0.5,0.465,0.465,2022-23,in,permanent,0,25.0,Centre-Back,35000000.0,51300000.0,,1.4657,-16300000.0,0.6452,0.5059,0.4378,-0.078756,-0.090537,0.027772,-0.131207,0.3725,0.011952,-0.00714,-0.004901,-0.036925,-0.004901,neutral,neutral,train,neutral,neutral,1.0,0.0,1.0,0.0
2022-07-21,2022-07-21,Juventus,Bremer,daijiworld.com,Serie A : Juventus sign Brazilian defender Bremer from Torino,https://www.daijiworld.com/news/newsDisplay?newsID=981186,0.5,0.465,1,1,0.5,0.5,0.465,0.465,2022-23,in,permanent,0,25.0,Centre-Back,35000000.0,51300000.0,,1.4657,-16300000.0,0.6452,0.5059,0.4378,0.023429,-0.052381,0.027684,-0.102158,0.4951,0.004755,0.002156,-0.013757,-0.058178,-0.013757,neutral,neutral,train,neutral,neutral,1.0,0.0,1.0,0.0
2023-07-14,2023-07-14,Manchester United,André Onana,caughtoffside.com,Transfer news : Andre Onana move to Man United is now imminent,https://www.caughtoffside.com/2023/07/14/transfer-news-onana-to-man-united-is-imminent-saudi-clubs-pushing-for-liverpool-stars-latest-on-lukakus-future-and-more/,0.5,0.465,1,1,0.5,0.5,0.465,0.465,2023-24,in,permanent,0,27.0,Goalkeeper,35000000.0,50200000.0,,1.4343,-15200000.0,0.6023,0.4511,0.4378,-0.061733,0.187888,0.040476,0.079001,0.5784,0.025313,0.027508,-0.044233,-0.037448,-0.044233,negative,negative,train,negative,negative,1.0,1.0,0.0,0.0
2023-07-14,2023-07-14,Manchester United,André Onana,dailypost.ng,Transfer : Fabrizio Romano gives update on Man Utd pursuit of Onana,https://dailypost.ng/2023/07/14/transfer-fabrizio-romano-gives-update-on-man-utd-pursuit-of-onana/,0.95,0.7575,1,1,0.95,0.95,0.7575,0.7575,2023-24,in,permanent,0,27.0,Goalkeeper,35000000.0,50200000.0,,1.4343,-15200000.0,0.6023,0.4511,0.7426,-0.061733,0.187888,0.040476,0.079001,0.5784,0.025313,0.027508,-0.044233,-0.037448,-0.044233,negative,negative,train,negative,negative,1.0,1.0,0.0,0.0
2023-07-17,2023-07-17,Manchester United,André Onana,thepeoplesperson.com,Fabrizio Romano reveals when Andre Onana will arrive at Man United to seal his move - Man United News And Transfer News,https://thepeoplesperson.com/2023/07/17/fabrizio-romano-reveals-when-andre-onana-will-arrive-at-man-united-to-seal-his-move-266757/,0.95,0.7575,1,1,0.95,0.95,0.7575,0.7575,2023-24,in,permanent,0,27.0,Goalkeeper,35000000.0,50200000.0,,1.4343,-15200000.0,0.6023,0.4511,0.7426,-0.057178,0.233585,0.03961,0.067377,0.6013,0.024344,0.02648,-0.046435,-0.037539,-0.046435,negative,negative,train,negative,negative,1.0,1.0,0.0,0.0
2023-06-14,2023-06-14,Borussia Dortmund,Jude Bellingham,The Guardian / David Tindall,Real Madrid complete signing of Jude Bellingham from Borussia Dortmund,https://www.theguardian.com/football/2023/jun/14/real-madrid-confirm-signing-of-jude-bellingham-from-borussia-dortmund,0.84,0.686,1,1,0.84,0.84,0.686,0.686,2023-24,out,permanent,0,20.0,Attacking Midfield,120000000.0,127000000.0,,1.0583,-7000000.0,0.6831,0.6103,0.7481,0.062718,0.079009,0.063684,0.02628,0.5262,0.021127,0.00639,-0.027869,-0.033496,-0.027869,negative,negative,train,negative,negative,1.0,1.0,0.0,0.0
2023-06-07,2023-06-07,Borussia Dortmund,Jude Bellingham,The Guardian / Fabrizio Romano,Real Madrid seal initial €103m deal to buy Jude Bellingham from Dortmund,https://www.theguardian.com/football/2023/jun/07/real-madrid-jude-bellingham-seal-initial-100m-deal-borussia-dortmund,0.95,0.9675,1,1,0.95,0.95,0.9675,0.9675,2023-24,out,permanent,0,20.0,Attacking Midfield,120000000.0,127000000.0,,1.0583,-7000000.0,0.6831,0.6103,0.8161,0.006993,-0.021518,0.064239,0.00758,0.4185,0.014634,0.016197,0.014861,0.016057,0.014861,neutral,neutral,train,neutral,neutral,1.0,0.0,1.0,0.0
2023-06-08,2023-06-08,Borussia Dortmund,Jude Bellingham,The Guardian / Sid Lowe in Madrid,Jude Bellingham is 19 years old but ready to be Real Madrid’s everything | Sid Lowe,https://www.theguardian.com/football/2023/jun/08/football-jude-bellingham-real-madrid-england-dortmund,0.84,0.686,1,1,0.84,0.84,0.686,0.686,2023-24,out,permanent,0,20.0,Attacking Midfield,120000000.0,127000000.0,,1.0583,-7000000.0,0.6831,0.6103,0.6681,0.047045,-0.015873,0.06424,0.010435,0.4577,0.035965,0.033268,0.024825,-0.012963,0.024825,positive,positive,train,positive,positive,1.0,0.0,0.0,1.0
2023-06-22,2023-06-22,Borussia Dortmund,Jude Bellingham,The Guardian / Daniel Gallan,Football transfer rumours: Newcastle to sign Rúben Neves and Sadio Mané?,https://www.theguardian.com/football/2023/jun/22/football-transfer-rumours-newcastle-ruben-neves-sadio-mane,0.84,0.686,1,1,0.84,0.84,0.686,0.686,2023-24,out,permanent,0,20.0,Attacking Midfield,120000000.0,127000000.0,,1.0583,-7000000.0,0.6831,0.6103,0.6681,-0.051366,-0.026906,0.063559,0.011886,0.3693,0.013646,0.01412,-0.010089,-0.02435,-0.010089,neutral,neutral,train,neutral,neutral,1.0,0.0,1.0,0.0
2023-06-15,2023-06-15,Borussia Dortmund,Jude Bellingham,The Guardian / Sid Lowe in Madrid,Jude Bellingham makes pitch-perfect start to epic adventure at Real Madrid | Sid Lowe,https://www.theguardian.com/football/2023/jun/15/jude-bellingham-makes-pitch-perfect-start-to-epic-adventure-at-real-madrid,0.84,0.686,1,1,0.84,0.84,0.686,0.686,2023-24,out,permanent,0,20.0,Attacking Midfield,120000000.0,127000000.0,,1.0583,-7000000.0,0.6831,0.6103,0.6681,0.076389,0.088993,0.063718,0.036643,0.548,-0.004968,-0.01572,-0.057203,-0.06083,-0.057203,negative,negative,train,negative,negative,1.0,1.0,0.0,0.0
2022-08-30,2022-08-30,Manchester United,Antony,The Guardian / Jamie Jackson,Manchester United reach agreement on €100m deal to sign Antony,https://www.theguardian.com/football/2022/aug/30/manchester-united-reach-agreement-on-100m-deal-to-sign-antony,0.84,0.896,1,1,0.84,0.84,0.896,0.896,2022-23,in,permanent,0,22.0,Right Winger,35000000.0,95000000.0,,2.7143,-60000000.0,0.5,0.4167,0.8416,-0.044591,0.171147,0.030472,0.023858,0.594,0.04138,0.041817,0.049863,0.096179,0.049863,positive,positive,train,positive,positive,1.0,0.0,0.0,1.0
2022-08-29,2022-08-29,Manchester United,Antony,The Guardian / Fabrizio Romano,Manchester United agree loan deal for Dubravka as Antony completes medical,https://www.theguardian.com/football/2022/aug/29/manchester-united-agree-deal-to-sign-martin-dubravka-from-newcastle,0.95,0.9675,1,1,0.95,0.95,0.9675,0.9675,2022-23,in,permanent,0,22.0,Right Winger,35000000.0,95000000.0,,2.7143,-60000000.0,0.5,0.4167,0.9961,-0.054676,0.192377,0.03042,0.059206,0.613,0.01363,0.021223,0.036188,0.103222,0.036188,positive,positive,train,positive,positive,1.0,0.0,0.0,1.0
2022-09-01,2022-09-01,Manchester United,Antony,The Guardian / Jamie Jackson,Antony seals €100m Manchester United move as Dubrakva joins on loan,https://www.theguardian.com/football/2022/sep/01/antony-completes-manchester-united-move-ajax,0.84,0.686,1,1,0.84,0.84,0.686,0.686,2022-23,in,permanent,0,22.0,Right Winger,35000000.0,95000000.0,,2.7143,-60000000.0,0.5,0.4167,0.6681,0.002237,0.190434,0.03049,-0.01099,0.6267,0.025905,0.006605,0.075826,0.080035,0.075826,positive,positive,train,positive,positive,1.0,0.0,0.0,1.0
2022-08-26,2022-08-26,Manchester United,Antony,The Guardian / Gregg Bakowski,Football transfer rumours: Asensio to Manchester United? Maupay to Everton?,https://www.theguardian.com/football/2022/aug/26/football-transfer-rumours-asensio-to-manchester-united-maupay-to-everton,0.84,0.686,1,1,0.84,0.84,0.686,0.686,2022-23,in,permanent,0,22.0,Right Winger,35000000.0,95000000.0,,2.7143,-60000000.0,0.5,0.4167,0.6681,-0.007315,0.231397,0.029585,0.086965,0.6899,-0.006762,-0.008475,0.033279,0.112571,0.033279,positive,positive,train,positive,positive,1.0,0.0,0.0,1.0
2022-08-08,2022-08-08,Manchester United,Antony,"The Guardian / Jamie Jackson, Fabrizio Romano and Jacob Steinberg",Manchester United reach agreement to sign Adrien Rabiot for initial £15m,https://www.theguardian.com/football/2022/aug/08/manchester-united-reach-agreement-to-sign-adrien-rabiot-for-15m-transfer-window,0.95,0.9675,1,1,0.95,0.95,0.9675,0.9675,2022-23,in,permanent,0,22.0,Right Winger,35000000.0,95000000.0,,2.7143,-60000000.0,0.5,0.4167,0.9161,0.032287,-0.005186,0.013738,0.059679,0.6563,-0.015276,-0.005192,0.067167,0.172179,0.067167,positive,positive,train,positive,positive,1.0,0.0,0.0,1.0
2022-01-13,2022-01-13,Juventus,Dušan Vlahović,The Guardian / Fabrizio Romano,Arsenal pushing to sign Juventus midfielder Arthur Melo on loan,https://www.theguardian.com/football/2022/jan/13/arsenal-pushing-to-sign-juventus-midfielder-arthur-melo-on-loan,0.95,0.7575,1,1,0.95,0.95,0.7575,0.7575,2021-22,in,permanent,0,22.0,Centre-Forward,70000000.0,85400000.0,,1.22,-15400000.0,0.6755,0.5044,0.7426,-0.102848,-0.215044,0.033076,0.073603,0.3759,0.010734,0.022363,0.042102,0.094287,0.042102,positive,positive,train,positive,positive,1.0,0.0,0.0,1.0
2022-01-31,2022-01-31,Juventus,Dušan Vlahović,The Guardian / PA Media and Guardian sport,Rangers sign Aaron Ramsey on loan from Juventus for rest of season,https://www.theguardian.com/football/2022/jan/31/rangers-sign-aaron-ramsey-on-loan-from-juventus-for-rest-of-season,0.84,0.686,1,1,0.84,0.84,0.686,0.686,2021-22,in,permanent,0,22.0,Centre-Forward,70000000.0,85400000.0,,1.22,-15400000.0,0.6755,0.5044,0.6681,0.092437,0.025776,0.032503,-0.008102,0.6222,-0.028485,-0.054779,-0.053603,0.00687,-0.053603,negative,negative,train,negative,negative,1.0,1.0,0.0,0.0
2022-01-27,2022-01-27,Juventus,Dušan Vlahović,"The Guardian / Fabrizio Romano, Will Unwin, Jacob Steinberg and PA Media",Transfer roundup: Rangers seal Diallo loan as Juventus land €75m Vlahovic,https://www.theguardian.com/football/2022/jan/27/transfer-round-up-rangers-diallo-loan-manchester-united-nottingham-forest-reject-johnson-bid-brentford,0.95,0.7575,1,1,0.95,0.95,0.7575,0.7575,2021-22,in,permanent,0,22.0,Centre-Forward,70000000.0,85400000.0,,1.22,-15400000.0,0.6755,0.5044,0.7426,0.095376,-0.033163,0.032938,0.002335,0.6006,0.07937,0.040517,-0.014019,-0.008531,-0.014019,neutral,neutral,train,neutral,neutral,1.0,0.0,1.0,0.0
2022-01-30,2022-01-30,Juventus,Dušan Vlahović,The Guardian / Andy Hunter and Fabrizio Romano,Liverpool sign Luis Díaz for initial €40m and target Fulham’s Fabio Carvalho,https://www.theguardian.com/football/2022/jan/30/liverpool-luis-diaz-tottenham-kulusevski-bentancur-transfer-news,0.95,0.7575,1,1,0.95,0.95,0.7575,0.7575,2021-22,in,permanent,0,22.0,Centre-Forward,70000000.0,85400000.0,,1.22,-15400000.0,0.6755,0.5044,0.7426,0.092437,0.025776,0.032503,-0.008102,0.6222,-0.028485,-0.054779,-0.053603,0.00687,-0.053603,negative,negative,train,negative,negative,1.0,1.0,0.0,0.0
2022-01-25,2022-01-25,Juventus,Dušan Vlahović,The Guardian / Fabrizio Romano,Juventus strike €75m deal to sign Dusan Vlahovic from Fiorentina,https://www.theguardian.com/football/2022/jan/25/juventus-75m-deal-sign-dusan-vlahovic-from-fiorentina,0.95,0.9675,1,1,0.95,0.95,0.9675,0.9675,2021-22,in,permanent,0,22.0,Centre-Forward,70000000.0,85400000.0,,1.22,-15400000.0,0.6755,0.5044,0.8161,-0.002915,-0.181818,0.030387,-0.028029,0.4381,0.107563,0.094389,0.134715,0.080978,0.134715,positive,positive,train,positive,positive,1.0,0.0,0.0,1.0
2021-07-23,2021-07-23,Borussia Dortmund,Jadon Sancho,The Guardian / Guardian sport,Jadon Sancho seals £73m Manchester United move from Dortmund,https://www.theguardian.com/football/2021/jul/23/jadon-sancho-seals-73m-manchester-united-move-from-dortmund,0.84,0.686,1,1,0.84,0.84,0.686,0.686,2021-22,out,permanent,0,21.0,Left Winger,100000000.0,85000000.0,,0.85,15000000.0,0.6362,0.5556,0.6681,0.008237,-0.059908,0.015578,-0.011389,0.5671,-0.018006,-0.001309,-0.006112,0.00721,-0.006112,neutral,neutral,train,neutral,neutral,1.0,0.0,1.0,0.0
2021-07-01,2021-07-01,Borussia Dortmund,Jadon Sancho,The Guardian / Fabrizio Romano and Jamie Jackson,Jadon Sancho set to join Manchester United after £73m deal agreed,https://www.theguardian.com/football/2021/jun/30/jadon-sancho-set-to-join-manchester-united-after-78m-deal-agreed,0.95,0.7575,1,1,0.95,0.95,0.7575,0.7575,2021-22,out,permanent,0,21.0,Left Winger,100000000.0,85000000.0,,0.85,15000000.0,0.6362,0.5556,0.7426,-0.01035,-0.008772,0.015087,0.027623,0.5963,0.002631,0.001922,0.008237,-0.047711,0.008237,neutral,neutral,train,neutral,neutral,1.0,0.0,1.0,0.0
2021-06-23,2021-06-23,Borussia Dortmund,Jadon Sancho,The Guardian / Fabrizio Romano,Manchester United increase offer for Jadon Sancho to £73m,https://www.theguardian.com/football/2021/jun/23/manchester-united-increase-offer-for-jadon-sancho-to-73m,0.95,0.7575,1,1,0.95,0.95,0.7575,0.7575,2021-22,out,permanent,0,21.0,Left Winger,100000000.0,85000000.0,,0.85,15000000.0,0.6362,0.5556,0.7426,-0.036071,0.064407,0.018892,0.034166,0.5979,-0.032513,-0.01497,-0.01426,-0.022579,-0.01426,neutral,neutral,train,neutral,neutral,1.0,0.0,1.0,0.0
2021-07-01,2021-07-01,Borussia Dortmund,Jadon Sancho,The Guardian / Ed Aarons,‘Huge ambitions and courage’: the unstoppable rise of Jadon Sancho ,https://www.theguardian.com/football/2021/jul/01/unstoppable-rise-of-jadon-sancho-manchester-united,0.84,0.686,1,1,0.84,0.84,0.686,0.686,2021-22,out,permanent,0,21.0,Left Winger,100000000.0,85000000.0,,0.85,15000000.0,0.6362,0.5556,0.6681,-0.01035,-0.008772,0.015087,0.027623,0.5963,0.002631,0.001922,0.008237,-0.047711,0.008237,neutral,neutral,train,neutral,neutral,1.0,0.0,1.0,0.0
2021-07-23,2021-07-23,Borussia Dortmund,Jadon Sancho,The Guardian / Jamie Jackson,"Jadon Sancho, the 'generational' player who could be a bargain for Manchester United | Jamie Jackson",https://www.theguardian.com/football/2021/jul/23/jadon-sancho-the-generational-player-who-could-be-a-bargain-for-manchester-united,0.84,0.686,1,1,0.84,0.84,0.686,0.686,2021-22,out,permanent,0,21.0,Left Winger,100000000.0,85000000.0,,0.85,15000000.0,0.6362,0.5556,0.6681,0.008237,-0.059908,0.015578,-0.011389,0.5671,-0.018006,-0.001309,-0.006112,0.00721,-0.006112,neutral,neutral,train,neutral,neutral,1.0,0.0,1.0,0.0
2021-07-23,2021-07-23,Manchester United,Jadon Sancho,The Guardian / Guardian sport,Jadon Sancho seals £73m Manchester United move from Dortmund,https://www.theguardian.com/football/2021/jul/23/jadon-sancho-seals-73m-manchester-united-move-from-dortmund,0.84,0.686,1,1,0.84,0.84,0.686,0.686,2021-22,in,permanent,0,21.0,Left Winger,100000000.0,85000000.0,,0.85,15000000.0,0.7337,0.6069,0.6681,0.0493,0.003824,0.011561,0.030265,0.6686,0.012758,0.000601,0.022553,0.032156,0.022553,positive,positive,train,positive,positive,1.0,0.0,0.0,1.0
2021-07-01,2021-07-01,Manchester United,Jadon Sancho,The Guardian / Fabrizio Romano and Jamie Jackson,Jadon Sancho set to join Manchester United after £73m deal agreed,https://www.theguardian.com/football/2021/jun/30/jadon-sancho-set-to-join-manchester-united-after-78m-deal-agreed,0.95,0.7575,1,1,0.95,0.95,0.7575,0.7575,2021-22,in,permanent,0,21.0,Left Winger,100000000.0,85000000.0,,0.85,15000000.0,0.7337,0.6069,0.7426,-0.014276,-0.027529,0.00951,0.044177,0.6123,0.007938,0.006339,-0.012291,-0.003595,-0.012291,neutral,neutral,train,neutral,neutral,1.0,0.0,1.0,0.0
2021-06-23,2021-06-23,Manchester United,Jadon Sancho,The Guardian / Fabrizio Romano,Manchester United increase offer for Jadon Sancho to £73m,https://www.theguardian.com/football/2021/jun/23/manchester-united-increase-offer-for-jadon-sancho-to-73m,0.95,0.7575,1,1,0.95,0.95,0.7575,0.7575,2021-22,in,permanent,0,21.0,Left Winger,100000000.0,85000000.0,,0.85,15000000.0,0.7337,0.6069,0.7426,-0.005806,-0.03567,0.012439,0.022721,0.5946,0.003992,0.010124,-0.001856,0.006974,-0.001856,neutral,neutral,train,neutral,neutral,1.0,0.0,1.0,0.0
2021-07-23,2021-07-23,Manchester United,Jadon Sancho,The Guardian / Jamie Jackson,"Jadon Sancho, the 'generational' player who could be a bargain for Manchester United | Jamie Jackson",https://www.theguardian.com/football/2021/jul/23/jadon-sancho-the-generational-player-who-could-be-a-bargain-for-manchester-united,0.84,0.686,1,1,0.84,0.84,0.686,0.686,2021-22,in,permanent,0,21.0,Left Winger,100000000.0,85000000.0,,0.85,15000000.0,0.7337,0.6069,0.6681,0.0493,0.003824,0.011561,0.030265,0.6686,0.012758,0.000601,0.022553,0.032156,0.022553,positive,positive,train,positive,positive,1.0,0.0,0.0,1.0
2021-07-01,2021-07-01,Manchester United,Jadon Sancho,The Guardian / Ed Aarons,‘Huge ambitions and courage’: the unstoppable rise of Jadon Sancho ,https://www.theguardian.com/football/2021/jul/01/unstoppable-rise-of-jadon-sancho-manchester-united,0.84,0.686,1,1,0.84,0.84,0.686,0.686,2021-22,in,permanent,0,21.0,Left Winger,100000000.0,85000000.0,,0.85,15000000.0,0.7337,0.6069,0.6681,-0.014276,-0.027529,0.00951,0.044177,0.6123,0.007938,0.006339,-0.012291,-0.003595,-0.012291,neutral,neutral,train,neutral,neutral,1.0,0.0,1.0,0.0
2023-08-05,2023-08-05,Manchester United,Rasmus Højlund,The Guardian / John Brewin and PA Media,Manchester United unveil new signing Rasmus Højlund before Lens friendly,https://www.theguardian.com/football/2023/aug/05/manchester-united-unveil-rasmus-hojlund-lens-friendly,0.84,0.686,1,1,0.84,0.84,0.686,0.686,2023-24,in,permanent,0,20.0,Centre-Forward,45000000.0,77800000.0,,1.7289,-32800000.0,0.511,0.3888,0.6681,-0.069514,-0.093805,0.029949,0.029827,0.4518,0.16173,0.142536,0.118826,0.136812,0.118826,positive,positive,train,positive,positive,1.0,0.0,0.0,1.0
2023-07-27,2023-07-27,Manchester United,Rasmus Højlund,The Guardian / Jamie Jackson in Houston,Manchester United confident of signing Rasmus Højlund before season starts,https://www.theguardian.com/football/2023/jul/27/manchester-united-confident-signing-rasmus-hojlund-before-season-starts-atalanta,0.84,0.686,1,1,0.84,0.84,0.686,0.686,2023-24,in,permanent,0,20.0,Centre-Forward,45000000.0,77800000.0,,1.7289,-32800000.0,0.511,0.3888,0.6681,-0.057953,-0.027511,0.030784,0.04526,0.498,0.007305,0.009623,-0.092959,0.063254,-0.092959,negative,negative,train,negative,negative,1.0,1.0,0.0,0.0
2023-07-29,2023-07-29,Manchester United,Rasmus Højlund,The Guardian / Jamie Jackson,Manchester United agree deal to sign Atalanta striker Rasmus Højlund,https://www.theguardian.com/football/2023/jul/29/manchester-united-agree-deal-to-sign-atalanta-striker-rasmus-hjlund,0.84,0.686,1,1,0.84,0.84,0.686,0.686,2023-24,in,permanent,0,20.0,Centre-Forward,45000000.0,77800000.0,,1.7289,-32800000.0,0.511,0.3888,0.6681,0.025968,-0.092301,0.028179,0.035336,0.5454,-0.081609,-0.102359,-0.106687,0.03459,-0.106687,negative,negative,train,negative,negative,1.0,1.0,0.0,0.0
2023-07-26,2023-07-26,Manchester United,Rasmus Højlund,The Guardian / Fabrizio Romano,Manchester United make offer worth up to £51.4m for Atalanta’s Rasmus Højlund,https://www.theguardian.com/football/2023/jul/26/manchester-united-make-offer-worth-up-to-514m-for-atalantas-rasmus-hjlund,0.95,0.7575,1,1,0.95,0.95,0.7575,0.7575,2023-24,in,permanent,0,20.0,Centre-Forward,45000000.0,77800000.0,,1.7289,-32800000.0,0.511,0.3888,0.7426,-0.05666,0.108296,0.039775,0.05267,0.5346,-0.012261,-0.013342,-0.009636,-0.081728,-0.009636,neutral,neutral,train,neutral,neutral,1.0,0.0,1.0,0.0
2023-07-07,2023-07-07,Manchester United,Rasmus Højlund,The Guardian / Jacob Steinberg,Manchester United close on André Onana deal and target Rasmus Højlund,https://www.theguardian.com/football/2023/jul/07/manchester-united-close-on-andre-onana-deal-and-target-rasmus-hjlund,0.84,0.686,1,1,0.84,0.84,0.686,0.686,2023-24,in,permanent,0,20.0,Centre-Forward,45000000.0,77800000.0,,1.7289,-32800000.0,0.511,0.3888,0.6681,0.012917,0.267466,0.039927,0.064167,0.6761,-0.051302,-0.047093,-0.062837,-0.037933,-0.062837,negative,negative,train,negative,negative,1.0,1.0,0.0,0.0
2025-08-06,2025-08-06,Manchester United,Benjamin Sesko,The Guardian / Will Unwin,Manchester United confident of beating Newcastle to signing Benjamin Sesko,https://www.theguardian.com/football/2025/aug/06/manchester-united-confident-of-beating-newcastle-to-benjamin-sesko-signing,0.84,0.686,1,1,0.84,0.84,0.686,0.686,2025-26,in,permanent,0,22.0,Centre-Forward,70000000.0,76500000.0,,1.0929,-6500000.0,0.7041,0.5358,0.6681,0.033276,-0.063929,0.018421,0.03398,0.5997,0.009472,-0.007735,-0.030362,-0.038062,-0.030362,negative,negative,test,negative,neutral,1.0,0.0,1.0,0.0
2025-08-09,2025-08-09,Manchester United,Benjamin Sesko,The Guardian / Andy Martin,Manchester United seal £73.7m deal for Benjamin Sesko from RB Leipzig,https://www.theguardian.com/football/2025/aug/09/manchester-united-seal-76m-deal-benjamin-sesko-leipzig,0.84,0.686,1,1,0.84,0.84,0.686,0.686,2025-26,in,permanent,0,22.0,Centre-Forward,70000000.0,76500000.0,,1.0929,-6500000.0,0.7041,0.5358,0.6681,-0.005117,-0.036874,0.017352,0.035052,0.5831,-0.037827,-0.003456,-0.016689,-0.01247,-0.016689,neutral,neutral,test,neutral,neutral,1.0,0.0,1.0,0.0
2025-08-07,2025-08-07,Manchester United,Benjamin Sesko,The Guardian / Will Unwin,Manchester United agree £73.3m deal to sign Benjamin Sesko from RB Leipzig,https://www.theguardian.com/football/2025/aug/07/manchester-united-agree-deal-to-sign-benjamin-sesko-rb-leipzig,0.84,0.896,1,1,0.84,0.84,0.896,0.896,2025-26,in,permanent,0,22.0,Centre-Forward,70000000.0,76500000.0,,1.0929,-6500000.0,0.7041,0.5358,0.7416,0.042319,-0.023357,0.01671,0.041512,0.6367,-0.042431,-0.034147,-0.038379,-0.042755,-0.038379,negative,negative,test,negative,neutral,1.0,0.0,1.0,0.0
2025-08-13,2025-08-13,Manchester United,Benjamin Sesko,The Guardian / Andy Brassell,Manchester United show patience and hope for big things from Benjamin Sesko | Andy Brassell,https://www.theguardian.com/football/2025/aug/13/manchester-united-benjamin-sesko,0.84,0.686,1,1,0.84,0.84,0.686,0.686,2025-26,in,permanent,0,22.0,Centre-Forward,70000000.0,76500000.0,,1.0929,-6500000.0,0.7041,0.5358,0.6681,-0.009577,0.034726,0.014839,0.039973,0.6246,-0.028817,-0.012933,-0.002383,-0.010571,-0.002383,neutral,neutral,test,neutral,negative,1.0,1.0,0.0,0.0
2025-08-05,2025-08-05,Manchester United,Benjamin Sesko,The Guardian / Louise Taylor and Will Unwin,Manchester United rival Newcastle with Sesko bid and believe he prefers Old Trafford,https://www.theguardian.com/football/2025/aug/05/manchester-united-newcastle-benjamin-sesko-bids,0.84,0.686,1,1,0.84,0.84,0.686,0.686,2025-26,in,permanent,0,22.0,Centre-Forward,70000000.0,76500000.0,,1.0929,-6500000.0,0.7041,0.5358,0.6681,0.017192,-0.065298,0.018376,0.050583,0.5934,0.008049,0.009634,-0.023817,-0.040636,-0.023817,negative,negative,test,negative,negative,1.0,1.0,0.0,0.0
2025-07-21,2025-07-21,Manchester United,Bryan Mbeumo,The Guardian / Will Unwin,‘Club of my dreams’: Bryan Mbeumo seals £71m Manchester United move,https://www.theguardian.com/football/2025/jul/21/club-of-my-dreams-bryan-mbeumo-seals-71m-manchester-united-move,0.84,0.686,1,1,0.84,0.84,0.686,0.686,2025-26,in,permanent,0,25.0,Right Winger,55000000.0,75000000.0,,1.3636,-20000000.0,0.6682,0.5174,0.6681,-0.002259,0.279508,0.042346,0.060191,0.6577,0.011669,0.017029,0.007346,-0.014209,0.007346,neutral,neutral,test,neutral,negative,1.0,1.0,0.0,0.0
2025-07-17,2025-07-17,Manchester United,Bryan Mbeumo,The Guardian / Will Unwin,Manchester United make improved Bryan Mbeumo bid with £70m package,https://www.theguardian.com/football/2025/jul/17/manchester-united-bryan-mbeumo-improved-bid-70m-brentford,0.84,0.686,1,1,0.84,0.84,0.686,0.686,2025-26,in,permanent,0,25.0,Right Winger,55000000.0,75000000.0,,1.3636,-20000000.0,0.6682,0.5174,0.6681,0.037015,0.243834,0.042676,0.049131,0.6686,-0.004382,-0.003022,0.014405,-0.027706,0.014405,neutral,neutral,test,neutral,negative,1.0,1.0,0.0,0.0
2025-06-25,2025-06-25,Manchester United,Bryan Mbeumo,The Guardian / Jamie Jackson,Manchester United close on £60m-plus deal to buy Brentford’s Bryan Mbeumo,https://www.theguardian.com/football/2025/jun/25/manchester-united-close-deal-buy-bryan-mbeumo-brentford,0.84,0.686,1,1,0.84,0.84,0.686,0.686,2025-26,in,permanent,0,25.0,Right Winger,55000000.0,75000000.0,,1.3636,-20000000.0,0.6682,0.5174,0.6681,0.115362,0.316906,0.044321,0.042434,0.7367,-0.054004,-0.059338,-0.089401,-0.119342,-0.089401,negative,negative,test,negative,negative,1.0,1.0,0.0,0.0
2025-07-18,2025-07-18,Manchester United,Bryan Mbeumo,The Guardian / Will Unwin,Manchester United agree deal to buy Bryan Mbeumo for initial £65m,https://www.theguardian.com/football/2025/jul/18/manchester-united-agree-deal-bryan-mbeumo-brentford-initial-65m,0.84,0.686,1,1,0.84,0.84,0.686,0.686,2025-26,in,permanent,0,25.0,Right Winger,55000000.0,75000000.0,,1.3636,-20000000.0,0.6682,0.5174,0.6681,0.005093,0.272206,0.042426,0.054691,0.6577,-0.004885,-0.006963,0.015131,-0.038418,0.015131,neutral,neutral,test,neutral,negative,1.0,1.0,0.0,0.0
2025-06-23,2025-06-23,Manchester United,Bryan Mbeumo,The Guardian / Jamie Jackson and Jacob Steinberg,Manchester United increase offer for Brentford’s Bryan Mbeumo to £60m,https://www.theguardian.com/football/2025/jun/23/manchester-united-bryan-mbeumo-brentford-transfer-window,0.84,0.686,1,1,0.84,0.84,0.686,0.686,2025-26,in,permanent,0,25.0,Right Winger,55000000.0,75000000.0,,1.3636,-20000000.0,0.6682,0.5174,0.6681,0.028419,0.212142,0.041575,0.053655,0.6523,0.104338,0.096708,0.041496,-0.002263,0.041496,positive,positive,test,positive,negative,1.0,1.0,0.0,0.0
2025-06-01,2025-06-01,Manchester United,Matheus Cunha,The Guardian / Will Unwin,Manchester United confirm agreement to sign Matheus Cunha from Wolves,https://www.theguardian.com/football/2025/jun/01/manchester-united-matheus-cunha-wolves-agreement,0.84,0.896,1,1,0.84,0.84,0.896,0.896,2025-26,in,permanent,0,26.0,Centre-Forward,60000000.0,74200000.0,,1.2367,-14200000.0,0.6717,0.5025,0.9216,-0.025447,0.019424,0.022994,0.119066,0.6136,0.020295,-0.001526,-0.022,0.193508,-0.022,negative,negative,test,negative,neutral,1.0,0.0,1.0,0.0
2025-06-12,2025-06-12,Manchester United,Matheus Cunha,The Guardian / Jamie Jackson,Matheus Cunha seals ‘dream’ £62.5m Manchester United move on deal to 2030,https://www.theguardian.com/football/2025/jun/12/matheus-cunha-signs-manchester-united-dream,0.84,0.686,1,1,0.84,0.84,0.686,0.686,2025-26,in,permanent,0,26.0,Centre-Forward,60000000.0,74200000.0,,1.2367,-14200000.0,0.6717,0.5025,0.6681,0.190275,0.229258,0.041434,0.081375,0.7665,0.025344,0.029131,0.036457,0.13984,0.036457,positive,positive,test,positive,positive,1.0,0.0,0.0,1.0
2025-07-04,2025-07-04,Manchester United,Matheus Cunha,The Guardian / Will Unwin,"Garnacho, Rashford and Sancho among five who tell Manchester United they want out",https://www.theguardian.com/football/2025/jul/04/marcus-rashford-to-report-for-pre-season-training-at-manchester-united-next-week,0.84,0.686,1,1,0.84,0.84,0.686,0.686,2025-26,in,permanent,0,26.0,Centre-Forward,60000000.0,74200000.0,,1.2367,-14200000.0,0.6717,0.5025,0.6681,-0.04943,0.203576,0.04593,0.074383,0.5747,-0.02561,-0.022401,0.011311,0.008651,0.011311,neutral,neutral,test,neutral,neutral,1.0,0.0,1.0,0.0
2025-06-08,2025-06-08,Manchester United,Matheus Cunha,The Guardian / Jonathan Liew,Bruno Fernandes staying means Manchester United face all kinds of trade-offs | Jonathan Liew,https://www.theguardian.com/football/2025/jun/08/bruno-fernandes-staying-manchester-united-trade-offs,0.84,0.686,1,1,0.84,0.84,0.686,0.686,2025-26,in,permanent,0,26.0,Centre-Forward,60000000.0,74200000.0,,1.2367,-14200000.0,0.6717,0.5025,0.6681,0.181425,0.183129,0.041123,0.085997,0.77,0.219926,0.036164,0.05445,0.06932,0.05445,positive,positive,test,positive,positive,1.0,0.0,0.0,1.0
2025-06-25,2025-06-25,Manchester United,Matheus Cunha,The Guardian / Jamie Jackson,Manchester United close on £60m-plus deal to buy Brentford’s Bryan Mbeumo,https://www.theguardian.com/football/2025/jun/25/manchester-united-close-deal-buy-bryan-mbeumo-brentford,0.84,0.686,1,1,0.84,0.84,0.686,0.686,2025-26,in,permanent,0,26.0,Centre-Forward,60000000.0,74200000.0,,1.2367,-14200000.0,0.6717,0.5025,0.6681,0.115362,0.316906,0.044321,0.042434,0.7367,-0.054004,-0.059338,-0.089401,-0.119342,-0.089401,negative,negative,test,negative,negative,1.0,1.0,0.0,0.0
2022-08-19,2022-08-19,Manchester United,Casemiro,"The Guardian / Jamie Jackson, Fabrizio Romano, Will Unwin and agencies",Manchester United agree Casemiro deal after Ancelotti confirms player exit,https://www.theguardian.com/football/2022/aug/19/carlo-ancelotti-confirms-casemiro-will-move-to-manchester-united,0.95,0.9675,1,1,0.95,0.95,0.9675,0.9675,2022-23,in,permanent,0,30.0,Defensive Midfield,40000000.0,70650000.0,,1.7663,-30650000.0,0.4526,0.3263,0.8961,0.090196,0.295433,0.029051,0.09857,0.8134,-0.00662,-0.023092,-0.009341,0.006004,-0.009341,neutral,neutral,train,neutral,neutral,1.0,0.0,1.0,0.0
2022-08-22,2022-08-22,Manchester United,Casemiro,The Guardian / Andy Hunter at Old Trafford,Casemiro has bewildering glimpse of topsy-turvy life at Manchester United | Andy Hunter,https://www.theguardian.com/football/blog/2022/aug/22/casemiro-bewildering-glimpse-topsy-turvy-life-manchester-united-liverpool,0.84,0.686,1,1,0.84,0.84,0.686,0.686,2022-23,in,permanent,0,30.0,Defensive Midfield,40000000.0,70650000.0,,1.7663,-30650000.0,0.4526,0.3263,0.6681,0.114007,0.301618,0.028897,0.097044,0.8195,-0.009231,-0.002513,0.00109,0.033333,0.00109,neutral,neutral,train,neutral,neutral,1.0,0.0,1.0,0.0
2022-08-19,2022-08-19,Manchester United,Casemiro,The Guardian / Scott Murray,"The Fiver | Casemiro, Manchester United and crisis-baton rubbernecking",https://www.theguardian.com/football/2022/aug/19/the-fiver-casemiro-manchester-united-crisis-baton-rubbernecking,0.84,0.686,1,1,0.84,0.84,0.686,0.686,2022-23,in,permanent,0,30.0,Defensive Midfield,40000000.0,70650000.0,,1.7663,-30650000.0,0.4526,0.3263,0.6681,0.090196,0.295433,0.029051,0.09857,0.8134,-0.00662,-0.023092,-0.009341,0.006004,-0.009341,neutral,neutral,train,neutral,neutral,1.0,0.0,1.0,0.0
2022-08-17,2022-08-17,Manchester United,Casemiro,"The Guardian / Jacob Steinberg, Jamie Jackson and Fabrizio Romano",Manchester United weigh up loan move for Chelsea’s Christian Pulisic,https://www.theguardian.com/football/2022/aug/17/manchester-united-weigh-up-loan-move-for-chelsea-christian-pulisic,0.95,0.7575,1,1,0.95,0.95,0.7575,0.7575,2022-23,in,permanent,0,30.0,Defensive Midfield,40000000.0,70650000.0,,1.7663,-30650000.0,0.4526,0.3263,0.7426,0.106493,0.183333,0.026864,0.119665,0.7932,0.092357,0.091593,0.067571,0.074696,0.067571,positive,positive,train,positive,positive,1.0,0.0,0.0,1.0
2022-08-26,2022-08-26,Manchester United,Casemiro,The Guardian / Gregg Bakowski,Football transfer rumours: Asensio to Manchester United? Maupay to Everton?,https://www.theguardian.com/football/2022/aug/26/football-transfer-rumours-asensio-to-manchester-united-maupay-to-everton,0.84,0.686,1,1,0.84,0.84,0.686,0.686,2022-23,in,permanent,0,30.0,Defensive Midfield,40000000.0,70650000.0,,1.7663,-30650000.0,0.4526,0.3263,0.6681,-0.007315,0.231397,0.029585,0.086965,0.6899,-0.006762,-0.008475,0.033279,0.112571,0.033279,positive,positive,train,positive,positive,1.0,0.0,0.0,1.0
2023-07-05,2023-07-05,Manchester United,Mason Mount,The Guardian / Jamie Jackson and Fabrizio Romano,Manchester United sign Mason Mount for £55m and set sights on André Onana,https://www.theguardian.com/football/2023/jul/05/manchester-united-confirm-mason-mount-signing-chelsea-55m,0.95,0.7575,1,1,0.95,0.95,0.7575,0.7575,2023-24,in,permanent,0,24.0,Attacking Midfield,60000000.0,67700000.0,,1.1283,-7700000.0,0.7461,0.5796,0.7426,0.080088,0.303953,0.04075,0.062884,0.7486,-0.003397,-0.003432,-0.051701,-0.07177,-0.051701,negative,negative,train,negative,negative,1.0,1.0,0.0,0.0
2023-06-22,2023-06-22,Manchester United,Mason Mount,The Guardian / Jacob Steinberg,Manchester United confident of Mason Mount deal despite Chelsea knockbacks,https://www.theguardian.com/football/2023/jun/22/manchester-united-confident-mason-mount-deal-chelsea,0.84,0.686,1,1,0.84,0.84,0.686,0.686,2023-24,in,permanent,0,24.0,Attacking Midfield,60000000.0,67700000.0,,1.1283,-7700000.0,0.7461,0.5796,0.6681,0.130154,0.132404,0.042627,0.059847,0.7032,0.00683,-0.005201,0.057406,0.074949,0.057406,positive,positive,train,positive,positive,1.0,0.0,0.0,1.0
2023-06-29,2023-06-29,Manchester United,Mason Mount,The Guardian / Jacob Steinberg,Mason Mount to join Manchester United from Chelsea in £60m deal,https://www.theguardian.com/football/2023/jun/29/mason-mount-set-to-join-manchester-united-from-chelsea-for-60m,0.84,0.686,1,1,0.84,0.84,0.686,0.686,2023-24,in,permanent,0,24.0,Attacking Midfield,60000000.0,67700000.0,,1.1283,-7700000.0,0.7461,0.5796,0.6681,0.116444,0.324196,0.040565,0.064955,0.7614,0.010065,-0.035569,-0.034336,-0.109676,-0.034336,negative,negative,train,negative,negative,1.0,1.0,0.0,0.0
2023-06-23,2023-06-23,Manchester United,Mason Mount,The Guardian / Jacob Steinberg,Manchester United have third bid for Mason Mount rejected by Chelsea,https://www.theguardian.com/football/2023/jun/23/manchester-united-mason-mount-third-bid-chelsea,0.84,0.686,1,1,0.84,0.84,0.686,0.686,2023-24,in,permanent,0,24.0,Attacking Midfield,60000000.0,67700000.0,,1.1283,-7700000.0,0.7461,0.5796,0.6681,0.00786,0.136946,0.042651,0.059031,0.5976,-0.016181,-0.030426,0.089178,0.061678,0.089178,positive,positive,train,positive,positive,1.0,0.0,0.0,1.0
2023-06-28,2023-06-28,Manchester United,Mason Mount,The Guardian / Jacob Steinberg,Chelsea close on Caicedo and keen to sell Mount to Manchester United,https://www.theguardian.com/football/2023/jun/28/callum-hudson-odoi-chelsea-milan-fulham-nottingham-forest-target,0.84,0.686,1,1,0.84,0.84,0.686,0.686,2023-24,in,permanent,0,24.0,Attacking Midfield,60000000.0,67700000.0,,1.1283,-7700000.0,0.7461,0.5796,0.6681,0.014799,0.27321,0.039989,0.058538,0.6774,0.096448,0.024414,0.015954,-0.03223,0.015954,neutral,neutral,train,neutral,neutral,1.0,0.0,1.0,0.0
2022-06-27,2022-06-27,Juventus,Matthijs de Ligt,The Guardian / Gregg Bakowski,Football transfer rumours: Chelsea to sign Matthijs de Ligt from Juventus? ,https://www.theguardian.com/football/2022/jun/27/football-transfer-rumours-chelsea-to-sign-matthijs-de-ligt-from-juventus,0.84,0.686,1,1,0.84,0.84,0.686,0.686,2022-23,out,permanent,0,22.0,Centre-Back,70000000.0,67000000.0,,0.9571,3000000.0,0.6604,0.5838,0.6681,0.092496,0.18262,0.027252,-0.07964,0.6795,-0.034349,-0.00717,-0.007947,0.009692,-0.007947,neutral,neutral,train,neutral,neutral,1.0,0.0,1.0,0.0
2022-07-17,2022-07-17,Juventus,Matthijs de Ligt,The Guardian / Fabrizio Romano,Bayern Munich agree €80m deal to sign Matthijs de Ligt from Juventus,https://www.theguardian.com/football/2022/jul/17/bayern-munich-agree-80m-deal-to-sign-matthijs-de-ligt-from-juventus,0.95,0.9675,1,1,0.95,0.95,0.9675,0.9675,2022-23,out,permanent,0,22.0,Centre-Back,70000000.0,67000000.0,,0.9571,3000000.0,0.6604,0.5838,0.8161,-0.076221,-0.125064,0.026929,-0.147887,0.3531,0.019731,0.009467,0.00143,0.000809,0.00143,neutral,neutral,train,neutral,neutral,1.0,0.0,1.0,0.0
2022-06-24,2022-06-24,Juventus,Matthijs de Ligt,The Guardian / Barry Glendenning,"Football transfer rumours: Nicolò Zaniolo to Spurs, Juventus or Milan?",https://www.theguardian.com/football/2022/jun/24/football-transfer-rumours-nicolo-zaniolo-to-spurs-juventus-or-milan,0.84,0.686,1,1,0.84,0.84,0.686,0.686,2022-23,out,permanent,0,22.0,Centre-Back,70000000.0,67000000.0,,0.9571,3000000.0,0.6604,0.5838,0.6681,0.08545,0.202815,0.027274,-0.101173,0.672,0.002484,-0.023713,-0.045682,-0.005061,-0.045682,negative,negative,train,negative,negative,1.0,1.0,0.0,0.0
2022-07-05,2022-07-05,Juventus,Matthijs de Ligt,The Guardian / Rob Smyth,Football transfer rumours: Cristiano Ronaldo to Barcelona? Really?,https://www.theguardian.com/football/2022/jul/05/football-transfer-rumours-cristiano-ronaldo-to-barcelona-really,0.84,0.686,1,1,0.84,0.84,0.686,0.686,2022-23,out,permanent,0,22.0,Centre-Back,70000000.0,67000000.0,,0.9571,3000000.0,0.6604,0.5838,0.6681,-0.028754,0.059849,0.025969,-0.106048,0.5065,0.024903,0.013298,0.024605,-0.070095,0.024605,positive,positive,train,positive,positive,1.0,0.0,0.0,1.0
2022-07-15,2022-07-15,Juventus,Matthijs de Ligt,The Guardian / Will Unwin,"Football transfer rumours: Koundé in, Zinchenko out at Manchester City?",https://www.theguardian.com/football/2022/jul/15/football-transfer-rumours-kounde-in-zinchenko-out-at-manchester-city,0.84,0.686,1,1,0.84,0.84,0.686,0.686,2022-23,out,permanent,0,22.0,Centre-Back,70000000.0,67000000.0,,0.9571,3000000.0,0.6604,0.5838,0.6681,-0.083974,-0.138358,0.026364,-0.149501,0.3413,0.014893,0.029789,0.023154,0.010399,0.023154,positive,positive,train,positive,positive,1.0,0.0,0.0,1.0
2024-07-17,2024-07-17,Manchester United,Leny Yoro,The Guardian / Jamie Jackson,Manchester United line up Leny Yoro medical in transfer battle with Real Madrid,https://www.theguardian.com/football/article/2024/jul/17/manchester-united-leny-yoro-medical-transfer-battle-real-madrid-lille,0.84,0.896,1,1,0.84,0.84,0.896,0.896,2024-25,in,permanent,0,18.0,Centre-Back,50000000.0,62000000.0,,1.24,-12000000.0,0.571,0.3855,0.8416,0.084649,-0.00579,0.020448,0.072643,0.6843,0.007202,-0.029427,-0.005891,-0.002722,-0.005891,neutral,neutral,train,neutral,neutral,1.0,0.0,1.0,0.0
2024-07-16,2024-07-16,Manchester United,Leny Yoro,The Guardian / Jamie Jackson,Manchester United agree £52m fee with Lille for defender Leny Yoro,https://www.theguardian.com/football/article/2024/jul/16/manchester-united-agree-52m-fee-with-lille-for-defender-leny-yoro,0.84,0.686,1,1,0.84,0.84,0.686,0.686,2024-25,in,permanent,0,18.0,Centre-Back,50000000.0,62000000.0,,1.24,-12000000.0,0.571,0.3855,0.6681,0.022797,-0.016588,0.019893,0.067022,0.6241,-0.001574,0.01158,0.008769,0.035853,0.008769,neutral,neutral,train,neutral,neutral,1.0,0.0,1.0,0.0
2024-07-21,2024-07-21,Manchester United,Leny Yoro,The Guardian / Jamie Jackson,Erik ten Hag impressed by Leny Yoro’s ‘mature’ Manchester United debut,https://www.theguardian.com/football/article/2024/jul/21/erik-ten-hag-impressed-by-leny-yoros-mature-manchester-united-debut,0.84,0.686,1,1,0.84,0.84,0.686,0.686,2024-25,in,permanent,0,18.0,Centre-Back,50000000.0,62000000.0,,1.24,-12000000.0,0.571,0.3855,0.6681,-0.010083,0.027077,0.018233,0.028403,0.6025,0.015125,0.013861,0.028183,0.042405,0.028183,positive,positive,train,positive,positive,1.0,0.0,0.0,1.0
2024-07-20,2024-07-20,Manchester United,Leny Yoro,The Guardian / Jamie Jackson at Murrayfield,New recruit Leny Yoro impresses to offer pre-season promise for United,https://www.theguardian.com/football/article/2024/jul/20/new-recruit-leny-yoro-impresses-to-offer-preseason-promise-for-united,0.84,0.686,1,1,0.84,0.84,0.686,0.686,2024-25,in,permanent,0,18.0,Centre-Back,50000000.0,62000000.0,,1.24,-12000000.0,0.571,0.3855,0.6681,-0.010083,0.027077,0.018233,0.028403,0.6025,0.015125,0.013861,0.028183,0.042405,0.028183,positive,positive,train,positive,positive,1.0,0.0,0.0,1.0
2024-07-13,2024-07-13,Manchester United,Leny Yoro,The Guardian / Jamie Jackson,Erik ten Hag’s Manchester United rollercoaster shows little sign of slowing,https://www.theguardian.com/football/article/2024/jul/13/erik-ten-hags-manchester-united-rollercoaster-shows-little-sign-of-slowing,0.84,0.686,1,1,0.84,0.84,0.686,0.686,2024-25,in,permanent,0,18.0,Centre-Back,50000000.0,62000000.0,,1.24,-12000000.0,0.571,0.3855,0.6681,0.045285,0.010192,0.019823,0.072557,0.6595,0.024985,0.023488,-0.004451,0.030506,-0.004451,neutral,neutral,train,neutral,neutral,1.0,0.0,1.0,0.0
2022-06-13,2022-06-13,Borussia Dortmund,Erling Haaland,The Guardian / Guardian sport,‘A proud day’: Erling Haaland completes £51.5m Manchester City move,https://www.theguardian.com/football/2022/jun/13/erling-haaland-completes-manchester-city-move-proud-day-borussia-dortmund,0.84,0.686,1,1,0.84,0.84,0.686,0.686,2022-23,out,permanent,0,21.0,Centre-Forward,150000000.0,60000000.0,,0.4,90000000.0,0.535,0.4375,0.7481,-0.067509,0.013193,0.027175,-0.012715,0.4928,-0.037468,-0.030442,-0.026205,-0.004451,-0.026205,negative,negative,train,negative,negative,1.0,1.0,0.0,0.0
2022-06-16,2022-06-16,Borussia Dortmund,Erling Haaland,The Guardian / Fabrizio Romano and Will Unwin,Manchester City poised to bid for Brighton left-back Marc Cucurella,https://www.theguardian.com/football/2022/jun/16/manchester-city-bid-brighton-left-back-marc-cucurella-yves-bissouma-tottenham,0.95,0.9675,1,1,0.95,0.95,0.9675,0.9675,2022-23,out,permanent,0,21.0,Centre-Forward,150000000.0,60000000.0,,0.4,90000000.0,0.535,0.4375,0.8161,-0.105899,-0.008047,0.029288,-0.030011,0.4328,0.010882,-0.004127,0.014647,0.00164,0.014647,neutral,neutral,train,neutral,neutral,1.0,0.0,1.0,0.0
2022-06-20,2022-06-20,Borussia Dortmund,Erling Haaland,The Guardian / Will Unwin,Football transfer rumours: Morata to Arsenal? Jesus to Tottenham?,https://www.theguardian.com/football/2022/jun/20/football-transfer-rumours-morata-to-arsenal-jesus-to-tottenham,0.84,0.686,1,1,0.84,0.84,0.686,0.686,2022-23,out,permanent,0,21.0,Centre-Forward,150000000.0,60000000.0,,0.4,90000000.0,0.535,0.4375,0.6681,-0.104552,0.022857,0.028463,-0.019013,0.4571,0.027123,0.019292,0.005008,0.008386,0.005008,neutral,neutral,train,neutral,neutral,1.0,0.0,1.0,0.0
2022-06-17,2022-06-17,Borussia Dortmund,Erling Haaland,The Guardian / Luke McLaughlin,Football transfer rumours: Arsenal leading race to sign Gabriel Jesus?,https://www.theguardian.com/football/2022/jun/17/football-transfer-rumours-arsenal-gabriel-jesus-lautaro-martinez-tottenham,0.84,0.686,1,1,0.84,0.84,0.686,0.686,2022-23,out,permanent,0,21.0,Centre-Forward,150000000.0,60000000.0,,0.4,90000000.0,0.535,0.4375,0.6681,-0.134936,-0.054185,0.030501,-0.046496,0.3729,0.013255,0.024786,0.020446,0.025135,0.020446,positive,positive,train,positive,positive,1.0,0.0,0.0,1.0
2022-06-19,2022-06-19,Borussia Dortmund,Erling Haaland,The Guardian / Jacob Steinberg,Chelsea to step up Sterling bid as Manchester City expect player to leave,https://www.theguardian.com/football/2022/jun/19/chelsea-to-step-up-sterling-bid-as-manchester-city-expect-player-to-leave,0.84,0.686,1,1,0.84,0.84,0.686,0.686,2022-23,out,permanent,0,21.0,Centre-Forward,150000000.0,60000000.0,,0.4,90000000.0,0.535,0.4375,0.6681,-0.104552,0.022857,0.028463,-0.019013,0.4571,0.027123,0.019292,0.005008,0.008386,0.005008,neutral,neutral,train,neutral,neutral,1.0,0.0,1.0,0.0
2024-08-28,2024-08-28,Juventus,Teun Koopmeiners,The Guardian / Jamie Jackson,Liverpool agree deal to sign Federico Chiesa from Juventus for £10m,https://www.theguardian.com/football/article/2024/aug/28/liverpool-agree-deal-to-sign-federico-chiesa-from-juventus-for-125m,0.84,0.686,1,1,0.84,0.84,0.686,0.686,2024-25,in,permanent,0,26.0,Attacking Midfield,50000000.0,58400000.0,,1.168,-8400000.0,0.6872,0.5103,0.6681,-0.034511,-0.038047,0.02263,-0.017167,0.5117,0.103188,0.1014,0.035604,0.04786,0.035604,positive,positive,train,positive,positive,1.0,0.0,0.0,1.0
2024-08-28,2024-08-28,Juventus,Teun Koopmeiners,The Guardian / Will Unwin (now) and Yara El-Shaboury (earlier),Football transfer news: Liverpool agree Chiesa deal; Lukaku arrives at Napoli – as it happened,https://www.theguardian.com/football/live/2024/aug/28/football-transfer-window-ivan-toney-raheem-sterling-jadon-sancho-live,0.84,0.686,1,1,0.84,0.84,0.686,0.686,2024-25,in,permanent,0,26.0,Attacking Midfield,50000000.0,58400000.0,,1.168,-8400000.0,0.6872,0.5103,0.6681,-0.034511,-0.038047,0.02263,-0.017167,0.5117,0.103188,0.1014,0.035604,0.04786,0.035604,positive,positive,train,positive,positive,1.0,0.0,0.0,1.0
2024-08-12,2024-08-12,Juventus,Teun Koopmeiners,The Guardian / Ed Aarons,Chelsea eye permanent deal for João Félix after Omorodion deal collapses,https://www.theguardian.com/football/article/2024/aug/12/chelsea-eye-permanent-deal-for-atletico-madrids-joao-felix,0.84,0.686,1,1,0.84,0.84,0.686,0.686,2024-25,in,permanent,0,26.0,Attacking Midfield,50000000.0,58400000.0,,1.168,-8400000.0,0.6872,0.5103,0.6681,-0.045649,-0.016564,0.019211,-0.057389,0.5043,-0.025657,-0.023676,0.075399,0.020299,0.075399,positive,positive,train,positive,positive,1.0,0.0,0.0,1.0
2024-08-20,2024-08-20,Juventus,Teun Koopmeiners,The Guardian / Daniel Harris,Football transfer rumours: Ramsdale to Wolves? Sterling to Juventus?,https://www.theguardian.com/football/article/2024/aug/20/football-transfer-rumours-aaron-ramsdale-wolves-sterling-juventus,0.84,0.686,1,1,0.84,0.84,0.686,0.686,2024-25,in,permanent,0,26.0,Attacking Midfield,50000000.0,58400000.0,,1.168,-8400000.0,0.6872,0.5103,0.6681,0.098228,0.012404,0.021982,-0.022939,0.6515,-0.045792,-0.042377,-0.056262,0.059624,-0.056262,negative,negative,train,negative,negative,1.0,1.0,0.0,0.0
2024-08-28,2024-08-28,Juventus,Teun Koopmeiners,The Guardian / Jacob Steinberg,Jadon Sancho holds out hope for Chelsea offer as Juventus wait in wings,https://www.theguardian.com/football/article/2024/aug/28/jadon-sancho-holds-out-hope-for-chelsea-offer-as-juventus-wait-in-wings,0.84,0.686,1,1,0.84,0.84,0.686,0.686,2024-25,in,permanent,0,26.0,Attacking Midfield,50000000.0,58400000.0,,1.168,-8400000.0,0.6872,0.5103,0.6681,-0.034511,-0.038047,0.02263,-0.017167,0.5117,0.103188,0.1014,0.035604,0.04786,0.035604,positive,positive,train,positive,positive,1.0,0.0,0.0,1.0
2022-07-27,2022-07-27,Manchester United,Lisandro Martínez,The Guardian / Guardian sport,Manchester United complete Lisandro Martínez signing for initial £48.3m,https://www.theguardian.com/football/2022/jul/27/manchester-united-complete-lisandro-martinez-signing-ajax,0.84,0.686,1,1,0.84,0.84,0.686,0.686,2022-23,in,permanent,0,24.0,Centre-Back,32000000.0,57370000.0,,1.7928,-25370000.0,0.5966,0.4983,0.7481,0.0,-0.004517,0.018359,0.045717,0.6046,-0.020997,-0.007743,-0.009092,0.021885,-0.009092,neutral,neutral,train,neutral,neutral,1.0,0.0,1.0,0.0
2022-07-16,2022-07-16,Manchester United,Lisandro Martínez,The Guardian / Jamie Jackson in Melbourne,Lisandro Martínez flies in to complete £42m Manchester United move,https://www.theguardian.com/football/2022/jul/16/lisandro-martinez-flies-in-to-complete-42m-manchester-united-move,0.84,0.686,1,1,0.84,0.84,0.686,0.686,2022-23,in,permanent,0,24.0,Centre-Back,32000000.0,57370000.0,,1.7928,-25370000.0,0.5966,0.4983,0.7481,0.015668,-0.124006,0.021602,-0.075095,0.4898,0.015876,0.00377,0.008583,0.008567,0.008583,neutral,neutral,train,neutral,neutral,1.0,0.0,1.0,0.0
2022-07-17,2022-07-17,Manchester United,Lisandro Martínez,The Guardian / Jamie Jackson in Melbourne,Manchester United agree initial £46m transfer fee for Lisandro Martínez,https://www.theguardian.com/football/2022/jul/17/manchester-united-agree-46m-transfer-fee-for-lisandro-martinez,0.84,0.686,1,1,0.84,0.84,0.686,0.686,2022-23,in,permanent,0,24.0,Centre-Back,32000000.0,57370000.0,,1.7928,-25370000.0,0.5966,0.4983,0.6681,0.015668,-0.124006,0.021602,-0.075095,0.4898,0.015876,0.00377,0.008583,0.008567,0.008583,neutral,neutral,train,neutral,neutral,1.0,0.0,1.0,0.0
2022-07-01,2022-07-01,Manchester United,Lisandro Martínez,The Guardian / John Brewin,Football transfer rumours: Lisandro Martínez and Tielemans to Arsenal?,https://www.theguardian.com/football/2022/jul/01/football-transfer-rumours-lisandro-martinez-and-tielemans-to-arsenal,0.84,0.686,1,1,0.84,0.84,0.686,0.686,2022-23,in,permanent,0,24.0,Centre-Back,32000000.0,57370000.0,,1.7928,-25370000.0,0.5966,0.4983,0.6681,-0.033043,-0.144615,0.022934,-0.035248,0.4525,-0.018086,-0.010975,-0.039385,-0.040119,-0.039385,negative,negative,train,negative,negative,1.0,1.0,0.0,0.0
2022-07-14,2022-07-14,Manchester United,Lisandro Martínez,The Guardian / Fabrizio Romano,Manchester United to sign £42m Martínez and work on De Jong deal,https://www.theguardian.com/football/2022/jul/14/manchester-united-to-seal-42m-lisandro-martinez-deal-after-successful-talks,0.95,0.7575,1,1,0.95,0.95,0.7575,0.7575,2022-23,in,permanent,0,24.0,Centre-Back,32000000.0,57370000.0,,1.7928,-25370000.0,0.5966,0.4983,0.7426,-0.038879,-0.166928,0.020813,-0.079951,0.4221,0.02753,0.028672,0.031872,0.040129,0.031872,positive,positive,train,positive,positive,1.0,0.0,0.0,1.0
2025-06-24,2025-06-24,Borussia Dortmund,Jamie Gittens,The Guardian / Jacob Steinberg in Philadelphia,Chelsea closing in on deal for Borussia Dortmund winger Jamie Gittens,https://www.theguardian.com/football/2025/jun/24/chelsea-closing-in-borussia-dortmund-winger-jamie-gittens,0.84,0.896,1,1,0.84,0.84,0.896,0.896,2025-26,out,permanent,0,20.0,Left Winger,50000000.0,56000000.0,,1.12,-6000000.0,0.697,0.6265,0.7416,0.014569,0.035135,0.019648,-0.015633,0.6008,0.010054,0.010524,0.008665,0.007785,0.008665,neutral,neutral,test,neutral,neutral,1.0,0.0,1.0,0.0
2025-06-28,2025-06-28,Borussia Dortmund,Jamie Gittens,The Guardian / Jacob Steinberg and Ed Aarons,Chelsea agree Jamie Gittens deal and battle Newcastle for João Pedro,https://www.theguardian.com/football/2025/jun/28/sunderland-agree-club-record-30m-deal-for-strasbourg-midfielder-habib-diarra,0.84,0.686,1,1,0.84,0.84,0.686,0.686,2025-26,out,permanent,0,20.0,Left Winger,50000000.0,56000000.0,,1.12,-6000000.0,0.697,0.6265,0.6681,0.026316,-0.005102,0.011158,0.004104,0.6326,0.010184,-0.002735,-0.002102,-0.026856,-0.002102,neutral,neutral,test,neutral,neutral,1.0,0.0,1.0,0.0
2025-07-05,2025-07-05,Borussia Dortmund,Jamie Gittens,The Guardian / Jacob Steinberg and Ben Fisher,"Transfer news: Jamie Gittens completes £48.5m Chelsea move, Forest land Jesus",https://www.theguardian.com/football/2025/jul/05/transfer-news-jamie-gittens-completes-55m-chelsea-switch-nottingham-forest-sign-igor-jesus,0.84,0.896,1,1,0.84,0.84,0.896,0.896,2025-26,out,permanent,0,20.0,Left Winger,50000000.0,56000000.0,,1.12,-6000000.0,0.697,0.6265,0.8216,0.01043,-0.012739,0.010302,-0.009997,0.611,-0.025333,-0.015873,-0.004929,-0.007855,-0.004929,neutral,neutral,test,neutral,neutral,1.0,0.0,1.0,0.0
2025-06-10,2025-06-10,Borussia Dortmund,Jamie Gittens,The Guardian / Jacob Steinberg,Chelsea cool interest in Mike Maignan and fail with £42m bid for Jamie Gittens,https://www.theguardian.com/football/2025/jun/10/chelsea-milan-mike-maignan,0.84,0.686,1,1,0.84,0.84,0.686,0.686,2025-26,out,permanent,0,20.0,Left Winger,50000000.0,56000000.0,,1.12,-6000000.0,0.697,0.6265,0.6681,-0.001311,0.170507,0.02465,0.085429,0.6834,-0.011474,-0.010789,-0.010754,-0.006644,-0.010754,neutral,neutral,test,neutral,neutral,1.0,0.0,1.0,0.0
2025-07-09,2025-07-09,Borussia Dortmund,Jamie Gittens,The Guardian / Jacob Steinberg,"Transfer latest: Arsenal open Madueke talks with Chelsea, Everton sign £27m striker Barry",https://www.theguardian.com/football/2025/jul/09/arsenal-open-talks-chelsea-signing-noni-madueke,0.84,0.686,1,1,0.84,0.84,0.686,0.686,2025-26,out,permanent,0,20.0,Left Winger,50000000.0,56000000.0,,1.12,-6000000.0,0.697,0.6265,0.7081,-0.024173,-0.01287,0.01117,0.007019,0.586,0.020334,0.010879,0.002178,0.010738,0.002178,neutral,neutral,test,neutral,neutral,1.0,0.0,1.0,0.0
2024-06-30,2024-06-30,Juventus,Douglas Luiz,The Guardian / Ben Fisher,‘Obrigado’: Aston Villa sell Douglas Luiz to Juventus for £42.4m,https://www.theguardian.com/football/article/2024/jun/30/obrigado-aston-villa-sell-douglas-luiz-to-juventus-for-424m,0.84,0.686,1,1,0.84,0.84,0.686,0.686,2024-25,in,permanent,0,26.0,Central Midfield,70000000.0,51500000.0,,0.7357,18500000.0,0.7845,0.6832,0.6681,0.027862,0.139922,0.016791,-0.047983,0.6561,0.031302,0.022315,0.079529,0.087303,0.079529,positive,positive,train,positive,positive,1.0,0.0,0.0,1.0
2024-06-12,2024-06-12,Juventus,Douglas Luiz,The Guardian / Thiago Rabelo,"Douglas Luiz: ‘Unai Emery is very intense in his work, very passionate’",https://www.theguardian.com/football/article/2024/jun/12/douglas-luiz-unai-emery-aston-villa-brazil-football,0.84,0.686,1,1,0.84,0.84,0.686,0.686,2024-25,in,permanent,0,26.0,Central Midfield,70000000.0,51500000.0,,0.7357,18500000.0,0.7845,0.6832,0.6681,0.053235,0.144312,0.018442,0.003763,0.7004,0.071525,0.01575,0.035085,0.119792,0.035085,positive,positive,train,positive,positive,1.0,0.0,0.0,1.0
2024-06-25,2024-06-25,Juventus,Douglas Luiz,The Guardian / Tom Garry,Juventus Women lead race to sign Hanna Bennison from Everton,https://www.theguardian.com/football/article/2024/jun/25/juventus-women-lead-race-to-sign-hanna-bennison-from-everton,0.86,0.699,1,1,0.86,0.86,0.699,0.699,2024-25,in,permanent,0,26.0,Central Midfield,70000000.0,51500000.0,,0.7357,18500000.0,0.7845,0.6832,0.6817,0.09841,0.151042,0.016923,-0.037438,0.7281,0.011833,0.017023,0.029038,0.103437,0.029038,positive,positive,train,positive,positive,1.0,0.0,0.0,1.0
2024-07-02,2024-07-02,Juventus,Douglas Luiz,The Guardian / Tom Garry,"Transfer latest: Arsenal sign Caldentey, Manchester United land Janssen",https://www.theguardian.com/football/article/2024/jul/02/arsenal-women-world-cup-football-mariona-caldentey-barcelona,0.84,0.896,1,1,0.84,0.84,0.896,0.896,2024-25,in,permanent,0,26.0,Central Midfield,70000000.0,51500000.0,,0.7357,18500000.0,0.7845,0.6832,0.7416,0.030027,0.195733,0.016136,-0.025633,0.6979,0.045199,0.03083,0.11641,0.071303,0.11641,positive,positive,train,positive,positive,1.0,0.0,0.0,1.0
2024-06-22,2024-06-22,Juventus,Douglas Luiz,The Guardian / Ed Aarons and Jacob Steinberg,"Transfer roundup: Bayern close on Olise, Chelsea seal €60m Estêvão Willian signing",https://www.theguardian.com/football/article/2024/jun/22/bayern-munich-michael-olise-crystal-palace,0.84,0.686,1,1,0.84,0.84,0.686,0.686,2024-25,in,permanent,0,26.0,Central Midfield,70000000.0,51500000.0,,0.7357,18500000.0,0.7845,0.6832,0.6681,0.082759,0.125563,0.017383,-0.043285,0.6977,0.028573,-0.003978,0.014557,0.066339,0.014557,neutral,neutral,train,neutral,neutral,1.0,0.0,1.0,0.0
2022-06-27,2022-06-27,Juventus,Bremer,The Guardian / Gregg Bakowski,Football transfer rumours: Chelsea to sign Matthijs de Ligt from Juventus? ,https://www.theguardian.com/football/2022/jun/27/football-transfer-rumours-chelsea-to-sign-matthijs-de-ligt-from-juventus,0.84,0.686,1,1,0.84,0.84,0.686,0.686,2022-23,in,permanent,0,25.0,Centre-Back,35000000.0,51300000.0,,1.4657,-16300000.0,0.6452,0.5059,0.6681,0.092496,0.18262,0.027252,-0.07964,0.6795,-0.034349,-0.00717,-0.007947,0.009692,-0.007947,neutral,neutral,train,neutral,neutral,1.0,0.0,1.0,0.0
2022-06-24,2022-06-24,Juventus,Bremer,The Guardian / Barry Glendenning,"Football transfer rumours: Nicolò Zaniolo to Spurs, Juventus or Milan?",https://www.theguardian.com/football/2022/jun/24/football-transfer-rumours-nicolo-zaniolo-to-spurs-juventus-or-milan,0.84,0.686,1,1,0.84,0.84,0.686,0.686,2022-23,in,permanent,0,25.0,Centre-Back,35000000.0,51300000.0,,1.4657,-16300000.0,0.6452,0.5059,0.6681,0.08545,0.202815,0.027274,-0.101173,0.672,0.002484,-0.023713,-0.045682,-0.005061,-0.045682,negative,negative,train,negative,negative,1.0,1.0,0.0,0.0
2022-07-12,2022-07-12,Juventus,Bremer,The Guardian / Jacob Steinberg and Ed Aarons in Los Angeles,Chelsea in talks over signing Napoli’s Koulibaly to fix defensive crisis,https://www.theguardian.com/football/2022/jul/12/chelsea-kalidou-koulibaly-napoli-raheem-sterling-signing,0.84,0.896,1,1,0.84,0.84,0.896,0.896,2022-23,in,permanent,0,25.0,Centre-Back,35000000.0,51300000.0,,1.4657,-16300000.0,0.6452,0.5059,0.7816,0.023346,-0.046114,0.025748,-0.119853,0.4961,-0.08073,-0.041655,-0.045093,-0.041613,-0.045093,negative,negative,train,negative,negative,1.0,1.0,0.0,0.0
2022-07-17,2022-07-17,Juventus,Bremer,The Guardian / Fabrizio Romano,Bayern Munich agree €80m deal to sign Matthijs de Ligt from Juventus,https://www.theguardian.com/football/2022/jul/17/bayern-munich-agree-80m-deal-to-sign-matthijs-de-ligt-from-juventus,0.95,0.9675,1,1,0.95,0.95,0.9675,0.9675,2022-23,in,permanent,0,25.0,Centre-Back,35000000.0,51300000.0,,1.4657,-16300000.0,0.6452,0.5059,0.8161,-0.076221,-0.125064,0.026929,-0.147887,0.3531,0.019731,0.009467,0.00143,0.000809,0.00143,neutral,neutral,train,neutral,neutral,1.0,0.0,1.0,0.0
2022-07-06,2022-07-06,Juventus,Bremer,The Guardian / Fabrizio Romano,Juventus agree deal to make Di María second free signing with Pogba,https://www.theguardian.com/football/2022/jul/06/juventus-agree-deal-angel-di-maria-second-free-signing-with-paul-pogba,0.95,0.7575,1,1,0.95,0.95,0.7575,0.7575,2022-23,in,permanent,0,25.0,Centre-Back,35000000.0,51300000.0,,1.4657,-16300000.0,0.6452,0.5059,0.7426,-0.030465,0.039542,0.025911,-0.146186,0.4756,0.002311,-0.020205,-0.036208,-0.081614,-0.036208,negative,negative,train,negative,negative,1.0,1.0,0.0,0.0
2023-07-18,2023-07-18,Manchester United,André Onana,The Guardian / Jamie Jackson,André Onana: bold risk-taker is a brave signing for Manchester United,https://www.theguardian.com/football/2023/jul/18/andre-onana-manchester-united-risk-taker-bold-signing-passing,0.84,0.686,1,1,0.84,0.84,0.686,0.686,2023-24,in,permanent,0,27.0,Goalkeeper,35000000.0,50200000.0,,1.4343,-15200000.0,0.6023,0.4511,0.6681,-0.025144,0.256642,0.03984,0.056142,0.6338,-0.040572,-0.070683,-0.091671,-0.077073,-0.091671,negative,negative,train,negative,negative,1.0,1.0,0.0,0.0
2023-07-05,2023-07-05,Manchester United,André Onana,The Guardian / Jamie Jackson and Fabrizio Romano,Manchester United sign Mason Mount for £55m and set sights on André Onana,https://www.theguardian.com/football/2023/jul/05/manchester-united-confirm-mason-mount-signing-chelsea-55m,0.95,0.7575,1,1,0.95,0.95,0.7575,0.7575,2023-24,in,permanent,0,27.0,Goalkeeper,35000000.0,50200000.0,,1.4343,-15200000.0,0.6023,0.4511,0.7426,0.080088,0.303953,0.04075,0.062884,0.7486,-0.003397,-0.003432,-0.051701,-0.07177,-0.051701,negative,negative,train,negative,negative,1.0,1.0,0.0,0.0
2023-07-07,2023-07-07,Manchester United,André Onana,The Guardian / Jacob Steinberg,Manchester United close on André Onana deal and target Rasmus Højlund,https://www.theguardian.com/football/2023/jul/07/manchester-united-close-on-andre-onana-deal-and-target-rasmus-hjlund,0.84,0.686,1,1,0.84,0.84,0.686,0.686,2023-24,in,permanent,0,27.0,Goalkeeper,35000000.0,50200000.0,,1.4343,-15200000.0,0.6023,0.4511,0.6681,0.012917,0.267466,0.039927,0.064167,0.6761,-0.051302,-0.047093,-0.062837,-0.037933,-0.062837,negative,negative,train,negative,negative,1.0,1.0,0.0,0.0
2023-07-20,2023-07-20,Manchester United,André Onana,The Guardian / Jamie Jackson in New York,Manchester United confirm Onana signing and make Fernandes captain,https://www.theguardian.com/football/2023/jul/20/bruno-fernandes-confirmed-as-manchester-uniteds-new-captain,0.84,0.686,1,1,0.84,0.84,0.686,0.686,2023-24,in,permanent,0,27.0,Goalkeeper,35000000.0,50200000.0,,1.4343,-15200000.0,0.6023,0.4511,0.7481,-0.02989,0.198805,0.041144,0.065798,0.6025,-0.089424,-0.021362,0.006727,-0.005144,0.006727,neutral,neutral,train,neutral,neutral,1.0,0.0,1.0,0.0
2023-07-17,2023-07-17,Manchester United,André Onana,The Guardian / Fabrizio Romano,Manchester United turn attention to Højlund after sealing €50m Onana deal,https://www.theguardian.com/football/2023/jul/17/manchester-united-andre-onana-rasmus-hojlund,0.95,0.7575,1,1,0.95,0.95,0.7575,0.7575,2023-24,in,permanent,0,27.0,Goalkeeper,35000000.0,50200000.0,,1.4343,-15200000.0,0.6023,0.4511,0.7426,-0.057178,0.233585,0.03961,0.067377,0.6013,0.024344,0.02648,-0.046435,-0.037539,-0.046435,negative,negative,train,negative,negative,1.0,1.0,0.0,0.0
2024-08-27,2024-08-27,Manchester United,Manuel Ugarte,The Guardian / Jamie Jackson,Manchester United to sign PSG’s Manuel Ugarte for initial €50m,https://www.theguardian.com/football/article/2024/aug/27/manchester-united-agree-deal-to-sign-psg-manuel-ugarte-midfielder-scott-mctominay,0.84,0.686,1,1,0.84,0.84,0.686,0.686,2024-25,in,permanent,0,23.0,Defensive Midfield,45000000.0,50000000.0,,1.1111,-5000000.0,0.725,0.5575,0.6681,-0.010983,-0.003494,0.014595,-0.008886,0.5817,0.009773,0.022155,0.007691,-0.028073,0.007691,neutral,neutral,train,neutral,neutral,1.0,0.0,1.0,0.0
2024-08-30,2024-08-30,Manchester United,Manuel Ugarte,The Guardian / Jamie Jackson,Manuel Ugarte joins Manchester United and promises to ‘fight for trophies’,https://www.theguardian.com/football/article/2024/aug/30/manuel-ugarte-join-manchester-united-and-promises-to-fight-for-trophies,0.84,0.686,1,1,0.84,0.84,0.686,0.686,2024-25,in,permanent,0,23.0,Defensive Midfield,45000000.0,50000000.0,,1.1111,-5000000.0,0.725,0.5575,0.6681,-0.013002,0.046135,0.014968,0.015797,0.6144,-0.022188,-0.021377,-0.020452,-0.112244,-0.020452,negative,negative,train,negative,negative,1.0,1.0,0.0,0.0
2024-08-25,2024-08-25,Manchester United,Manuel Ugarte,The Guardian / Jamie Jackson,Manchester United agree £25m fee to sell Scott McTominay to Napoli,https://www.theguardian.com/football/article/2024/aug/25/manchester-united-sale-scott-mctominay-napoli,0.84,0.896,1,1,0.84,0.84,0.896,0.896,2024-25,in,permanent,0,23.0,Defensive Midfield,45000000.0,50000000.0,,1.1111,-5000000.0,0.725,0.5575,0.7416,0.003472,0.044578,0.015651,0.000602,0.6181,-0.000299,0.018019,0.01011,-0.007585,0.01011,neutral,neutral,train,neutral,neutral,1.0,0.0,1.0,0.0
2024-08-30,2024-08-30,Manchester United,Manuel Ugarte,"The Guardian / Emillia Hawkins (now), with David Tindall, Niall McVeigh and Xaymaca Awoyungbo (earlier)","Transfer deadline day: Man Utd sign Ugarte, Nketiah joined Crystal Palace – as it happened",https://www.theguardian.com/football/live/2024/aug/30/transfer-deadline-day-ugarte-sancho-sterling-toney-guehi-live,0.84,0.686,1,1,0.84,0.84,0.686,0.686,2024-25,in,permanent,0,23.0,Defensive Midfield,45000000.0,50000000.0,,1.1111,-5000000.0,0.725,0.5575,0.6681,-0.013002,0.046135,0.014968,0.015797,0.6144,-0.022188,-0.021377,-0.020452,-0.112244,-0.020452,negative,negative,train,negative,negative,1.0,1.0,0.0,0.0
2024-08-19,2024-08-19,Manchester United,Manuel Ugarte,The Guardian / Jamie Jackson,Manchester United hope to force PSG into lowering Manuel Ugarte’s asking price,https://www.theguardian.com/football/article/2024/aug/19/manchester-united-hope-to-force-psg-to-lower-manuel-agartes-asking-price,0.84,0.686,1,1,0.84,0.84,0.686,0.686,2024-25,in,permanent,0,23.0,Defensive Midfield,45000000.0,50000000.0,,1.1111,-5000000.0,0.725,0.5575,0.6681,0.018246,0.092862,0.017916,-0.003338,0.6437,0.02711,0.024166,0.026074,0.024006,0.026074,positive,positive,train,positive,positive,1.0,0.0,0.0,1.0
2025-08-27,2025-08-27,Manchester United,Alejandro Garnacho,The Guardian / Jacob Steinberg,Chelsea close in on deal for Manchester United’s Alejandro Garnacho,https://www.theguardian.com/football/2025/aug/27/chelsea-close-in-on-deal-for-manchester-uniteds-alejandro-garnacho,0.84,0.686,1,1,0.84,0.84,0.686,0.686,2025-26,out,permanent,0,21.0,Left Winger,45000000.0,46200000.0,,1.0267,-1200000.0,0.676,0.602,0.6681,-0.021047,-0.024929,0.012765,0.032288,0.5899,0.000655,0.006759,-0.049021,-0.102533,-0.049021,negative,negative,test,negative,neutral,1.0,0.0,1.0,0.0
2025-08-28,2025-08-28,Manchester United,Alejandro Garnacho,"The Guardian / Jamie Jackson, Jacob Steinberg and David Hytner",Manchester United agree £40m fee with Chelsea for sale of Alejandro Garnacho,https://www.theguardian.com/football/2025/aug/28/christopher-nkunku-milan-chelsea,0.84,0.686,1,1,0.84,0.84,0.686,0.686,2025-26,out,permanent,0,21.0,Left Winger,45000000.0,46200000.0,,1.0267,-1200000.0,0.676,0.602,0.6681,-0.027319,-0.037725,0.012742,0.029225,0.5769,0.033303,0.043448,-0.062174,-0.077326,-0.062174,negative,negative,test,negative,neutral,1.0,0.0,1.0,0.0
2025-08-12,2025-08-12,Manchester United,Alejandro Garnacho,"The Guardian / Andy Hunter, Ed Aarons and Jacob Steinberg",Transfer latest: Liverpool advance Guéhi talks as Manchester United eye Baleba,https://www.theguardian.com/football/2025/aug/12/transfer-latest-manchester-united-eye-brightons-baleba-while-liverpool-track-giovanni-leoni,0.84,0.686,1,1,0.84,0.84,0.686,0.686,2025-26,out,permanent,0,21.0,Left Winger,45000000.0,46200000.0,,1.0267,-1200000.0,0.676,0.602,0.7081,0.007399,-0.006176,0.017128,0.027156,0.6055,-0.012252,-0.024853,-0.005943,-0.034141,-0.005943,neutral,neutral,test,neutral,neutral,1.0,0.0,1.0,0.0
2025-08-06,2025-08-06,Manchester United,Alejandro Garnacho,The Guardian / Will Unwin,Manchester United confident of beating Newcastle to signing Benjamin Sesko,https://www.theguardian.com/football/2025/aug/06/manchester-united-confident-of-beating-newcastle-to-benjamin-sesko-signing,0.84,0.686,1,1,0.84,0.84,0.686,0.686,2025-26,out,permanent,0,21.0,Left Winger,45000000.0,46200000.0,,1.0267,-1200000.0,0.676,0.602,0.6681,0.033276,-0.063929,0.018421,0.03398,0.5997,0.009472,-0.007735,-0.030362,-0.038062,-0.030362,negative,negative,test,negative,neutral,1.0,0.0,1.0,0.0
2025-08-06,2025-08-06,Manchester United,Alejandro Garnacho,The Guardian / Ed Aarons,Chelsea step up efforts to sign Garnacho and Simons in attacking reshuffle,https://www.theguardian.com/football/2025/aug/06/transfer-news-chelsea-alejandro-garnacho-xavi-simons-nicolas-jackson-manchester-united-rb-leipzig,0.84,0.686,1,1,0.84,0.84,0.686,0.686,2025-26,out,permanent,0,21.0,Left Winger,45000000.0,46200000.0,,1.0267,-1200000.0,0.676,0.602,0.6681,0.033276,-0.063929,0.018421,0.03398,0.5997,0.009472,-0.007735,-0.030362,-0.038062,-0.030362,negative,negative,test,negative,neutral,1.0,0.0,1.0,0.0
2024-08-13,2024-08-13,Manchester United,Matthijs de Ligt,The Guardian / Mark Dobson,Manchester United confirm signings of Matthijs de Ligt and Noussair Mazraoui,https://www.theguardian.com/football/article/2024/aug/13/manchester-united-sign-mathijs-de-ligt-noussair-mazraoui,0.84,0.686,1,1,0.84,0.84,0.686,0.686,2024-25,in,permanent,0,25.0,Centre-Back,65000000.0,45000000.0,,0.6923,20000000.0,0.8192,0.7302,0.7481,0.01146,0.027574,0.017412,-0.023872,0.5985,0.013158,0.014711,0.041974,0.06502,0.041974,positive,positive,train,positive,positive,1.0,0.0,0.0,1.0
2024-08-12,2024-08-12,Manchester United,Matthijs de Ligt,The Guardian / Ed Aarons,"Manchester United set to sign De Ligt and Mazraoui, Wan-Bissaka heads to West Ham",https://www.theguardian.com/football/article/2024/aug/12/manchester-united-set-to-sign-de-ligt-and-mazraoui-wan-bissaka-heads-to-west-ham,0.84,0.686,1,1,0.84,0.84,0.686,0.686,2024-25,in,permanent,0,25.0,Centre-Back,65000000.0,45000000.0,,0.6923,20000000.0,0.8192,0.7302,0.6681,0.001191,0.041512,0.017494,-0.021302,0.597,-0.024618,-0.015651,0.038119,0.067563,0.038119,positive,positive,train,positive,positive,1.0,0.0,0.0,1.0
2024-08-16,2024-08-16,Manchester United,Matthijs de Ligt,The Guardian / Xaymaca Awoyungbo (earlier) and Rob Smyth (later),Premier League returns: team news and Manchester United v Fulham buildup – as it happened,https://www.theguardian.com/football/live/2024/aug/16/premier-league-returns-team-news-and-manchester-united-v-fulham-buildup-live,0.84,0.896,1,1,0.84,0.84,0.896,0.896,2024-25,in,permanent,0,25.0,Centre-Back,65000000.0,45000000.0,,0.6923,20000000.0,0.8192,0.7302,0.7416,0.018868,0.064695,0.018623,-0.004306,0.6279,0.056319,0.031418,0.032323,0.03662,0.032323,positive,positive,train,positive,positive,1.0,0.0,0.0,1.0
2024-08-15,2024-08-15,Manchester United,Matthijs de Ligt,The Guardian / Will Unwin,Ten Hag insists ‘confident’ Manchester United can win Premier League,https://www.theguardian.com/football/article/2024/aug/15/manchester-united-erik-ten-hag-premier-league,0.84,0.686,1,1,0.84,0.84,0.686,0.686,2024-25,in,permanent,0,25.0,Centre-Back,65000000.0,45000000.0,,0.6923,20000000.0,0.8192,0.7302,0.6681,0.010753,0.049628,0.018301,-0.014775,0.6096,0.057544,0.028219,0.052599,0.027787,0.052599,positive,positive,train,positive,positive,1.0,0.0,0.0,1.0
2024-07-16,2024-07-16,Manchester United,Matthijs de Ligt,The Guardian / Jamie Jackson,Manchester United agree £52m fee with Lille for defender Leny Yoro,https://www.theguardian.com/football/article/2024/jul/16/manchester-united-agree-52m-fee-with-lille-for-defender-leny-yoro,0.84,0.686,1,1,0.84,0.84,0.686,0.686,2024-25,in,permanent,0,25.0,Centre-Back,65000000.0,45000000.0,,0.6923,20000000.0,0.8192,0.7302,0.6681,0.022797,-0.016588,0.019893,0.067022,0.6241,-0.001574,0.01158,0.008769,0.035853,0.008769,neutral,neutral,train,neutral,neutral,1.0,0.0,1.0,0.0
2022-06-15,2022-06-15,Juventus,Federico Chiesa,The Guardian / Fabrizio Romano,Paul Pogba reaches verbal agreement to rejoin Juventus on free transfer,https://www.theguardian.com/football/2022/jun/15/paul-pogba-reaches-verbal-agreement-to-rejoin-juventus-on-free-transfer,0.95,0.9675,1,1,0.95,0.95,0.9675,0.9675,2022-23,in,permanent,0,24.0,Right Winger,65000000.0,44600000.0,,0.6862,20400000.0,0.8456,0.7619,0.9161,-0.140824,0.077806,0.026354,-0.085976,0.4253,0.018916,0.022032,0.090604,0.093494,0.090604,positive,positive,train,positive,positive,1.0,0.0,0.0,1.0
2022-06-27,2022-06-27,Juventus,Federico Chiesa,The Guardian / Gregg Bakowski,Football transfer rumours: Chelsea to sign Matthijs de Ligt from Juventus? ,https://www.theguardian.com/football/2022/jun/27/football-transfer-rumours-chelsea-to-sign-matthijs-de-ligt-from-juventus,0.84,0.686,1,1,0.84,0.84,0.686,0.686,2022-23,in,permanent,0,24.0,Right Winger,65000000.0,44600000.0,,0.6862,20400000.0,0.8456,0.7619,0.6681,0.092496,0.18262,0.027252,-0.07964,0.6795,-0.034349,-0.00717,-0.007947,0.009692,-0.007947,neutral,neutral,train,neutral,neutral,1.0,0.0,1.0,0.0
2022-06-24,2022-06-24,Juventus,Federico Chiesa,The Guardian / Barry Glendenning,"Football transfer rumours: Nicolò Zaniolo to Spurs, Juventus or Milan?",https://www.theguardian.com/football/2022/jun/24/football-transfer-rumours-nicolo-zaniolo-to-spurs-juventus-or-milan,0.84,0.686,1,1,0.84,0.84,0.686,0.686,2022-23,in,permanent,0,24.0,Right Winger,65000000.0,44600000.0,,0.6862,20400000.0,0.8456,0.7619,0.6681,0.08545,0.202815,0.027274,-0.101173,0.672,0.002484,-0.023713,-0.045682,-0.005061,-0.045682,negative,negative,train,negative,negative,1.0,1.0,0.0,0.0
2022-06-17,2022-06-17,Juventus,Federico Chiesa,The Guardian / Luke McLaughlin,Football transfer rumours: Arsenal leading race to sign Gabriel Jesus?,https://www.theguardian.com/football/2022/jun/17/football-transfer-rumours-arsenal-gabriel-jesus-lautaro-martinez-tottenham,0.84,0.686,1,1,0.84,0.84,0.686,0.686,2022-23,in,permanent,0,24.0,Right Winger,65000000.0,44600000.0,,0.6862,20400000.0,0.8456,0.7619,0.6681,-0.113918,0.118413,0.026117,-0.074502,0.4747,0.093337,0.066932,0.065803,0.062087,0.065803,positive,positive,train,positive,positive,1.0,0.0,0.0,1.0
2022-06-30,2022-06-30,Juventus,Federico Chiesa,The Guardian / Fabrizio Romano and Andy Hunter,Tottenham seal deal to sign Richarlison from Everton for initial £50m,https://www.theguardian.com/football/2022/jun/30/tottenham-seal-deal-to-sign-richarlison-from-everton-for-initial-50m,0.95,0.9675,1,1,0.95,0.95,0.9675,0.9675,2022-23,in,permanent,0,24.0,Right Winger,65000000.0,44600000.0,,0.6862,20400000.0,0.8456,0.7619,0.8161,-0.009214,0.103865,0.027469,-0.092707,0.5457,-0.009857,0.002656,0.038501,0.004511,0.038501,positive,positive,train,positive,positive,1.0,0.0,0.0,1.0
2024-07-14,2024-07-14,Manchester United,Joshua Zirkzee,The Guardian / Will Unwin,Manchester United sign striker Joshua Zirkzee for €42.5m from Bologna,https://www.theguardian.com/football/article/2024/jul/14/manchester-united-sign-striker-joshua-zirkzee,0.84,0.686,1,1,0.84,0.84,0.686,0.686,2024-25,in,permanent,0,23.0,Centre-Forward,50000000.0,42500000.0,,0.85,7500000.0,0.7837,0.6652,0.6681,0.045285,0.010192,0.019823,0.072557,0.6595,0.024985,0.023488,-0.004451,0.030506,-0.004451,neutral,neutral,train,neutral,neutral,1.0,0.0,1.0,0.0
2024-07-11,2024-07-11,Manchester United,Joshua Zirkzee,The Guardian / Jamie Jackson,Manchester United agree £35.3m deal for Bologna’s Joshua Zirkzee,https://www.theguardian.com/football/article/2024/jul/11/manchester-united-agree-353m-deal-for-bolognas-joshua-zirkzee,0.84,0.686,1,1,0.84,0.84,0.686,0.686,2024-25,in,permanent,0,23.0,Centre-Forward,50000000.0,42500000.0,,0.85,7500000.0,0.7837,0.6652,0.6681,0.03125,0.035692,0.020351,0.061792,0.6519,0.061909,0.003657,0.026872,0.022376,0.026872,positive,positive,train,positive,positive,1.0,0.0,0.0,1.0
2024-07-08,2024-07-08,Manchester United,Joshua Zirkzee,The Guardian / Jamie Jackson,Manchester United set to sign Joshua Zirkzee and up Jarrad Branthwaite bid,https://www.theguardian.com/football/article/2024/jul/08/manchester-united-joshua-zirkzee-set-sign-fee-dilemma,0.84,0.686,1,1,0.84,0.84,0.686,0.686,2024-25,in,permanent,0,23.0,Centre-Forward,50000000.0,42500000.0,,0.85,7500000.0,0.7837,0.6652,0.6681,0.003711,-0.02581,0.018217,0.049026,0.6,-0.005488,-0.014333,0.046626,0.0476,0.046626,positive,positive,train,positive,positive,1.0,0.0,0.0,1.0
2024-07-17,2024-07-17,Manchester United,Joshua Zirkzee,The Guardian / Jamie Jackson,Manchester United line up Leny Yoro medical in transfer battle with Real Madrid,https://www.theguardian.com/football/article/2024/jul/17/manchester-united-leny-yoro-medical-transfer-battle-real-madrid-lille,0.84,0.896,1,1,0.84,0.84,0.896,0.896,2024-25,in,permanent,0,23.0,Centre-Forward,50000000.0,42500000.0,,0.85,7500000.0,0.7837,0.6652,0.8416,0.084649,-0.00579,0.020448,0.072643,0.6843,0.007202,-0.029427,-0.005891,-0.002722,-0.005891,neutral,neutral,train,neutral,neutral,1.0,0.0,1.0,0.0
2024-07-02,2024-07-02,Manchester United,Joshua Zirkzee,The Guardian / Tom Garry,"Transfer latest: Arsenal sign Caldentey, Manchester United land Janssen",https://www.theguardian.com/football/article/2024/jul/02/arsenal-women-world-cup-football-mariona-caldentey-barcelona,0.84,0.896,1,1,0.84,0.84,0.896,0.896,2024-25,in,permanent,0,23.0,Centre-Forward,50000000.0,42500000.0,,0.85,7500000.0,0.7837,0.6652,0.7416,0.009901,-0.030879,0.018321,0.032399,0.5943,0.003041,-0.009395,-0.024588,0.044352,-0.024588,negative,negative,train,negative,negative,1.0,1.0,0.0,0.0
