date,original_transfer_date,event_date_source,event_date_confidence,season,club,player,direction,transfer_type,is_loan,transfer_quality,rumor_count,max_credibility,avg_credibility,max_rumor_strength,avg_rumor_strength,car_m1_p1,label,split,actual_label,predicted_label,prediction_confidence,prob_negative,prob_neutral,prob_positive
2021-06-06,2021-07-01,first_credible_news,0.58,2021-22,Borussia Dortmund,Ansgar Knauff,in,permanent,0,0.65,1,0.58,0.58,0.517,0.517,,,unlabeled,,neutral,1.0,0.0,1.0,0.0
2021-06-27,2021-07-01,first_credible_news,0.5,2021-22,Borussia Dortmund,Donyell Malen,in,permanent,0,0.725,2,0.5,0.5,0.465,0.465,-0.01057,neutral,train,neutral,neutral,1.0,0.0,1.0,0.0
2021-06-01,2021-07-01,first_credible_news,0.5,2021-22,Borussia Dortmund,Gregor Kobel,in,permanent,0,0.75,2,0.5,0.5,0.465,0.465,,,unlabeled,,neutral,1.0,0.0,1.0,0.0
2021-06-15,2021-07-01,first_credible_news,0.5,2021-22,Borussia Dortmund,Immanuel Pherai,in,loan,1,0.675,2,0.5,0.5,0.465,0.465,,,unlabeled,,neutral,1.0,0.0,1.0,0.0
2021-06-15,2021-07-01,first_credible_news,0.5,2021-22,Borussia Dortmund,Immanuel Pherai,out,permanent,0,0.67,2,0.5,0.5,0.465,0.465,,,unlabeled,,neutral,1.0,0.0,1.0,0.0
2021-07-01,2021-07-01,proxy_transfer_window,,2021-22,Borussia Dortmund,Jadon Sancho,out,permanent,0,0.67,0,,,,,0.002631,neutral,train,neutral,positive,0.9413,0.0587,0.0,0.9413
2021-07-01,2021-07-01,proxy_transfer_window,,2021-22,Borussia Dortmund,Jeremy Toljan,in,loan,1,0.725,0,,,,,0.002631,neutral,train,neutral,positive,0.9563,0.0437,0.0,0.9563
2021-07-01,2021-07-01,proxy_transfer_window,,2021-22,Borussia Dortmund,Jeremy Toljan,out,permanent,0,0.67,0,,,,,0.002631,neutral,train,neutral,positive,0.9413,0.0587,0.0,0.9413
2021-06-06,2021-07-01,first_credible_news,0.5,2021-22,Borussia Dortmund,Leonardo Balerdi,in,loan,1,0.725,2,0.5,0.5,0.465,0.465,,,unlabeled,,neutral,1.0,0.0,1.0,0.0
2021-06-06,2021-07-01,first_credible_news,0.5,2021-22,Borussia Dortmund,Leonardo Balerdi,out,permanent,0,0.67,2,0.5,0.5,0.465,0.465,,,unlabeled,,neutral,1.0,0.0,1.0,0.0
2021-06-26,2021-07-01,first_credible_news,0.5,2021-22,Borussia Dortmund,Lukasz Piszczek,out,permanent,0,0.775,2,0.5,0.5,0.465,0.465,-0.01057,neutral,train,neutral,neutral,1.0,0.0,1.0,0.0
2021-07-01,2021-07-01,proxy_transfer_window,,2021-22,Borussia Dortmund,Marin Pongracic,in,loan,1,0.75,0,,,,,0.002631,neutral,train,neutral,positive,0.9646,0.0354,0.0,0.9646
2021-07-01,2021-07-01,proxy_transfer_window,,2021-22,Borussia Dortmund,Marius Wolf,in,loan,1,0.725,0,,,,,0.002631,neutral,train,neutral,positive,0.9563,0.0437,0.0,0.9563
2021-07-01,2021-07-01,proxy_transfer_window,,2021-22,Borussia Dortmund,Sergio Gómez,in,loan,1,0.675,0,,,,,0.002631,neutral,train,neutral,positive,0.9498,0.0502,0.0,0.9498
2021-07-01,2021-07-01,proxy_transfer_window,,2021-22,Borussia Dortmund,Sergio Gómez,out,permanent,0,0.67,0,,,,,0.002631,neutral,train,neutral,positive,0.9413,0.0587,0.0,0.9413
2021-06-14,2021-07-01,first_credible_news,0.5,2021-22,Borussia Dortmund,Thomas Delaney,out,permanent,0,0.72,2,0.5,0.5,0.465,0.465,,,unlabeled,,neutral,1.0,0.0,1.0,0.0
2021-07-01,2021-07-01,proxy_transfer_window,,2021-22,Juventus FC,Cristian Romero,out,permanent,0,0.67,0,,,,,0.005084,neutral,train,neutral,positive,0.9197,0.0803,0.0,0.9197
2021-07-01,2021-07-01,proxy_transfer_window,,2021-22,Juventus FC,Cristiano Ronaldo,out,permanent,0,0.775,0,,,,,0.005084,neutral,train,neutral,positive,0.9574,0.0426,0.0,0.9574
2021-07-01,2021-07-01,proxy_transfer_window,,2021-22,Juventus FC,Gianluca Frabotta,out,loan,1,0.67,0,,,,,0.005084,neutral,train,neutral,positive,0.8965,0.1035,0.0,0.8965
2021-07-01,2021-07-01,proxy_transfer_window,,2021-22,Juventus FC,Gianluigi Buffon,out,permanent,0,0.775,0,,,,,0.005084,neutral,train,neutral,positive,0.9574,0.0426,0.0,0.9574
2021-07-01,2021-07-01,proxy_transfer_window,,2021-22,Juventus FC,Kaio Jorge,in,permanent,0,0.65,0,,,,,0.005084,neutral,train,neutral,positive,0.9506,0.0494,0.0,0.9506
2021-07-01,2021-07-01,proxy_transfer_window,,2021-22,Juventus FC,Manuel Locatelli,in,loan,1,0.75,0,,,,,0.005084,neutral,train,neutral,positive,0.9512,0.0488,0.0,0.9512
2021-07-01,2021-07-01,proxy_transfer_window,,2021-22,Juventus FC,Marko Pjaca,out,loan,1,0.67,0,,,,,0.005084,neutral,train,neutral,positive,0.8965,0.1035,0.0,0.8965
2021-07-01,2021-07-01,proxy_transfer_window,,2021-22,Juventus FC,Merih Demiral,out,loan,1,0.67,0,,,,,0.005084,neutral,train,neutral,positive,0.8965,0.1035,0.0,0.8965
2021-07-01,2021-07-01,proxy_transfer_window,,2021-22,Juventus FC,Mohamed Ihattaren,in,permanent,0,0.65,0,,,,,0.005084,neutral,train,neutral,positive,0.9506,0.0494,0.0,0.9506
2021-07-01,2021-07-01,proxy_transfer_window,,2021-22,Juventus FC,Mohamed Ihattaren,out,loan,1,0.67,0,,,,,0.005084,neutral,train,neutral,positive,0.8965,0.1035,0.0,0.8965
2021-07-01,2021-07-01,proxy_transfer_window,,2021-22,Juventus FC,Moise Kean,in,loan,1,0.7,0,,,,,0.005084,neutral,train,neutral,positive,0.9327,0.0673,0.0,0.9327
2021-07-01,2021-07-01,proxy_transfer_window,,2021-22,Juventus FC,Nicolò Fagioli,out,loan,1,0.67,0,,,,,0.005084,neutral,train,neutral,positive,0.8965,0.1035,0.0,0.8965
2021-07-01,2021-07-01,proxy_transfer_window,,2021-22,Juventus FC,Radu Dragusin,out,loan,1,0.67,0,,,,,0.005084,neutral,train,neutral,positive,0.8965,0.1035,0.0,0.8965
2021-07-01,2021-07-01,proxy_transfer_window,,2021-22,Juventus FC,Stefano Gori,out,loan,1,0.67,0,,,,,0.005084,neutral,train,neutral,positive,0.8965,0.1035,0.0,0.8965
2021-07-01,2021-07-01,proxy_transfer_window,,2021-22,Juventus FC,Weston McKennie,in,permanent,0,0.725,0,,,,,0.005084,neutral,train,neutral,positive,0.9539,0.0461,0.0,0.9539
2021-07-01,2021-07-01,proxy_transfer_window,,2021-22,Juventus FC,Weston McKennie,out,loan,1,0.67,0,,,,,0.005084,neutral,train,neutral,positive,0.8965,0.1035,0.0,0.8965
2021-07-01,2021-07-01,proxy_transfer_window,,2021-22,Manchester United,Amad Diallo,in,loan,1,0.65,0,,,,,0.007938,neutral,train,neutral,positive,0.8717,0.1283,0.0,0.8717
2021-07-01,2021-07-01,proxy_transfer_window,,2021-22,Manchester United,Andreas Pereira,in,loan,1,0.75,0,,,,,0.007938,neutral,train,neutral,positive,0.9009,0.0991,0.0,0.9009
2021-07-01,2021-07-01,proxy_transfer_window,,2021-22,Manchester United,Andreas Pereira,out,loan,1,0.67,0,,,,,0.007938,neutral,train,neutral,positive,0.8016,0.1984,0.0,0.8016
2021-06-09,2021-07-01,first_credible_news,0.5,2021-22,Manchester United,Anthony Elanga,in,permanent,0,0.65,2,0.5,0.5,0.465,0.465,,,unlabeled,,neutral,1.0,0.0,1.0,0.0
2021-07-01,2021-07-01,proxy_transfer_window,,2021-22,Manchester United,Axel Tuanzebe,in,loan,1,0.775,0,,,,,0.007938,neutral,train,neutral,positive,0.9258,0.0742,0.0,0.9258
2021-07-01,2021-07-01,proxy_transfer_window,,2021-22,Manchester United,Axel Tuanzebe,out,loan,1,0.67,0,,,,,0.007938,neutral,train,neutral,positive,0.8016,0.1984,0.0,0.8016
2021-07-01,2021-07-01,proxy_transfer_window,,2021-22,Manchester United,Brandon Williams,in,loan,1,0.7,0,,,,,0.007938,neutral,train,neutral,positive,0.866,0.134,0.0,0.866
2021-07-01,2021-07-01,proxy_transfer_window,,2021-22,Manchester United,Brandon Williams,out,loan,1,0.67,0,,,,,0.007938,neutral,train,neutral,positive,0.8016,0.1984,0.0,0.8016
2021-07-01,2021-07-01,proxy_transfer_window,,2021-22,Manchester United,Cristiano Ronaldo,in,permanent,0,0.475,0,,,,,0.007938,neutral,train,neutral,positive,0.9957,0.0043,0.0,0.9957
2021-07-01,2021-07-01,proxy_transfer_window,,2021-22,Manchester United,Daniel James,out,permanent,0,0.67,0,,,,,0.007938,neutral,train,neutral,positive,0.8424,0.1576,0.0,0.8424
2021-07-01,2021-07-01,proxy_transfer_window,,2021-22,Manchester United,Diogo Dalot,in,loan,1,0.725,0,,,,,0.007938,neutral,train,neutral,positive,0.8795,0.1205,0.0,0.8795
2021-07-01,2021-07-01,proxy_transfer_window,,2021-22,Manchester United,Donny van de Beek,in,loan,1,0.75,0,,,,,0.007938,neutral,train,neutral,positive,0.9009,0.0991,0.0,0.9009
2021-07-01,2021-07-01,proxy_transfer_window,,2021-22,Manchester United,Facundo Pellistri,in,loan,1,0.65,0,,,,,0.007938,neutral,train,neutral,positive,0.8717,0.1283,0.0,0.8717
2021-07-01,2021-07-01,proxy_transfer_window,,2021-22,Manchester United,Facundo Pellistri,out,loan,1,0.67,0,,,,,0.007938,neutral,train,neutral,positive,0.8016,0.1984,0.0,0.8016
2021-07-01,2021-07-01,proxy_transfer_window,,2021-22,Manchester United,Hannibal Mejbri,in,permanent,0,0.625,0,,,,,0.007938,neutral,train,neutral,positive,0.9143,0.0857,0.0,0.9143
2021-07-01,2021-07-01,first_credible_news,0.5,2021-22,Manchester United,Jadon Sancho,in,permanent,0,0.7,2,0.5,0.5,0.675,0.57,0.007938,neutral,train,neutral,neutral,1.0,0.0,1.0,0.0
2021-07-01,2021-07-01,proxy_transfer_window,,2021-22,Manchester United,James Garner,in,loan,1,0.7,0,,,,,0.007938,neutral,train,neutral,positive,0.866,0.134,0.0,0.866
2021-07-01,2021-07-01,proxy_transfer_window,,2021-22,Manchester United,James Garner,out,loan,1,0.67,0,,,,,0.007938,neutral,train,neutral,positive,0.8016,0.1984,0.0,0.8016
2021-06-04,2021-07-01,first_credible_news,0.58,2021-22,Manchester United,Joel Pereira,out,permanent,0,0.67,2,0.58,0.58,0.517,0.517,,,unlabeled,,neutral,1.0,0.0,1.0,0.0
2021-07-01,2021-07-01,proxy_transfer_window,,2021-22,Manchester United,Raphaël Varane,in,permanent,0,0.675,0,,,,,0.007938,neutral,train,neutral,positive,0.893,0.107,0.0,0.893
2021-06-26,2021-07-01,first_credible_news,0.5,2021-22,Manchester United,Sergio Romero,out,permanent,0,0.775,2,0.5,0.5,0.465,0.465,-0.012027,neutral,train,neutral,neutral,1.0,0.0,1.0,0.0
2021-07-01,2021-07-01,proxy_transfer_window,,2021-22,Manchester United,Shola Shoretire,in,permanent,0,0.6,0,,,,,0.007938,neutral,train,neutral,positive,0.9332,0.0668,0.0,0.9332
2021-07-01,2021-07-01,proxy_transfer_window,,2021-22,Manchester United,Tahith Chong,in,loan,1,0.725,0,,,,,0.007938,neutral,train,neutral,positive,0.8795,0.1205,0.0,0.8795
2021-07-01,2021-07-01,proxy_transfer_window,,2021-22,Manchester United,Tahith Chong,in,loan,1,0.7,0,,,,,0.007938,neutral,train,neutral,positive,0.866,0.134,0.0,0.866
2021-07-01,2021-07-01,proxy_transfer_window,,2021-22,Manchester United,Tahith Chong,out,loan,1,0.67,0,,,,,0.007938,neutral,train,neutral,positive,0.8016,0.1984,0.0,0.8016
2021-07-01,2021-07-01,proxy_transfer_window,,2021-22,Manchester United,Teden Mengi,in,loan,1,0.675,0,,,,,0.007938,neutral,train,neutral,positive,0.8632,0.1368,0.0,0.8632
2021-07-01,2021-07-01,proxy_transfer_window,,2021-22,Manchester United,Tom Heaton,in,permanent,0,0.5,0,,,,,0.007938,neutral,train,neutral,positive,0.9909,0.0091,0.0,0.9909
2021-07-01,2021-07-01,proxy_transfer_window,,2021-22,SS Lazio,Abukar Mohamed,out,permanent,0,0.67,0,,,,,-0.026216,negative,train,negative,negative,0.976,0.976,0.0,0.024
2021-07-01,2021-07-01,proxy_transfer_window,,2021-22,SS Lazio,Andreas Pereira,out,loan,1,0.67,0,,,,,-0.026216,negative,train,negative,negative,0.9817,0.9817,0.0,0.0183
2021-07-01,2021-07-01,proxy_transfer_window,,2021-22,SS Lazio,Biagio Morrone,out,loan,1,0.67,0,,,,,-0.026216,negative,train,negative,negative,0.9817,0.9817,0.0,0.0183
2021-07-01,2021-07-01,proxy_transfer_window,,2021-22,SS Lazio,Cedric Gondo,out,permanent,0,0.67,0,,,,,-0.026216,negative,train,negative,negative,0.976,0.976,0.0,0.024
2021-07-01,2021-07-01,proxy_transfer_window,,2021-22,SS Lazio,Dimitrije Kamenovic,in,permanent,0,0.675,0,,,,,-0.026216,negative,train,negative,negative,0.963,0.963,0.0,0.037
2021-07-01,2021-07-01,proxy_transfer_window,,2021-22,SS Lazio,Djavan Anderson,out,loan,1,0.67,0,,,,,-0.026216,negative,train,negative,negative,0.9817,0.9817,0.0,0.0183
2021-07-01,2021-07-01,proxy_transfer_window,,2021-22,SS Lazio,Elseid Hysaj,in,permanent,0,0.7,0,,,,,-0.026216,negative,train,negative,negative,0.9621,0.9621,0.0,0.0379
2021-07-01,2021-07-01,proxy_transfer_window,,2021-22,SS Lazio,Emanuele Cicerelli,out,loan,1,0.67,0,,,,,-0.026216,negative,train,negative,negative,0.9817,0.9817,0.0,0.0183
2021-07-01,2021-07-01,proxy_transfer_window,,2021-22,SS Lazio,Fabio Maistro,out,loan,1,0.67,0,,,,,-0.026216,negative,train,negative,negative,0.9817,0.9817,0.0,0.0183
2021-07-01,2021-07-01,proxy_transfer_window,,2021-22,SS Lazio,Felipe Anderson,in,permanent,0,0.675,0,,,,,-0.026216,negative,train,negative,negative,0.963,0.963,0.0,0.037
2021-07-01,2021-07-01,proxy_transfer_window,,2021-22,SS Lazio,Felipe Caicedo,out,permanent,0,0.775,0,,,,,-0.026216,negative,train,negative,negative,0.9539,0.9539,0.0,0.0461
2021-07-01,2021-07-01,proxy_transfer_window,,2021-22,SS Lazio,Joaquín Correa,out,loan,1,0.67,0,,,,,-0.026216,negative,train,negative,negative,0.9817,0.9817,0.0,0.0183
2021-07-01,2021-07-01,proxy_transfer_window,,2021-22,SS Lazio,Joseph Marie Minala,out,permanent,0,0.67,0,,,,,-0.026216,negative,train,negative,negative,0.976,0.976,0.0,0.024
2021-07-01,2021-07-01,proxy_transfer_window,,2021-22,SS Lazio,Luka Romero,in,permanent,0,0.575,0,,,,,-0.026216,negative,train,negative,negative,0.915,0.915,0.0,0.085
2021-07-01,2021-07-01,proxy_transfer_window,,2021-22,SS Lazio,Marco Alia,out,loan,1,0.67,0,,,,,-0.026216,negative,train,negative,negative,0.9817,0.9817,0.0,0.0183
2021-07-01,2021-07-01,proxy_transfer_window,,2021-22,SS Lazio,Marco Parolo,out,permanent,0,0.775,0,,,,,-0.026216,negative,train,negative,negative,0.9539,0.9539,0.0,0.0461
2021-07-01,2021-07-01,proxy_transfer_window,,2021-22,SS Lazio,Mateo Musacchio,out,permanent,0,0.745,0,,,,,-0.026216,negative,train,negative,negative,0.9676,0.9676,0.0,0.0324
2021-07-01,2021-07-01,proxy_transfer_window,,2021-22,SS Lazio,Mattia Zaccagni,in,loan,1,0.725,0,,,,,-0.026216,negative,train,negative,negative,0.9675,0.9675,0.0,0.0325
2021-07-01,2021-07-01,proxy_transfer_window,,2021-22,SS Lazio,Mohamed Fares,out,loan,1,0.67,0,,,,,-0.026216,negative,train,negative,negative,0.9817,0.9817,0.0,0.0183
2021-07-01,2021-07-01,proxy_transfer_window,,2021-22,SS Lazio,Nicolò Armini,out,loan,1,0.67,0,,,,,-0.026216,negative,train,negative,negative,0.9817,0.9817,0.0,0.0183
2021-07-01,2021-07-01,proxy_transfer_window,,2021-22,SS Lazio,Nikolaos Baxevanos,out,permanent,0,0.67,0,,,,,-0.026216,negative,train,negative,negative,0.976,0.976,0.0,0.024
2021-07-01,2021-07-01,proxy_transfer_window,,2021-22,SS Lazio,Pedro,in,permanent,0,0.525,0,,,,,-0.026216,negative,train,negative,negative,0.7939,0.7939,0.0,0.2061
2021-07-01,2021-07-01,proxy_transfer_window,,2021-22,SS Lazio,Raúl Moro,in,permanent,0,0.625,0,,,,,-0.026216,negative,train,negative,negative,0.9531,0.9531,0.0,0.0469
2021-07-01,2021-07-01,proxy_transfer_window,,2021-22,SS Lazio,Senad Lulic,out,permanent,0,0.775,0,,,,,-0.026216,negative,train,negative,negative,0.9539,0.9539,0.0,0.0461
2021-07-01,2021-07-01,proxy_transfer_window,,2021-22,SS Lazio,Sergio Kalaj,out,permanent,0,0.67,0,,,,,-0.026216,negative,train,negative,negative,0.976,0.976,0.0,0.024
2021-07-01,2021-07-01,proxy_transfer_window,,2021-22,SS Lazio,Simone Palombi,out,permanent,0,0.67,0,,,,,-0.026216,negative,train,negative,negative,0.976,0.976,0.0,0.024
2021-07-01,2021-07-01,proxy_transfer_window,,2021-22,SS Lazio,Sofian Kiyine,out,loan,1,0.67,0,,,,,-0.026216,negative,train,negative,negative,0.9817,0.9817,0.0,0.0183
2021-07-01,2021-07-01,proxy_transfer_window,,2021-22,SS Lazio,Tiago Casasola,out,loan,1,0.67,0,,,,,-0.026216,negative,train,negative,negative,0.9817,0.9817,0.0,0.0183
2021-07-01,2021-07-01,proxy_transfer_window,,2021-22,SS Lazio,Toma Basic,in,permanent,0,0.775,0,,,,,-0.026216,negative,train,negative,negative,0.9293,0.9293,0.0,0.0707
2021-07-01,2021-07-01,proxy_transfer_window,,2021-22,SS Lazio,Wesley Hoedt,out,loan,1,0.67,0,,,,,-0.026216,negative,train,negative,negative,0.9817,0.9817,0.0,0.0183
2021-08-27,2021-08-27,first_credible_news,0.5,2021-22,Manchester United,Cristiano Ronaldo,in,permanent,0,0.5275,2,0.5,0.5,0.675,0.57,0.013844,neutral,train,neutral,neutral,1.0,0.0,1.0,0.0
2022-01-01,2022-01-01,proxy_transfer_window,,2021-22,Borussia Dortmund,Ansgar Knauff,out,loan,1,0.67,0,,,,,-0.008828,neutral,train,neutral,positive,0.9238,0.0762,0.0,0.9238
2022-01-01,2022-01-01,proxy_transfer_window,,2021-22,Borussia Dortmund,Tobias Raschl,out,permanent,0,0.67,0,,,,,-0.008828,neutral,train,neutral,positive,0.9413,0.0587,0.0,0.9413
2022-01-01,2022-01-01,proxy_transfer_window,,2021-22,Juventus FC,Aaron Ramsey,out,loan,1,0.77,0,,,,,0.101436,positive,train,positive,positive,0.9406,0.0594,0.0,0.9406
2022-01-01,2022-01-01,proxy_transfer_window,,2021-22,Juventus FC,Dejan Kulusevski,out,loan,1,0.67,0,,,,,0.101436,positive,train,positive,positive,0.8965,0.1035,0.0,0.8965
2022-01-01,2022-01-01,proxy_transfer_window,,2021-22,Juventus FC,Denis Zakaria,in,permanent,0,0.75,0,,,,,0.101436,positive,train,positive,positive,0.9626,0.0374,0.0,0.9626
2022-01-01,2022-01-01,proxy_transfer_window,,2021-22,Juventus FC,Dušan Vlahović,in,permanent,0,0.725,0,,,,,0.101436,positive,train,positive,positive,0.9539,0.0461,0.0,0.9539
2022-01-01,2022-01-01,proxy_transfer_window,,2021-22,Juventus FC,Federico Gatti,in,permanent,0,0.75,0,,,,,0.101436,positive,train,positive,positive,0.9626,0.0374,0.0,0.9626
2022-01-01,2022-01-01,proxy_transfer_window,,2021-22,Juventus FC,Federico Gatti,out,loan,1,0.67,0,,,,,0.101436,positive,train,positive,positive,0.8965,0.1035,0.0,0.8965
2022-01-01,2022-01-01,proxy_transfer_window,,2021-22,Juventus FC,Marley Aké,in,permanent,0,0.7,0,,,,,0.101436,positive,train,positive,positive,0.9482,0.0518,0.0,0.9482
2022-01-01,2022-01-01,proxy_transfer_window,,2021-22,Juventus FC,Mohamed Ihattaren,out,loan,1,0.67,0,,,,,0.101436,positive,train,positive,positive,0.8965,0.1035,0.0,0.8965
2022-01-01,2022-01-01,proxy_transfer_window,,2021-22,Juventus FC,Radu Dragusin,out,loan,1,0.67,0,,,,,0.101436,positive,train,positive,positive,0.8965,0.1035,0.0,0.8965
2022-01-01,2022-01-01,proxy_transfer_window,,2021-22,Juventus FC,Rodrigo Bentancur,out,permanent,0,0.67,0,,,,,0.101436,positive,train,positive,positive,0.9197,0.0803,0.0,0.9197
2022-01-01,2022-01-01,proxy_transfer_window,,2021-22,Manchester United,Amad Diallo,out,loan,1,0.67,0,,,,,0.029213,positive,train,positive,positive,0.8016,0.1984,0.0,0.8016
2022-01-01,2022-01-01,proxy_transfer_window,,2021-22,Manchester United,Anthony Martial,out,loan,1,0.67,0,,,,,0.029213,positive,train,positive,positive,0.8016,0.1984,0.0,0.8016
2022-01-01,2022-01-01,proxy_transfer_window,,2021-22,Manchester United,Axel Tuanzebe,out,loan,1,0.67,0,,,,,0.029213,positive,train,positive,positive,0.8016,0.1984,0.0,0.8016
2022-01-01,2022-01-01,proxy_transfer_window,,2021-22,Manchester United,Donny van de Beek,out,loan,1,0.67,0,,,,,0.029213,positive,train,positive,positive,0.8016,0.1984,0.0,0.8016
2022-01-01,2022-01-01,proxy_transfer_window,,2021-22,Manchester United,Teden Mengi,out,loan,1,0.67,0,,,,,0.029213,positive,train,positive,positive,0.8016,0.1984,0.0,0.8016
2022-01-01,2022-01-01,proxy_transfer_window,,2021-22,SS Lazio,Alessandro Rossi,out,loan,1,0.67,0,,,,,0.010604,neutral,train,neutral,negative,0.9817,0.9817,0.0,0.0183
2022-01-01,2022-01-01,proxy_transfer_window,,2021-22,SS Lazio,André Anderson,out,loan,1,0.67,0,,,,,0.010604,neutral,train,neutral,negative,0.9817,0.9817,0.0,0.0183
2022-01-01,2022-01-01,proxy_transfer_window,,2021-22,SS Lazio,Bobby Adekanye,out,loan,1,0.67,0,,,,,0.010604,neutral,train,neutral,negative,0.9817,0.9817,0.0,0.0183
2022-01-01,2022-01-01,proxy_transfer_window,,2021-22,SS Lazio,Cristiano Lombardi,out,loan,1,0.67,0,,,,,0.010604,neutral,train,neutral,negative,0.9817,0.9817,0.0,0.0183
2022-01-01,2022-01-01,proxy_transfer_window,,2021-22,SS Lazio,Denis Vavro,out,loan,1,0.67,0,,,,,0.010604,neutral,train,neutral,negative,0.9817,0.9817,0.0,0.0183
2022-01-01,2022-01-01,proxy_transfer_window,,2021-22,SS Lazio,Djavan Anderson,out,loan,1,0.67,0,,,,,0.010604,neutral,train,neutral,negative,0.9817,0.9817,0.0,0.0183
2022-01-01,2022-01-01,proxy_transfer_window,,2021-22,SS Lazio,Gonzalo Escalante,out,loan,1,0.695,0,,,,,0.010604,neutral,train,neutral,negative,0.9816,0.9816,0.0,0.0184
2022-01-01,2022-01-01,proxy_transfer_window,,2021-22,SS Lazio,Jony,out,loan,1,0.745,0,,,,,0.010604,neutral,train,neutral,negative,0.9753,0.9753,0.0,0.0247
2022-01-01,2022-01-01,proxy_transfer_window,,2021-22,SS Lazio,Jordan Lukaku,out,loan,1,0.67,0,,,,,0.010604,neutral,train,neutral,negative,0.9817,0.9817,0.0,0.0183
2022-01-01,2022-01-01,proxy_transfer_window,,2021-22,SS Lazio,Jovane Cabral,in,loan,1,0.75,0,,,,,0.010604,neutral,train,neutral,negative,0.9598,0.9598,0.0,0.0402
2022-01-01,2022-01-01,proxy_transfer_window,,2021-22,SS Lazio,Mohamed Fares,out,loan,1,0.67,0,,,,,0.010604,neutral,train,neutral,negative,0.9817,0.9817,0.0,0.0183
2022-01-01,2022-01-01,proxy_transfer_window,,2021-22,SS Lazio,Riza Durmisi,out,loan,1,0.695,0,,,,,0.010604,neutral,train,neutral,negative,0.9816,0.9816,0.0,0.0184
2022-01-01,2022-01-01,proxy_transfer_window,,2021-22,SS Lazio,Vedat Muriqi,out,loan,1,0.67,0,,,,,0.010604,neutral,train,neutral,negative,0.9817,0.9817,0.0,0.0183
2022-07-01,2022-07-01,proxy_transfer_window,,2022-23,Borussia Dortmund,Alexander Meyer,in,permanent,0,0.6,0,,,,,0.029094,positive,train,positive,positive,0.9767,0.0233,0.0,0.9767
2022-07-01,2022-07-01,proxy_transfer_window,,2022-23,Borussia Dortmund,Anthony Modeste,in,permanent,0,0.525,0,,,,,0.029094,positive,train,positive,positive,0.9941,0.0059,0.0,0.9941
2022-07-01,2022-07-01,proxy_transfer_window,,2022-23,Borussia Dortmund,Axel Witsel,out,permanent,0,0.775,0,,,,,0.029094,positive,train,positive,positive,0.9692,0.0308,0.0,0.9692
2022-07-01,2022-07-01,proxy_transfer_window,,2022-23,Borussia Dortmund,Dan-Axel Zagadou,out,permanent,0,0.67,0,,,,,0.029094,positive,train,positive,positive,0.9413,0.0587,0.0,0.9413
2022-07-01,2022-07-01,proxy_transfer_window,,2022-23,Borussia Dortmund,Erling Haaland,out,permanent,0,0.67,0,,,,,0.029094,positive,train,positive,positive,0.9413,0.0587,0.0,0.9413
2022-07-01,2022-07-01,proxy_transfer_window,,2022-23,Borussia Dortmund,Jamie Bynoe-Gittens,in,permanent,0,0.6,0,,,,,0.029094,positive,train,positive,positive,0.9767,0.0233,0.0,0.9767
2022-07-01,2022-07-01,proxy_transfer_window,,2022-23,Borussia Dortmund,Karim Adeyemi,in,permanent,0,0.675,0,,,,,0.029094,positive,train,positive,positive,0.9616,0.0384,0.0,0.9616
2022-07-01,2022-07-01,proxy_transfer_window,,2022-23,Borussia Dortmund,Manuel Akanji,out,permanent,0,0.67,0,,,,,0.029094,positive,train,positive,positive,0.9413,0.0587,0.0,0.9413
2022-07-01,2022-07-01,proxy_transfer_window,,2022-23,Borussia Dortmund,Marcel Lotka,in,permanent,0,0.7,0,,,,,0.029094,positive,train,positive,positive,0.9625,0.0375,0.0,0.9625
2022-07-01,2022-07-01,proxy_transfer_window,,2022-23,Borussia Dortmund,Marcel Schmelzer,out,permanent,0,0.775,0,,,,,0.029094,positive,train,positive,positive,0.9692,0.0308,0.0,0.9692
2022-07-01,2022-07-01,proxy_transfer_window,,2022-23,Borussia Dortmund,Marin Pongracic,out,loan,1,0.67,0,,,,,0.029094,positive,train,positive,positive,0.9238,0.0762,0.0,0.9238
2022-07-01,2022-07-01,proxy_transfer_window,,2022-23,Borussia Dortmund,Marwin Hitz,out,permanent,0,0.775,0,,,,,0.029094,positive,train,positive,positive,0.9692,0.0308,0.0,0.9692
2022-07-01,2022-07-01,proxy_transfer_window,,2022-23,Borussia Dortmund,Nico Schlotterbeck,in,permanent,0,0.725,0,,,,,0.029094,positive,train,positive,positive,0.9666,0.0334,0.0,0.9666
2022-07-01,2022-07-01,proxy_transfer_window,,2022-23,Borussia Dortmund,Niklas Süle,in,permanent,0,0.725,0,,,,,0.029094,positive,train,positive,positive,0.9666,0.0334,0.0,0.9666
2022-07-01,2022-07-01,proxy_transfer_window,,2022-23,Borussia Dortmund,Reinier,out,loan,1,0.67,0,,,,,0.029094,positive,train,positive,positive,0.9238,0.0762,0.0,0.9238
2022-07-01,2022-07-01,proxy_transfer_window,,2022-23,Borussia Dortmund,Roman Bürki,out,permanent,0,0.77,0,,,,,0.029094,positive,train,positive,positive,0.967,0.033,0.0,0.967
2022-07-01,2022-07-01,proxy_transfer_window,,2022-23,Borussia Dortmund,Salih Özcan,in,permanent,0,0.775,0,,,,,0.029094,positive,train,positive,positive,0.9802,0.0198,0.0,0.9802
2022-07-01,2022-07-01,proxy_transfer_window,,2022-23,Borussia Dortmund,Steffen Tigges,out,permanent,0,0.67,0,,,,,0.029094,positive,train,positive,positive,0.9413,0.0587,0.0,0.9413
2022-07-01,2022-07-01,proxy_transfer_window,,2022-23,Borussia Dortmund,Sébastien Haller,in,permanent,0,0.675,0,,,,,0.029094,positive,train,positive,positive,0.9616,0.0384,0.0,0.9616
2022-07-01,2022-07-01,proxy_transfer_window,,2022-23,Borussia Dortmund,Tom Rothe,in,permanent,0,0.6,0,,,,,0.029094,positive,train,positive,positive,0.9767,0.0233,0.0,0.9767
2022-07-01,2022-07-01,proxy_transfer_window,,2022-23,Juventus FC,Aaron Ramsey,out,permanent,0,0.77,0,,,,,0.014399,neutral,train,neutral,positive,0.9544,0.0456,0.0,0.9544
2022-07-01,2022-07-01,proxy_transfer_window,,2022-23,Juventus FC,Andrea Cambiaso,in,permanent,0,0.725,0,,,,,0.014399,neutral,train,neutral,positive,0.9539,0.0461,0.0,0.9539
2022-07-01,2022-07-01,proxy_transfer_window,,2022-23,Juventus FC,Andrea Cambiaso,out,loan,1,0.67,0,,,,,0.014399,neutral,train,neutral,positive,0.8965,0.1035,0.0,0.8965
2022-07-01,2022-07-01,proxy_transfer_window,,2022-23,Juventus FC,Arkadiusz Milik,in,loan,1,0.675,0,,,,,0.014399,neutral,train,neutral,positive,0.9312,0.0688,0.0,0.9312
2022-07-01,2022-07-01,proxy_transfer_window,,2022-23,Juventus FC,Arthur Melo,out,loan,1,0.67,0,,,,,0.014399,neutral,train,neutral,positive,0.8965,0.1035,0.0,0.8965
2022-07-01,2022-07-01,proxy_transfer_window,,2022-23,Juventus FC,Bremer,in,permanent,0,0.75,0,,,,,0.014399,neutral,train,neutral,positive,0.9626,0.0374,0.0,0.9626
2022-07-01,2022-07-01,proxy_transfer_window,,2022-23,Juventus FC,Denis Zakaria,out,loan,1,0.67,0,,,,,0.014399,neutral,train,neutral,positive,0.8965,0.1035,0.0,0.8965
2022-07-01,2022-07-01,proxy_transfer_window,,2022-23,Juventus FC,Douglas Costa,out,permanent,0,0.77,0,,,,,0.014399,neutral,train,neutral,positive,0.9544,0.0456,0.0,0.9544
2022-07-01,2022-07-01,proxy_transfer_window,,2022-23,Juventus FC,Fabio Miretti,in,permanent,0,0.625,0,,,,,0.014399,neutral,train,neutral,positive,0.9581,0.0419,0.0,0.9581
2022-07-01,2022-07-01,proxy_transfer_window,,2022-23,Juventus FC,Federico Bernardeschi,out,permanent,0,0.695,0,,,,,0.014399,neutral,train,neutral,positive,0.92,0.08,0.0,0.92
2022-07-01,2022-07-01,proxy_transfer_window,,2022-23,Juventus FC,Federico Chiesa,in,permanent,0,0.775,0,,,,,0.014399,neutral,train,neutral,positive,0.9725,0.0275,0.0,0.9725
2022-07-01,2022-07-01,proxy_transfer_window,,2022-23,Juventus FC,Federico Chiesa,out,loan,1,0.67,0,,,,,0.014399,neutral,train,neutral,positive,0.8965,0.1035,0.0,0.8965
2022-07-01,2022-07-01,proxy_transfer_window,,2022-23,Juventus FC,Filip Kostic,in,permanent,0,0.65,0,,,,,0.014399,neutral,train,neutral,positive,0.9506,0.0494,0.0,0.9506
2022-07-01,2022-07-01,proxy_transfer_window,,2022-23,Juventus FC,Filippo Ranocchia,out,loan,1,0.67,0,,,,,0.014399,neutral,train,neutral,positive,0.8965,0.1035,0.0,0.8965
2022-07-01,2022-07-01,proxy_transfer_window,,2022-23,Juventus FC,Giacomo Vrioni,out,permanent,0,0.67,0,,,,,0.014399,neutral,train,neutral,positive,0.9197,0.0803,0.0,0.9197
2022-07-01,2022-07-01,proxy_transfer_window,,2022-23,Juventus FC,Gianluca Frabotta,out,loan,1,0.67,0,,,,,0.014399,neutral,train,neutral,positive,0.8965,0.1035,0.0,0.8965
2022-07-01,2022-07-01,proxy_transfer_window,,2022-23,Juventus FC,Giorgio Chiellini,out,permanent,0,0.775,0,,,,,0.014399,neutral,train,neutral,positive,0.9574,0.0426,0.0,0.9574
2022-07-01,2022-07-01,proxy_transfer_window,,2022-23,Juventus FC,Leandro Paredes,in,loan,1,0.675,0,,,,,0.014399,neutral,train,neutral,positive,0.9312,0.0688,0.0,0.9312
2022-07-01,2022-07-01,proxy_transfer_window,,2022-23,Juventus FC,Luca Pellegrini,out,loan,1,0.67,0,,,,,0.014399,neutral,train,neutral,positive,0.8965,0.1035,0.0,0.8965
2022-07-01,2022-07-01,proxy_transfer_window,,2022-23,Juventus FC,Marko Pjaca,out,loan,1,0.67,0,,,,,0.014399,neutral,train,neutral,positive,0.8965,0.1035,0.0,0.8965
2022-07-01,2022-07-01,proxy_transfer_window,,2022-23,Juventus FC,Matthijs de Ligt,out,permanent,0,0.67,0,,,,,0.014399,neutral,train,neutral,positive,0.9197,0.0803,0.0,0.9197
2022-07-01,2022-07-01,proxy_transfer_window,,2022-23,Juventus FC,Matías Soulé,in,permanent,0,0.65,0,,,,,0.014399,neutral,train,neutral,positive,0.9506,0.0494,0.0,0.9506
2022-07-01,2022-07-01,proxy_transfer_window,,2022-23,Juventus FC,Merih Demiral,out,permanent,0,0.67,0,,,,,0.014399,neutral,train,neutral,positive,0.9197,0.0803,0.0,0.9197
2022-07-01,2022-07-01,proxy_transfer_window,,2022-23,Juventus FC,Nicolò Rovella,out,loan,1,0.67,0,,,,,0.014399,neutral,train,neutral,positive,0.8965,0.1035,0.0,0.8965
2022-07-01,2022-07-01,proxy_transfer_window,,2022-23,Juventus FC,Paul Pogba,in,permanent,0,0.65,0,,,,,0.014399,neutral,train,neutral,positive,0.9506,0.0494,0.0,0.9506
2022-07-01,2022-07-01,proxy_transfer_window,,2022-23,Juventus FC,Paulo Dybala,out,permanent,0,0.695,0,,,,,0.014399,neutral,train,neutral,positive,0.92,0.08,0.0,0.92
2022-07-01,2022-07-01,proxy_transfer_window,,2022-23,Juventus FC,Radu Dragusin,out,loan,1,0.67,0,,,,,0.014399,neutral,train,neutral,positive,0.8965,0.1035,0.0,0.8965
2022-07-01,2022-07-01,proxy_transfer_window,,2022-23,Juventus FC,Rolando Mandragora,out,permanent,0,0.67,0,,,,,0.014399,neutral,train,neutral,positive,0.9197,0.0803,0.0,0.9197
2022-07-01,2022-07-01,proxy_transfer_window,,2022-23,Juventus FC,Stefano Gori,out,loan,1,0.67,0,,,,,0.014399,neutral,train,neutral,positive,0.8965,0.1035,0.0,0.8965
2022-07-01,2022-07-01,proxy_transfer_window,,2022-23,Juventus FC,Álvaro Morata,out,loan,1,0.72,0,,,,,0.014399,neutral,train,neutral,positive,0.9059,0.0941,0.0,0.9059
2022-07-01,2022-07-01,proxy_transfer_window,,2022-23,Juventus FC,Ángel Di María,in,permanent,0,0.525,0,,,,,0.014399,neutral,train,neutral,positive,0.9918,0.0082,0.0,0.9918
2022-07-01,2022-07-01,proxy_transfer_window,,2022-23,Manchester United,Alejandro Garnacho,in,permanent,0,0.625,0,,,,,-0.018086,neutral,train,neutral,positive,0.9143,0.0857,0.0,0.9143
2022-07-01,2022-07-01,proxy_transfer_window,,2022-23,Manchester United,Alex Telles,out,loan,1,0.72,0,,,,,-0.018086,neutral,train,neutral,positive,0.818,0.182,0.0,0.818
2022-07-01,2022-07-01,proxy_transfer_window,,2022-23,Manchester United,Amad Diallo,in,loan,1,0.675,0,,,,,-0.018086,neutral,train,neutral,positive,0.8632,0.1368,0.0,0.8632
2022-07-01,2022-07-01,proxy_transfer_window,,2022-23,Manchester United,Amad Diallo,out,loan,1,0.67,0,,,,,-0.018086,neutral,train,neutral,positive,0.8016,0.1984,0.0,0.8016
2022-07-01,2022-07-01,proxy_transfer_window,,2022-23,Manchester United,Andreas Pereira,in,loan,1,0.725,0,,,,,-0.018086,neutral,train,neutral,positive,0.8795,0.1205,0.0,0.8795
2022-07-01,2022-07-01,proxy_transfer_window,,2022-23,Manchester United,Andreas Pereira,out,permanent,0,0.67,0,,,,,-0.018086,neutral,train,neutral,positive,0.8424,0.1576,0.0,0.8424
2022-07-01,2022-07-01,proxy_transfer_window,,2022-23,Manchester United,Anthony Martial,in,loan,1,0.725,0,,,,,-0.018086,neutral,train,neutral,positive,0.8795,0.1205,0.0,0.8795
2022-07-01,2022-07-01,proxy_transfer_window,,2022-23,Manchester United,Antony,in,permanent,0,0.725,0,,,,,-0.018086,neutral,train,neutral,positive,0.9061,0.0939,0.0,0.9061
2022-07-01,2022-07-01,proxy_transfer_window,,2022-23,Manchester United,Axel Tuanzebe,in,loan,1,0.775,0,,,,,-0.018086,neutral,train,neutral,positive,0.9258,0.0742,0.0,0.9258
2022-07-01,2022-07-01,proxy_transfer_window,,2022-23,Manchester United,Casemiro,in,permanent,0,0.625,0,,,,,-0.018086,neutral,train,neutral,positive,0.9143,0.0857,0.0,0.9143
2022-07-01,2022-07-01,proxy_transfer_window,,2022-23,Manchester United,Christian Eriksen,in,permanent,0,0.625,0,,,,,-0.018086,neutral,train,neutral,positive,0.9143,0.0857,0.0,0.9143
2022-07-01,2022-07-01,proxy_transfer_window,,2022-23,Manchester United,Dean Henderson,in,loan,1,0.725,0,,,,,-0.018086,neutral,train,neutral,positive,0.8795,0.1205,0.0,0.8795
2022-07-01,2022-07-01,proxy_transfer_window,,2022-23,Manchester United,Dean Henderson,out,loan,1,0.67,0,,,,,-0.018086,neutral,train,neutral,positive,0.8016,0.1984,0.0,0.8016
2022-07-01,2022-07-01,proxy_transfer_window,,2022-23,Manchester United,Edinson Cavani,out,permanent,0,0.775,0,,,,,-0.018086,neutral,train,neutral,positive,0.913,0.087,0.0,0.913
2022-07-01,2022-07-01,proxy_transfer_window,,2022-23,Manchester United,Eric Bailly,out,loan,1,0.695,0,,,,,-0.018086,neutral,train,neutral,positive,0.8023,0.1977,0.0,0.8023
2022-07-01,2022-07-01,proxy_transfer_window,,2022-23,Manchester United,Facundo Pellistri,in,loan,1,0.675,0,,,,,-0.018086,neutral,train,neutral,positive,0.8632,0.1368,0.0,0.8632
2022-07-01,2022-07-01,proxy_transfer_window,,2022-23,Manchester United,Hannibal Mejbri,in,permanent,0,0.65,0,,,,,-0.018086,neutral,train,neutral,positive,0.8999,0.1001,0.0,0.8999
2022-07-01,2022-07-01,proxy_transfer_window,,2022-23,Manchester United,Hannibal Mejbri,in,loan,1,0.675,0,,,,,-0.018086,neutral,train,neutral,positive,0.8632,0.1368,0.0,0.8632
2022-07-01,2022-07-01,proxy_transfer_window,,2022-23,Manchester United,Hannibal Mejbri,out,loan,1,0.67,0,,,,,-0.018086,neutral,train,neutral,positive,0.8016,0.1984,0.0,0.8016
2022-07-01,2022-07-01,proxy_transfer_window,,2022-23,Manchester United,Jesse Lingard,out,permanent,0,0.72,0,,,,,-0.018086,neutral,train,neutral,positive,0.856,0.144,0.0,0.856
2022-07-01,2022-07-01,proxy_transfer_window,,2022-23,Manchester United,Juan Mata,out,permanent,0,0.775,0,,,,,-0.018086,neutral,train,neutral,positive,0.913,0.087,0.0,0.913
2022-07-01,2022-07-01,proxy_transfer_window,,2022-23,Manchester United,Lee Grant,out,permanent,0,0.775,0,,,,,-0.018086,neutral,train,neutral,positive,0.913,0.087,0.0,0.913
2022-07-01,2022-07-01,proxy_transfer_window,,2022-23,Manchester United,Lisandro Martínez,in,permanent,0,0.775,0,,,,,-0.018086,neutral,train,neutral,positive,0.9429,0.0571,0.0,0.9429
2022-07-01,2022-07-01,proxy_transfer_window,,2022-23,Manchester United,Martin Dúbravka,in,loan,1,0.55,0,,,,,-0.018086,neutral,train,neutral,positive,0.9604,0.0396,0.0,0.9604
2022-07-01,2022-07-01,proxy_transfer_window,,2022-23,Manchester United,Nemanja Matić,out,permanent,0,0.775,0,,,,,-0.018086,neutral,train,neutral,positive,0.913,0.087,0.0,0.913
2022-07-01,2022-07-01,proxy_transfer_window,,2022-23,Manchester United,Paul Pogba,out,permanent,0,0.72,0,,,,,-0.018086,neutral,train,neutral,positive,0.856,0.144,0.0,0.856
2022-07-01,2022-07-01,proxy_transfer_window,,2022-23,Manchester United,Tahith Chong,out,permanent,0,0.67,0,,,,,-0.018086,neutral,train,neutral,positive,0.8424,0.1576,0.0,0.8424
2022-07-01,2022-07-01,proxy_transfer_window,,2022-23,Manchester United,Tyrell Malacia,in,permanent,0,0.725,0,,,,,-0.018086,neutral,train,neutral,positive,0.9061,0.0939,0.0,0.9061
2022-07-01,2022-07-01,proxy_transfer_window,,2022-23,Manchester United,Álvaro Fernandez,in,permanent,0,0.65,0,,,,,-0.018086,neutral,train,neutral,positive,0.8999,0.1001,0.0,0.8999
2022-07-01,2022-07-01,proxy_transfer_window,,2022-23,Manchester United,Álvaro Fernandez,in,loan,1,0.675,0,,,,,-0.018086,neutral,train,neutral,positive,0.8632,0.1368,0.0,0.8632
2022-07-01,2022-07-01,proxy_transfer_window,,2022-23,Manchester United,Álvaro Fernandez,out,loan,1,0.67,0,,,,,-0.018086,neutral,train,neutral,positive,0.8016,0.1984,0.0,0.8016
2022-07-01,2022-07-01,proxy_transfer_window,,2022-23,SS Lazio,Alessandro Rossi,out,loan,1,0.67,0,,,,,0.00765,neutral,train,neutral,negative,0.9817,0.9817,0.0,0.0183
2022-07-01,2022-07-01,proxy_transfer_window,,2022-23,SS Lazio,Alessio Romagnoli,in,permanent,0,0.7,0,,,,,0.00765,neutral,train,neutral,negative,0.9621,0.9621,0.0,0.0379
2022-07-01,2022-07-01,proxy_transfer_window,,2022-23,SS Lazio,Angelo Ndrecka,out,permanent,0,0.67,0,,,,,0.00765,neutral,train,neutral,negative,0.976,0.976,0.0,0.024
2022-07-01,2022-07-01,proxy_transfer_window,,2022-23,SS Lazio,Biagio Morrone,out,permanent,0,0.67,0,,,,,0.00765,neutral,train,neutral,negative,0.976,0.976,0.0,0.024
2022-07-01,2022-07-01,proxy_transfer_window,,2022-23,SS Lazio,Bobby Adekanye,out,permanent,0,0.67,0,,,,,0.00765,neutral,train,neutral,negative,0.976,0.976,0.0,0.024
2022-07-01,2022-07-01,proxy_transfer_window,,2022-23,SS Lazio,Cristiano Lombardi,out,loan,1,0.67,0,,,,,0.00765,neutral,train,neutral,negative,0.9817,0.9817,0.0,0.0183
2022-07-01,2022-07-01,proxy_transfer_window,,2022-23,SS Lazio,Denis Vavro,out,permanent,0,0.67,0,,,,,0.00765,neutral,train,neutral,negative,0.976,0.976,0.0,0.024
2022-07-01,2022-07-01,proxy_transfer_window,,2022-23,SS Lazio,Djavan Anderson,out,permanent,0,0.67,0,,,,,0.00765,neutral,train,neutral,negative,0.976,0.976,0.0,0.024
2022-07-01,2022-07-01,proxy_transfer_window,,2022-23,SS Lazio,Emanuele Cicerelli,out,loan,1,0.67,0,,,,,0.00765,neutral,train,neutral,negative,0.9817,0.9817,0.0,0.0183
2022-07-01,2022-07-01,proxy_transfer_window,,2022-23,SS Lazio,Fabio Maistro,out,permanent,0,0.67,0,,,,,0.00765,neutral,train,neutral,negative,0.976,0.976,0.0,0.024
2022-07-01,2022-07-01,proxy_transfer_window,,2022-23,SS Lazio,Francesco Acerbi,out,loan,1,0.775,0,,,,,0.00765,neutral,train,neutral,negative,0.9647,0.9647,0.0,0.0353
2022-07-01,2022-07-01,proxy_transfer_window,,2022-23,SS Lazio,Gonzalo Escalante,out,loan,1,0.72,0,,,,,0.00765,neutral,train,neutral,negative,0.9797,0.9797,0.0,0.0203
2022-07-01,2022-07-01,proxy_transfer_window,,2022-23,SS Lazio,Ivan Provedel,in,permanent,0,0.675,0,,,,,0.00765,neutral,train,neutral,negative,0.963,0.963,0.0,0.037
2022-07-01,2022-07-01,proxy_transfer_window,,2022-23,SS Lazio,Jean-Daniel Akpa Akpro,out,loan,1,0.72,0,,,,,0.00765,neutral,train,neutral,negative,0.9797,0.9797,0.0,0.0203
2022-07-01,2022-07-01,proxy_transfer_window,,2022-23,SS Lazio,Joaquín Correa,out,permanent,0,0.67,0,,,,,0.00765,neutral,train,neutral,negative,0.976,0.976,0.0,0.024
2022-07-01,2022-07-01,proxy_transfer_window,,2022-23,SS Lazio,Jony,out,loan,1,0.77,0,,,,,0.00765,neutral,train,neutral,negative,0.9671,0.9671,0.0,0.0329
2022-07-01,2022-07-01,proxy_transfer_window,,2022-23,SS Lazio,Jordan Lukaku,out,permanent,0,0.695,0,,,,,0.00765,neutral,train,neutral,negative,0.9759,0.9759,0.0,0.0241
2022-07-01,2022-07-01,proxy_transfer_window,,2022-23,SS Lazio,Jorge Silva,out,permanent,0,0.67,0,,,,,0.00765,neutral,train,neutral,negative,0.976,0.976,0.0,0.024
2022-07-01,2022-07-01,proxy_transfer_window,,2022-23,SS Lazio,Jovane Cabral,out,loan,1,0.67,0,,,,,0.00765,neutral,train,neutral,negative,0.9817,0.9817,0.0,0.0183
2022-07-01,2022-07-01,proxy_transfer_window,,2022-23,SS Lazio,Luca Falbo,out,permanent,0,0.67,0,,,,,0.00765,neutral,train,neutral,negative,0.976,0.976,0.0,0.024
2022-07-01,2022-07-01,proxy_transfer_window,,2022-23,SS Lazio,Lucas Leiva,out,permanent,0,0.775,0,,,,,0.00765,neutral,train,neutral,negative,0.9539,0.9539,0.0,0.0461
2022-07-01,2022-07-01,proxy_transfer_window,,2022-23,SS Lazio,Luiz Felipe,out,permanent,0,0.67,0,,,,,0.00765,neutral,train,neutral,negative,0.976,0.976,0.0,0.024
2022-07-01,2022-07-01,proxy_transfer_window,,2022-23,SS Lazio,Luís Maximiano,in,permanent,0,0.75,0,,,,,0.00765,neutral,train,neutral,negative,0.9475,0.9475,0.0,0.0525
2022-07-01,2022-07-01,proxy_transfer_window,,2022-23,SS Lazio,Marco Alia,out,permanent,0,0.67,0,,,,,0.00765,neutral,train,neutral,negative,0.976,0.976,0.0,0.024
2022-07-01,2022-07-01,proxy_transfer_window,,2022-23,SS Lazio,Marco Bertini,in,permanent,0,0.65,0,,,,,0.00765,neutral,train,neutral,negative,0.9602,0.9602,0.0,0.0398
2022-07-01,2022-07-01,proxy_transfer_window,,2022-23,SS Lazio,Marcos Antônio,in,permanent,0,0.725,0,,,,,0.00765,neutral,train,neutral,negative,0.9574,0.9574,0.0,0.0426
2022-07-01,2022-07-01,proxy_transfer_window,,2022-23,SS Lazio,Mario Gila,in,permanent,0,0.7,0,,,,,0.00765,neutral,train,neutral,negative,0.9621,0.9621,0.0,0.0379
2022-07-01,2022-07-01,proxy_transfer_window,,2022-23,SS Lazio,Matteo Cancellieri,in,loan,1,0.675,0,,,,,0.00765,neutral,train,neutral,negative,0.9717,0.9717,0.0,0.0283
2022-07-01,2022-07-01,proxy_transfer_window,,2022-23,SS Lazio,Mattia Novella,out,loan,1,0.67,0,,,,,0.00765,neutral,train,neutral,negative,0.9817,0.9817,0.0,0.0183
2022-07-01,2022-07-01,proxy_transfer_window,,2022-23,SS Lazio,Mattia Zaccagni,in,permanent,0,0.7,0,,,,,0.00765,neutral,train,neutral,negative,0.9621,0.9621,0.0,0.0379
2022-07-01,2022-07-01,proxy_transfer_window,,2022-23,SS Lazio,Mattia Zaccagni,out,loan,1,0.67,0,,,,,0.00765,neutral,train,neutral,negative,0.9817,0.9817,0.0,0.0183
2022-07-01,2022-07-01,proxy_transfer_window,,2022-23,SS Lazio,Matías Vecino,in,permanent,0,0.625,0,,,,,0.00765,neutral,train,neutral,negative,0.9531,0.9531,0.0,0.0469
2022-07-01,2022-07-01,proxy_transfer_window,,2022-23,SS Lazio,Nicolò Armini,out,loan,1,0.67,0,,,,,0.00765,neutral,train,neutral,negative,0.9817,0.9817,0.0,0.0183
2022-07-01,2022-07-01,proxy_transfer_window,,2022-23,SS Lazio,Nicolò Casale,in,permanent,0,0.775,0,,,,,0.00765,neutral,train,neutral,negative,0.9293,0.9293,0.0,0.0707
2022-07-01,2022-07-01,proxy_transfer_window,,2022-23,SS Lazio,Patryk Dziczek,out,permanent,0,0.67,0,,,,,0.00765,neutral,train,neutral,negative,0.976,0.976,0.0,0.024
2022-07-01,2022-07-01,proxy_transfer_window,,2022-23,SS Lazio,Pepe Reina,out,permanent,0,0.775,0,,,,,0.00765,neutral,train,neutral,negative,0.9539,0.9539,0.0,0.0461
2022-07-01,2022-07-01,proxy_transfer_window,,2022-23,SS Lazio,Raúl Moro,out,loan,1,0.67,0,,,,,0.00765,neutral,train,neutral,negative,0.9817,0.9817,0.0,0.0183
2022-07-01,2022-07-01,proxy_transfer_window,,2022-23,SS Lazio,Riza Durmisi,out,loan,1,0.695,0,,,,,0.00765,neutral,train,neutral,negative,0.9816,0.9816,0.0,0.0184
2022-07-01,2022-07-01,proxy_transfer_window,,2022-23,SS Lazio,Sofian Kiyine,out,permanent,0,0.67,0,,,,,0.00765,neutral,train,neutral,negative,0.976,0.976,0.0,0.024
2022-07-01,2022-07-01,proxy_transfer_window,,2022-23,SS Lazio,Thomas Strakosha,out,permanent,0,0.67,0,,,,,0.00765,neutral,train,neutral,negative,0.976,0.976,0.0,0.024
2022-07-01,2022-07-01,proxy_transfer_window,,2022-23,SS Lazio,Tiago Casasola,out,permanent,0,0.67,0,,,,,0.00765,neutral,train,neutral,negative,0.976,0.976,0.0,0.024
2022-07-01,2022-07-01,proxy_transfer_window,,2022-23,SS Lazio,Vedat Muriqi,out,permanent,0,0.695,0,,,,,0.00765,neutral,train,neutral,negative,0.9759,0.9759,0.0,0.0241
2022-07-20,2022-07-20,transfer_source,,2022-23,Juventus,Matthijs de Ligt,out,permanent,0,0.6044,0,,,,,-0.018332,neutral,train,neutral,positive,0.5458,0.4542,0.0,0.5458
2023-01-01,2023-01-01,proxy_transfer_window,,2022-23,Borussia Dortmund,Julian Ryerson,in,permanent,0,0.75,0,,,,,0.013414,neutral,train,neutral,positive,0.973,0.027,0.0,0.973
2023-01-01,2023-01-01,proxy_transfer_window,,2022-23,Borussia Dortmund,Julien Duranville,in,permanent,0,0.575,0,,,,,0.013414,neutral,train,neutral,positive,0.9837,0.0163,0.0,0.9837
2023-01-01,2023-01-01,proxy_transfer_window,,2022-23,Borussia Dortmund,Thorgan Hazard,out,loan,1,0.72,0,,,,,0.013414,neutral,train,neutral,positive,0.931,0.069,0.0,0.931
2023-01-01,2023-01-01,proxy_transfer_window,,2022-23,Juventus FC,Luca Pellegrini,out,loan,1,0.67,0,,,,,0.11521,positive,train,positive,positive,0.8965,0.1035,0.0,0.8965
2023-01-01,2023-01-01,proxy_transfer_window,,2022-23,Juventus FC,Marley Aké,out,loan,1,0.67,0,,,,,0.11521,positive,train,positive,positive,0.8965,0.1035,0.0,0.8965
2023-01-01,2023-01-01,proxy_transfer_window,,2022-23,Juventus FC,Samuel Iling Junior,in,permanent,0,0.65,0,,,,,0.11521,positive,train,positive,positive,0.9506,0.0494,0.0,0.9506
2023-01-01,2023-01-01,proxy_transfer_window,,2022-23,Juventus FC,Weston McKennie,out,loan,1,0.67,0,,,,,0.11521,positive,train,positive,positive,0.8965,0.1035,0.0,0.8965
2023-01-01,2023-01-01,proxy_transfer_window,,2022-23,Manchester United,Axel Tuanzebe,out,loan,1,0.67,0,,,,,-0.008763,neutral,train,neutral,positive,0.8016,0.1984,0.0,0.8016
2023-01-01,2023-01-01,proxy_transfer_window,,2022-23,Manchester United,Cristiano Ronaldo,out,permanent,0,0.775,0,,,,,-0.008763,neutral,train,neutral,positive,0.913,0.087,0.0,0.913
2023-01-01,2023-01-01,proxy_transfer_window,,2022-23,Manchester United,Jack Butland,in,loan,1,0.65,0,,,,,-0.008763,neutral,train,neutral,positive,0.8717,0.1283,0.0,0.8717
2023-01-01,2023-01-01,proxy_transfer_window,,2022-23,Manchester United,Kobbie Mainoo,in,permanent,0,0.6,0,,,,,-0.008763,neutral,train,neutral,positive,0.9332,0.0668,0.0,0.9332
2023-01-01,2023-01-01,proxy_transfer_window,,2022-23,Manchester United,Marcel Sabitzer,in,loan,1,0.675,0,,,,,-0.008763,neutral,train,neutral,positive,0.8632,0.1368,0.0,0.8632
2023-01-01,2023-01-01,proxy_transfer_window,,2022-23,Manchester United,Martin Dúbravka,out,loan,1,0.775,0,,,,,-0.008763,neutral,train,neutral,positive,0.8881,0.1119,0.0,0.8881
2023-01-01,2023-01-01,proxy_transfer_window,,2022-23,Manchester United,Shola Shoretire,out,loan,1,0.67,0,,,,,-0.008763,neutral,train,neutral,positive,0.8016,0.1984,0.0,0.8016
2023-01-01,2023-01-01,proxy_transfer_window,,2022-23,Manchester United,Wout Weghorst,in,loan,1,0.625,0,,,,,-0.008763,neutral,train,neutral,positive,0.8897,0.1103,0.0,0.8897
2023-01-01,2023-01-01,proxy_transfer_window,,2022-23,Manchester United,Zidane Iqbal,in,permanent,0,0.65,0,,,,,-0.008763,neutral,train,neutral,positive,0.8999,0.1001,0.0,0.8999
2023-01-01,2023-01-01,proxy_transfer_window,,2022-23,SS Lazio,Diego González,in,loan,1,0.675,0,,,,,-0.006505,neutral,train,neutral,negative,0.9717,0.9717,0.0,0.0283
2023-01-01,2023-01-01,proxy_transfer_window,,2022-23,SS Lazio,Dimitrije Kamenovic,out,loan,1,0.67,0,,,,,-0.006505,neutral,train,neutral,negative,0.9817,0.9817,0.0,0.0183
2023-01-01,2023-01-01,proxy_transfer_window,,2022-23,SS Lazio,Gonzalo Escalante,out,loan,1,0.72,0,,,,,-0.006505,neutral,train,neutral,negative,0.9797,0.9797,0.0,0.0203
2023-01-01,2023-01-01,proxy_transfer_window,,2022-23,SS Lazio,Luca Pellegrini,in,loan,1,0.75,0,,,,,-0.006505,neutral,train,neutral,negative,0.9598,0.9598,0.0,0.0402
2023-01-01,2023-01-01,proxy_transfer_window,,2022-23,SS Lazio,Raúl Moro,out,loan,1,0.67,0,,,,,-0.006505,neutral,train,neutral,negative,0.9817,0.9817,0.0,0.0183
2023-01-01,2023-01-01,proxy_transfer_window,,2022-23,SS Lazio,Riza Durmisi,out,loan,1,0.72,0,,,,,-0.006505,neutral,train,neutral,negative,0.9797,0.9797,0.0,0.0203
2023-07-01,2023-07-01,transfer_source,,2023-24,Borussia Dortmund,Jude Bellingham,out,permanent,0,0.5961,0,,,,,-0.012721,neutral,train,neutral,positive,0.9656,0.0344,0.0,0.9656
2023-08-16,2023-08-16,transfer_source,,2023-24,Lazio,Sergej Milinkovic-Savic,out,permanent,0,0.58,0,,,,,0.005285,neutral,train,neutral,positive,0.6281,0.3719,0.0,0.6281
2024-01-12,2024-01-12,transfer_source,,2023-24,Manchester United,Jadon Sancho,out,loan,1,0.3995,0,,,,,0.021853,positive,train,positive,positive,0.9995,0.0005,0.0,0.9995
