journalist,n_claims,n_matched,match_rate,smoothed_rate,avg_match_score
David Tindall,1,0,0.0,0.4167,0.0
Fabrizio Romano,11,8,0.7273,0.6562,0.6436
Sid Lowe in Madrid,2,0,0.0,0.3571,0.0
Daniel Gallan,1,0,0.0,0.4167,0.0
Jamie Jackson,19,11,0.5789,0.5625,0.5695
Gregg Bakowski,2,1,0.5,0.5,0.49
"Jamie Jackson, Fabrizio Romano and Jacob Steinberg",1,1,1.0,0.5833,0.96
PA Media and Guardian sport,1,1,1.0,0.5833,0.68
"Fabrizio Romano, Will Unwin, Jacob Steinberg and PA Media",1,1,1.0,0.5833,0.88
Andy Hunter and Fabrizio Romano,1,0,0.0,0.4167,0.0
Guardian sport,4,3,0.75,0.6111,0.75
Fabrizio Romano and Jamie Jackson,1,1,1.0,0.5833,0.96
Ed Aarons,9,5,0.5556,0.5357,0.5067
John Brewin and PA Media,1,1,1.0,0.5833,1.06
Jamie Jackson in Houston,1,1,1.0,0.5833,0.96
Jacob Steinberg,16,8,0.5,0.5,0.4113
Will Unwin,18,12,0.6667,0.6304,0.6456
Andy Martin,1,1,1.0,0.5833,1.06
Andy Brassell,1,0,0.0,0.4167,0.0
Louise Taylor and Will Unwin,1,0,0.0,0.4167,0.0
Jamie Jackson and Jacob Steinberg,1,0,0.0,0.4167,0.0
Jonathan Liew,1,0,0.0,0.4167,0.0
"Jamie Jackson, Fabrizio Romano, Will Unwin and agencies",1,1,1.0,0.5833,0.78
Andy Hunter at Old Trafford,1,0,0.0,0.4167,0.0
Scott Murray,1,0,0.0,0.4167,0.0
"Jacob Steinberg, Jamie Jackson and Fabrizio Romano",1,1,1.0,0.5833,0.88
Jamie Jackson and Fabrizio Romano,1,1,1.0,0.5833,1.06
Barry Glendenning,2,0,0.0,0.3571,0.0
Rob Smyth,2,2,1.0,0.6429,0.92
Jamie Jackson at Murrayfield,1,0,0.0,0.4167,0.0
Fabrizio Romano and Will Unwin,1,0,0.0,0.4167,0.0
Luke McLaughlin,1,0,0.0,0.4167,0.0
Will Unwin (now) and Yara El-Shaboury (earlier),1,0,0.0,0.4167,0.0
Daniel Harris,2,2,1.0,0.6429,0.97
Jamie Jackson in Melbourne,2,2,1.0,0.6429,1.0
John Brewin,5,2,0.4,0.45,0.376
Jacob Steinberg in Philadelphia,1,0,0.0,0.4167,0.0
Jacob Steinberg and Ed Aarons,2,1,0.5,0.5,0.53
Jacob Steinberg and Ben Fisher,2,2,1.0,0.6429,0.86
Ben Fisher,4,2,0.5,0.5,0.44
Thiago Rabelo,1,0,0.0,0.4167,0.0
Tom Garry,5,3,0.6,0.55,0.54
Ed Aarons and Jacob Steinberg,1,0,0.0,0.4167,0.0
Jacob Steinberg and Ed Aarons in Los Angeles,1,1,1.0,0.5833,1.0
Jamie Jackson in New York,1,1,1.0,0.5833,0.98
"Emillia Hawkins (now), with David Tindall, Niall McVeigh and Xaymaca Awoyungbo (earlier)",1,0,0.0,0.4167,0.0
"Jamie Jackson, Jacob Steinberg and David Hytner",1,1,1.0,0.5833,1.06
"Andy Hunter, Ed Aarons and Jacob Steinberg",1,0,0.0,0.4167,0.0
Mark Dobson,1,0,0.0,0.4167,0.0
Xaymaca Awoyungbo (earlier) and Rob Smyth (later),1,0,0.0,0.4167,0.0
Fabrizio Romano and Andy Hunter,1,1,1.0,0.5833,0.78
"Ed Aarons, Will Unwin and Jacob Steinberg",1,1,1.0,0.5833,0.96
Tom Bassam,1,1,1.0,0.5833,0.88
Michael Butler,2,1,0.5,0.5,0.49
Louise Taylor,1,0,0.0,0.4167,0.0
Will Unwin and Andy Hunter,1,0,0.0,0.4167,0.0
Tom Davies,2,2,1.0,0.6429,0.9
Andy Hunter and Agencies,1,1,1.0,0.5833,0.88
Exclusive by Tom Garry,1,0,0.0,0.4167,0.0
"Jacob Steinberg, Ben Fisher and Ed Aarons",1,1,1.0,0.5833,0.98
"Louise Taylor, Ben Fisher and Jacob Steinberg",1,1,1.0,0.5833,1.04
Dominic Booth,1,1,1.0,0.5833,0.78
Jamie Jackson and Will Unwin,1,1,1.0,0.5833,0.84
Exclusive by Jamie Jackson,1,1,1.0,0.5833,1.04
Alexander Abnos at MetLife Stadium,1,0,0.0,0.4167,0.0
Ben Fisher and Jacob Steinberg,1,1,1.0,0.5833,0.88
Ewan Murray and Jacob Steinberg,1,0,0.0,0.4167,0.0
Jamie Jackson and Ed Aarons,1,1,1.0,0.5833,0.76
Exclusive by Will Unwin,1,1,1.0,0.5833,0.96
"Will Magee, John Brewin, Daniel Harris and Niall McVeigh",1,0,0.0,0.4167,0.0
Alexander Abnos,1,0,0.0,0.4167,0.0
"Jamie Jackson at the Camping World Stadium, Orlando",1,0,0.0,0.4167,0.0
"Sid Lowe at Hard Rock Stadium, Miami",1,0,0.0,0.4167,0.0
Jacob Steinberg and agencies,1,1,1.0,0.5833,0.9
"Will Magee, Niall McVeigh and Billy Munday",1,1,1.0,0.5833,0.9
Guardian staff and agencies,1,1,1.0,0.5833,0.98
Hannah Ellis-Petersen in Delhi and Jennifer Rankin in Brussels,1,0,0.0,0.4167,0.0
Will Unwin and David Hytner,1,0,0.0,0.4167,0.0
Ben Fisher and Mark Dobson,1,0,0.0,0.4167,0.0
Patrick Wintour Diplomatic editor,1,0,0.0,0.4167,0.0
Sarah Martin,1,1,1.0,0.5833,0.88
"Jamie Jackson, Louise Taylor, Ed Aarons and agencies",1,0,0.0,0.4167,0.0
Yara El-Shaboury,2,2,1.0,0.6429,0.94
"John Brewin , Tom Bassam, Tom Davies and Taha Hashim",1,0,0.0,0.4167,0.0
Lisa O’Carroll,1,0,0.0,0.4167,0.0
Dani Anguiano,1,0,0.0,0.4167,0.0
Tom Ambrose (now) and Taz Ali (earlier),1,0,0.0,0.4167,0.0
Martin Belam,1,0,0.0,0.4167,0.0
Kelly Burke Arts reporter,1,0,0.0,0.4167,0.0
"Coral Murphy Marcos, Chris Stein, Erum Salam and Tom Ambrose (earlier)",1,0,0.0,0.4167,0.0
Alex Pattle,1,0,0.0,0.4167,0.0
Arthur Ferridge,1,0,0.0,0.4167,0.0
Amos Murphy,1,0,0.0,0.4167,0.0
Ben Fleming,1,0,0.0,0.4167,0.0
"Kevin Sampson, David Usher, Chris Smith, Mark Stevenson, Kev Reilly, Abigail Rudkin, Dan Clubbe and Sachin Nakrani",1,0,0.0,0.4167,0.0
Roberta Damiata,1,0,0.0,0.4167,0.0
