claim_id,article_id,published_at,source,journalist,primary_player,primary_club,rumor_stage,transfer_direction,is_transfer_related,matched_transfer_id,match_score,match_reason,ambiguity_flag,credibility_score,source_reputation_score,journalist_reputation_score,historical_conversion_score,club_specific_score,rumor_stage_score,article_type_score,time_to_confirmation_score,article_type,historical_support_n,credibility_notes
d2663d045eef939b,6ebb2d42a655425f,2025-08-06T11:16:51Z,The Guardian / Will Unwin,Will Unwin,Benjamin Sesko,Manchester United,unclear,in,1,6829f1260eda10ad,1.06,exact_player|exact_club|season_match|date_near|direction_match|type_match|fee_close,0,0.722,0.84,0.7752,0.7474,0.6747,0.4,0.65,0.95,report,28,
6a08f457d43e2ad5,bf9ddc18ba8d0cb0,2025-08-09T09:33:11Z,The Guardian / Andy Martin,Andy Martin,Benjamin Sesko,Manchester United,unclear,in,1,6829f1260eda10ad,1.06,exact_player|exact_club|season_match|date_near|direction_match|type_match|fee_close,0,0.7904,0.84,0.8587,0.8667,0.9533,0.4,0.65,0.95,report,2,low_history_support
183bc5d27d2f4360,297f744501e9d7ba,2025-08-07T14:38:46Z,The Guardian / Will Unwin,Will Unwin,Benjamin Sesko,Manchester United,medical,in,1,6829f1260eda10ad,1.06,exact_player|exact_club|season_match|date_near|direction_match|type_match|fee_close,0,0.797,0.84,0.7752,0.7474,0.6747,0.9,0.65,0.95,report,28,
68b07976c67fcc01,784243976dc67f2d,2025-08-13T19:00:02Z,The Guardian / Andy Brassell,Andy Brassell,Benjamin Sesko,Manchester United,unclear,unclear,0,,0.0,not_transfer_related,0,0.2,0.84,0.742,0.7,0.371,0.4,0.35,0.5,analysis,2,not_transfer_related|unmatched_claim|low_history_support
9d1c1745943c199f,0c9997af647feb8d,2025-08-05T13:06:42Z,The Guardian / Louise Taylor and Will Unwin,Louise Taylor and Will Unwin,Benjamin Sesko,Manchester United,unclear,unclear,0,,0.0,not_transfer_related,0,0.2,0.84,0.742,0.7,0.371,0.4,0.65,0.5,report,2,not_transfer_related|unmatched_claim|low_history_support
ea70a7fc70bde1a4,9ba1d7e82ada0653,2025-07-21T19:07:30Z,The Guardian / Will Unwin,Will Unwin,Bryan Mbeumo,Manchester United,unclear,in,1,72fc941a090043f2,1.06,exact_player|exact_club|season_match|date_near|direction_match|type_match|fee_close,0,0.722,0.84,0.7752,0.7474,0.6747,0.4,0.65,0.95,report,28,
a18dbe230e1c1ca9,d1b29c446e884abd,2025-07-17T17:22:50Z,The Guardian / Will Unwin,Will Unwin,Bryan Mbeumo,Manchester United,bid,in,1,72fc941a090043f2,1.06,exact_player|exact_club|season_match|date_near|direction_match|type_match|fee_close,0,0.747,0.84,0.7752,0.7474,0.6747,0.6,0.65,0.85,report,28,
9e1d8f58d89906ee,185adc6a1e646b69,2025-06-25T12:30:29Z,The Guardian / Jamie Jackson,Jamie Jackson,Bryan Mbeumo,Manchester United,advanced,in,1,,0.0,missing_player_signal,0,0.694,0.84,0.707,0.65,0.4708,0.72,0.65,0.5,report,6,unmatched_claim
94393adb6326ac0d,b8ce35470529c823,2025-07-18T12:09:58Z,The Guardian / Will Unwin,Will Unwin,Bryan Mbeumo,Manchester United,agreed,in,1,72fc941a090043f2,1.06,exact_player|exact_club|season_match|date_near|direction_match|type_match|fee_close,0,0.785,0.84,0.7752,0.7474,0.6747,0.82,0.65,0.95,report,28,
332cef53bad3a259,7839f1e366b30290,2025-06-23T21:24:03Z,The Guardian / Jamie Jackson and Jacob Steinberg,Jamie Jackson and Jacob Steinberg,Bryan Mbeumo,Manchester United,bid,in,1,,0.0,missing_player_signal,0,0.683,0.84,0.742,0.7,0.371,0.6,0.65,0.5,report,2,unmatched_claim|low_history_support
2b98f089c497a496,2f20309697e90ebf,2025-06-01T13:28:35Z,The Guardian / Will Unwin,Will Unwin,Matheus Cunha,Manchester United,official,in,1,,0.0,missing_player_signal,0,0.7945,0.84,0.7752,0.7474,0.6747,0.95,0.9,0.5,official,28,unmatched_claim
63180503b27c3eb9,774efd848ce7bd2f,2025-06-12T13:10:50Z,The Guardian / Jamie Jackson,Jamie Jackson,Matheus Cunha,Manchester United,unclear,unclear,0,,0.0,not_transfer_related,0,0.2,0.84,0.707,0.65,0.4708,0.4,0.65,0.5,report,6,not_transfer_related|unmatched_claim
d89c56486644c826,4553052296788442,2025-07-04T14:58:00Z,The Guardian / Will Unwin,Will Unwin,Matheus Cunha,Manchester United,unclear,unclear,0,,0.0,not_transfer_related,0,0.2,0.84,0.7752,0.7474,0.6747,0.4,0.65,0.5,report,28,not_transfer_related|unmatched_claim
119e338ebe7ac354,68ef3339a0b65707,2025-06-08T07:02:32Z,The Guardian / Jonathan Liew,Jonathan Liew,Matheus Cunha,Manchester United,unclear,in,1,,0.0,missing_player_signal,0,0.638,0.84,0.742,0.7,0.371,0.4,0.35,0.5,analysis,2,unmatched_claim|low_history_support
b54325c85c0381c4,d6049d352e5fd6d6,2025-06-24T16:15:42Z,The Guardian / Jacob Steinberg in Philadelphia,Jacob Steinberg in Philadelphia,Jamie Gittens,Borussia Dortmund,agreed,out,1,,0.0,missing_player_signal,0,0.716,0.84,0.742,0.7,0.371,0.82,0.65,0.5,report,2,unmatched_claim|low_history_support
30209a8ee051d8dc,725ac49b3878fa53,2025-06-28T18:44:16Z,The Guardian / Jacob Steinberg and Ed Aarons,Jacob Steinberg and Ed Aarons,Jamie Gittens,Borussia Dortmund,unclear,in,1,,0.0,missing_player_signal,0,0.6691,0.84,0.772,0.7429,0.386,0.4,0.65,0.5,report,4,unmatched_claim
2d2c86e40404269e,f976a701012bb1c7,2025-07-05T20:30:33Z,The Guardian / Jacob Steinberg and Ben Fisher,Jacob Steinberg and Ben Fisher,Jamie Gittens,Borussia Dortmund,unclear,in,1,acf808e6135e92e0,0.86,exact_player|exact_club|season_match|date_near|direction_conflict|type_match|fee_close,0,0.7895,0.84,0.872,0.8857,0.88,0.4,0.65,0.95,report,4,
4ee9be268104a850,e64c3f9eba01f56b,2025-06-10T13:53:48Z,The Guardian / Jacob Steinberg,Jacob Steinberg,Jamie Gittens,Borussia Dortmund,bid,in,1,,0.0,missing_player_signal,0,0.7451,0.84,0.812,0.8,0.6518,0.6,0.65,0.5,report,18,unmatched_claim
a4c009d9bebd953b,4e6cdc5ccdca36a7,2025-07-09T15:09:05Z,The Guardian / Jacob Steinberg,Jacob Steinberg,Jamie Gittens,Borussia Dortmund,agreed,in,1,acf808e6135e92e0,0.82,exact_player|exact_club|season_match|date_near|direction_conflict|type_match|fee_similar,0,0.7856,0.84,0.812,0.8,0.6518,0.82,0.45,0.85,aggregate,18,
5da73c643e684e11,ed7f017dc179166f,2025-08-27T17:58:27Z,The Guardian / Jacob Steinberg,Jacob Steinberg,Alejandro Garnacho,Manchester United,advanced,in,1,ddd28bddba1ace36,0.86,exact_player|exact_club|season_match|date_near|direction_conflict|type_match|fee_close,0,0.8054,0.84,0.812,0.8,0.85,0.72,0.65,0.95,report,18,
766693d7c9d31fb3,b1d8510f640a921c,2025-08-28T19:34:33Z,"The Guardian / Jamie Jackson, Jacob Steinberg and David Hytner","Jamie Jackson, Jacob Steinberg and David Hytner",Alejandro Garnacho,Manchester United,unclear,out,1,ddd28bddba1ace36,1.06,exact_player|exact_club|season_match|date_near|direction_match|type_match|fee_close,0,0.7904,0.84,0.8587,0.8667,0.9533,0.4,0.65,0.95,report,2,low_history_support
d02cc06d7405b994,16ef0961873a289c,2025-08-12T17:16:23Z,"The Guardian / Andy Hunter, Ed Aarons and Jacob Steinberg","Andy Hunter, Ed Aarons and Jacob Steinberg",Alejandro Garnacho,Manchester United,unclear,unclear,0,,0.0,not_transfer_related,0,0.2,0.84,0.742,0.7,0.371,0.4,0.2,0.5,live_blog,2,not_transfer_related|unmatched_claim|live_blog_penalty|low_history_support
46e8f6a96ba2cbf1,84934a4720c05ee9,2025-08-06T13:10:23Z,The Guardian / Ed Aarons,Ed Aarons,Alejandro Garnacho,Manchester United,unclear,out,1,ddd28bddba1ace36,0.96,exact_player|exact_club|season_match|date_near|direction_match|type_match,0,0.7259,0.84,0.7738,0.7455,0.8709,0.4,0.65,0.65,report,12,
a2c01f85243dfb59,dcb48f2edd0674dd,2025-07-04T17:21:20Z,"The Guardian / Ed Aarons, Will Unwin and Jacob Steinberg","Ed Aarons, Will Unwin and Jacob Steinberg",Francisco Conceição,Juventus,agreed,in,1,1a160ec7dfda2e2a,0.96,exact_player|exact_club|season_match|date_near|direction_match|type_match,0,0.8244,0.84,0.8587,0.8667,0.9133,0.82,0.45,0.65,aggregate,2,low_history_support
50c771a4e0cf9c17,564d80c3439d4d33,2025-07-03T10:15:45Z,The Guardian / Tom Bassam,Tom Bassam,Francisco Conceição,Juventus,linked,unclear,1,1a160ec7dfda2e2a,0.88,exact_player|exact_club|season_match|date_near|type_match,0,0.7702,0.84,0.8587,0.8667,0.8813,0.48,0.45,0.65,aggregate,2,low_history_support
f1a9c8885c7ebe2e,83f842cabfc5e933,2025-07-18T08:44:19Z,The Guardian / Michael Butler,Michael Butler,Francisco Conceição,Juventus,linked,in,1,1a160ec7dfda2e2a,0.98,exact_player|exact_club|season_match|date_near|direction_match|type_match,0,0.7378,0.84,0.772,0.7429,0.878,0.48,0.45,0.85,aggregate,4,
719784336234409e,6ec8f4acea8abc9d,2025-07-20T11:56:44Z,The Guardian / John Brewin,John Brewin,Francisco Conceição,Juventus,unclear,unclear,0,,0.0,not_transfer_related,0,0.2,0.84,0.7342,0.6889,0.3671,0.4,0.2,0.5,live_blog,8,not_transfer_related|unmatched_claim|live_blog_penalty
5f145cb534345b3b,39d70279e1d8b09f,2025-06-03T09:00:12Z,The Guardian / Michael Butler,Michael Butler,Jobe Bellingham,Borussia Dortmund,advanced,in,1,,0.0,missing_player_signal,0,0.7071,0.84,0.772,0.7429,0.386,0.72,0.45,0.5,aggregate,4,unmatched_claim
2ce77f5f9daf3678,72819b22b0bba242,2025-06-08T19:54:53Z,The Guardian / Louise Taylor,Louise Taylor,Jobe Bellingham,Borussia Dortmund,unclear,unclear,1,,0.0,missing_player_signal,0,0.653,0.84,0.742,0.7,0.371,0.4,0.65,0.5,report,2,unmatched_claim|low_history_support
1266aad192101b3d,e0d315982dd512ae,2025-05-28T12:28:14Z,The Guardian / Ed Aarons,Ed Aarons,Jobe Bellingham,Borussia Dortmund,unclear,unclear,0,,0.0,not_transfer_related,0,0.2,0.84,0.7738,0.7455,0.5673,0.4,0.65,0.5,report,12,not_transfer_related|unmatched_claim
0db19ff93a55a3c7,c8d7337dbc4bc7eb,2025-06-13T16:12:03Z,The Guardian / Ed Aarons,Ed Aarons,Jobe Bellingham,Borussia Dortmund,talks,in,1,,0.0,missing_player_signal,0,0.7106,0.84,0.7738,0.7455,0.5673,0.55,0.65,0.5,report,12,unmatched_claim
8e57c14ba0b71cd5,0b22223fb869a297,2025-05-15T15:03:39Z,The Guardian / Will Unwin and Andy Hunter,Will Unwin and Andy Hunter,Jobe Bellingham,Borussia Dortmund,unclear,unclear,0,,0.0,not_transfer_related,0,0.2,0.84,0.742,0.7,0.371,0.4,0.2,0.5,live_blog,2,not_transfer_related|unmatched_claim|live_blog_penalty|low_history_support
c2d3dc9b7776143d,758a1f9c52eb0b1f,2026-01-02T21:16:00Z,The Guardian / Jacob Steinberg,Jacob Steinberg,Taty Castellanos,Lazio,unclear,in,1,da42489b2bd7e783,0.82,exact_player|exact_club|season_match|date_near|direction_conflict|type_match|fee_similar,0,0.7421,0.84,0.812,0.8,0.6967,0.4,0.65,0.95,report,18,
a2da2c370b36efc9,6661906740a3a9fd,2026-01-05T14:31:13Z,The Guardian / Jacob Steinberg,Jacob Steinberg,Taty Castellanos,Lazio,talks,in,1,da42489b2bd7e783,0.78,exact_player|exact_club|season_match|date_near|direction_conflict|type_match,0,0.7646,0.84,0.812,0.8,0.6967,0.55,0.65,0.95,report,18,
7143ecdaf3d116a6,5f5f71344f38de5d,2026-01-04T12:42:05Z,The Guardian / Jacob Steinberg,Jacob Steinberg,Taty Castellanos,Lazio,unclear,unclear,0,,0.0,not_transfer_related,0,0.2,0.84,0.812,0.8,0.6967,0.4,0.65,0.5,report,18,not_transfer_related|unmatched_claim
77f3f6546e9802e9,e87ac6d89bf601c3,2026-01-02T09:38:06Z,The Guardian / Tom Davies,Tom Davies,Taty Castellanos,Lazio,linked,unclear,1,da42489b2bd7e783,0.9,exact_player|exact_club|season_match|date_near|type_match,0,0.7931,0.84,0.872,0.8857,0.896,0.48,0.45,0.95,aggregate,4,
4eeede49a90a517c,9cba918ce89bcd63,2026-01-06T07:25:06Z,The Guardian / Will Unwin,Will Unwin,Taty Castellanos,Lazio,linked,in,1,da42489b2bd7e783,0.78,exact_player|exact_club|season_match|date_near|direction_conflict|type_match,0,0.7318,0.84,0.7752,0.7474,0.7525,0.48,0.45,0.95,aggregate,28,
4c5e4b358b5b3519,33e2c5cc59f3fe0a,2025-06-13T17:10:08Z,The Guardian / Andy Hunter and Agencies,Andy Hunter and Agencies,Nico González,Juventus,unclear,in,1,4913905b7b46e49c,0.88,exact_player|exact_club|season_match|direction_match|type_match,0,0.7382,0.84,0.8587,0.8667,0.8813,0.4,0.45,0.25,aggregate,2,low_history_support
c09f726e291120d6,329c9fa3403a9b9c,2026-01-01T00:01:23Z,The Guardian / Will Unwin,Will Unwin,Mattéo Guendouzi,Lazio,bid,in,1,176d5e8f771e11b1,0.78,exact_player|exact_club|season_match|date_near|direction_conflict|type_match,0,0.7448,0.84,0.7752,0.7474,0.7525,0.6,0.45,0.85,aggregate,28,
c78b2a612c568041,83ae920e52f8d6a3,2025-12-22T15:12:02Z,The Guardian / Jacob Steinberg,Jacob Steinberg,Mattéo Guendouzi,Lazio,agreed,in,1,176d5e8f771e11b1,0.66,exact_player|exact_club|season_match|date_near|direction_conflict|type_conflict,0,0.7901,0.84,0.812,0.8,0.6967,0.82,0.65,0.65,report,18,
6429fcc9426cb149,924f4ff1f58af699,2026-01-08T09:14:57Z,The Guardian / John Brewin,John Brewin,Mattéo Guendouzi,Lazio,linked,unclear,1,176d5e8f771e11b1,0.9,exact_player|exact_club|season_match|date_near|type_match,0,0.7193,0.84,0.7342,0.6889,0.8271,0.48,0.45,0.95,aggregate,8,
c2106a506f7253ea,cc6f131c076563ae,2026-01-07T08:18:42Z,The Guardian / Exclusive by Tom Garry,Exclusive by Tom Garry,Mattéo Guendouzi,Lazio,unclear,unclear,0,,0.0,not_transfer_related,0,0.2,0.84,0.742,0.7,0.371,0.4,0.85,0.5,exclusive,2,not_transfer_related|unmatched_claim|low_history_support
d62e93f07bd25333,4c5dbed9a054ad3d,2025-07-31T15:56:59Z,The Guardian / Ed Aarons,Ed Aarons,Fábio Silva,Borussia Dortmund,talks,in,1,8888e4643fe4b713,0.86,exact_player|exact_club|season_match|date_near|direction_match|type_conflict,0,0.7181,0.84,0.7738,0.7455,0.5673,0.55,0.65,0.65,report,12,
1715552c99679590,24f267760bb25e02,2025-08-25T07:00:33Z,The Guardian / Will Unwin,Will Unwin,Fábio Silva,Borussia Dortmund,advanced,in,1,8888e4643fe4b713,0.98,exact_player|exact_club|season_match|date_near|direction_match|type_match,0,0.7755,0.84,0.7752,0.7474,0.8796,0.72,0.45,0.85,aggregate,28,
4fadf78662beadcb,5038fd8ab464e7ac,2025-08-28T12:44:24Z,"The Guardian / Jacob Steinberg, Ben Fisher and Ed Aarons","Jacob Steinberg, Ben Fisher and Ed Aarons",Fábio Silva,Borussia Dortmund,unclear,in,1,8888e4643fe4b713,0.98,exact_player|exact_club|season_match|date_near|direction_match|type_match,0,0.7872,0.84,0.8587,0.8667,0.9213,0.4,0.65,0.95,report,2,low_history_support
9ff1af8af5e239af,6d2adc728e9ca5e2,2025-08-25T15:01:13Z,The Guardian / Ben Fisher,Ben Fisher,Fábio Silva,Borussia Dortmund,bid,in,1,8888e4643fe4b713,0.98,exact_player|exact_club|season_match|date_near|direction_match|type_match,0,0.7753,0.84,0.7945,0.775,0.8639,0.6,0.65,0.85,report,6,
bdc56419412aada3,48d3c316a89c6382,2025-08-19T18:07:16Z,"The Guardian / Louise Taylor, Ben Fisher and Jacob Steinberg","Louise Taylor, Ben Fisher and Jacob Steinberg",Fábio Silva,Borussia Dortmund,advanced,in,1,8888e4643fe4b713,1.04,exact_player|exact_club|season_match|date_near|direction_match|type_match|fee_close,0,0.8126,0.84,0.8587,0.8667,0.9453,0.72,0.45,0.65,aggregate,2,low_history_support
73256c11227bf1fc,52d6ffb8cc9f9b5c,2025-08-26T09:05:15Z,The Guardian / Dominic Booth,Dominic Booth,Antony,Manchester United,linked,in,1,76413d4a75e8b7b0,0.78,exact_player|exact_club|season_match|date_near|direction_conflict|type_match,0,0.7762,0.84,0.8587,0.8667,0.8413,0.48,0.45,0.85,aggregate,2,low_history_support
5edab381cf5605c2,8c8be8d5dbf91db1,2025-09-01T21:00:09Z,The Guardian / Jamie Jackson,Jamie Jackson,Antony,Manchester United,unclear,unclear,1,76413d4a75e8b7b0,0.98,exact_player|exact_club|season_match|date_near|type_match|fee_close,0,0.6685,0.84,0.707,0.65,0.4708,0.4,0.65,0.95,report,6,
429bcd6c649f7234,b986d90ea58b9f05,2025-08-22T15:17:05Z,The Guardian / Jamie Jackson and Will Unwin,Jamie Jackson and Will Unwin,Antony,Manchester United,advanced,in,1,76413d4a75e8b7b0,0.84,exact_player|exact_club|season_match|date_near|direction_conflict|type_match|fee_close,0,0.8146,0.84,0.8587,0.8667,0.8653,0.72,0.65,0.65,report,2,low_history_support
d35b40181117126c,2bd0ae09619f21d4,2025-08-24T08:45:06Z,The Guardian / Exclusive by Jamie Jackson,Exclusive by Jamie Jackson,Senne Lammens,Manchester United,unclear,in,1,940adfe8327747c3,1.04,exact_player|exact_club|season_match|date_near|direction_match|type_match|fee_close,0,0.7846,0.84,0.8587,0.8667,0.9453,0.4,0.85,0.65,exclusive,2,low_history_support
c5afc4b7c202b16c,be2cf7904d52513e,2025-09-01T21:20:19Z,The Guardian / Ben Fisher,Ben Fisher,Senne Lammens,Manchester United,unclear,unclear,0,,0.0,not_transfer_related,0,0.2,0.84,0.7945,0.775,0.3972,0.4,0.65,0.5,report,6,not_transfer_related|unmatched_claim
6b244a6b9c87ec52,0bbb845640c0ece4,2025-09-01T08:32:40Z,The Guardian / Daniel Harris,Daniel Harris,Senne Lammens,Manchester United,linked,in,1,940adfe8327747c3,0.98,exact_player|exact_club|season_match|date_near|direction_match|type_match,0,0.7892,0.84,0.8587,0.8667,0.9213,0.48,0.45,0.95,aggregate,2,low_history_support
dbac68089da32b41,41a4285160d13a29,2025-07-05T22:13:33Z,The Guardian / Alexander Abnos at MetLife Stadium,Alexander Abnos at MetLife Stadium,Yan Couto,Borussia Dortmund,unclear,unclear,0,,0.0,not_transfer_related,0,0.2,0.84,0.742,0.7,0.371,0.4,0.2,0.5,live_blog,2,not_transfer_related|unmatched_claim|live_blog_penalty|low_history_support
0bf45ff7ee6be49e,b8608399aa62bbd0,2025-08-25T19:58:17Z,The Guardian / Ben Fisher and Jacob Steinberg,Ben Fisher and Jacob Steinberg,Carney Chukwuemeka,Borussia Dortmund,advanced,in,1,b7895da8c44023ae,0.88,exact_player|exact_club|season_match|date_near|direction_match|type_conflict,0,0.8312,0.84,0.8587,0.8667,0.8813,0.72,0.65,0.95,report,2,low_history_support
21aafdd8342f5394,e719ffe49e5648f4,2025-08-19T08:18:56Z,The Guardian / John Brewin,John Brewin,Carney Chukwuemeka,Borussia Dortmund,unclear,unclear,0,,0.0,not_transfer_related,0,0.2,0.84,0.7342,0.6889,0.3671,0.4,0.45,0.5,aggregate,8,not_transfer_related|unmatched_claim
f42e948b551c8719,f3e0adfd6d0a09d4,2025-08-15T15:57:08Z,The Guardian / Ewan Murray and Jacob Steinberg,Ewan Murray and Jacob Steinberg,Carney Chukwuemeka,Borussia Dortmund,unclear,unclear,0,,0.0,not_transfer_related,0,0.2,0.84,0.742,0.7,0.371,0.4,0.2,0.5,live_blog,2,not_transfer_related|unmatched_claim|live_blog_penalty|low_history_support
3abf3516fcffec01,66129f4e70bb691c,2025-06-12T15:01:27Z,The Guardian / Jamie Jackson and Ed Aarons,Jamie Jackson and Ed Aarons,Nicolò Rovella,Lazio,agreed,in,1,8938910d37daec0c,0.76,exact_player|exact_club|season_match|date_near|direction_conflict|type_match,0,0.8164,0.84,0.8587,0.8667,0.8333,0.82,0.45,0.65,aggregate,2,low_history_support
ed2dfa3218d31ebf,d9f6ef4692e16730,2026-01-13T08:18:59Z,The Guardian / Will Unwin,Will Unwin,Kenneth Taylor,Lazio,linked,in,1,2c657324e6b55161,0.98,exact_player|exact_club|season_match|date_near|direction_match|type_match,0,0.7268,0.84,0.7752,0.7474,0.7525,0.48,0.45,0.85,aggregate,28,
c0628df34d289cba,492a409b91e4e534,2025-08-24T19:34:23Z,The Guardian / Exclusive by Will Unwin,Exclusive by Will Unwin,Edon Zhegrova,Juventus,talks,in,1,5fd651b1d913505f,0.96,exact_player|exact_club|season_match|date_near|direction_match|type_match,0,0.8039,0.84,0.8587,0.8667,0.9133,0.55,0.85,0.65,exclusive,2,low_history_support
d0549a5d09ee5940,ba6caa3ec0d1b48f,2025-08-22T00:00:50Z,The Guardian / Jacob Steinberg and Ben Fisher,Jacob Steinberg and Ben Fisher,Edon Zhegrova,Juventus,unclear,in,1,5fd651b1d913505f,0.86,exact_player|exact_club|season_match|date_near|direction_match|type_conflict,0,0.7645,0.84,0.872,0.8857,0.88,0.4,0.45,0.65,aggregate,4,
de3da434e1d43b48,6641bad16780e414,2025-09-01T21:27:39Z,"The Guardian / Will Magee, John Brewin, Daniel Harris and Niall McVeigh","Will Magee, John Brewin, Daniel Harris and Niall McVeigh",Edon Zhegrova,Juventus,unclear,unclear,0,,0.0,not_transfer_related,0,0.2,0.84,0.742,0.7,0.371,0.4,0.2,0.5,live_blog,2,not_transfer_related|unmatched_claim|live_blog_penalty|low_history_support
1a7ac0ba5fc412ee,537890b0b89ad3eb,2025-08-14T07:59:08Z,The Guardian / Rob Smyth,Rob Smyth,Edon Zhegrova,Juventus,linked,in,1,5fd651b1d913505f,0.96,exact_player|exact_club|season_match|date_near|direction_match|type_match,0,0.7734,0.84,0.8587,0.8667,0.9133,0.48,0.45,0.65,aggregate,2,low_history_support
347a14c0d88843f5,ce279253e4c27ba5,2025-08-26T21:56:39Z,The Guardian / Jacob Steinberg and Ed Aarons,Jacob Steinberg and Ed Aarons,Edon Zhegrova,Juventus,talks,in,1,5fd651b1d913505f,1.06,exact_player|exact_club|season_match|date_near|direction_match|type_match|fee_close,0,0.7515,0.84,0.772,0.7429,0.91,0.55,0.45,0.85,aggregate,4,
abd4d47ff9d692c0,96e94d0dd054fc81,2025-06-20T07:00:28Z,The Guardian / Will Unwin,Will Unwin,Loum Tchaouna,Lazio,unclear,unclear,0,,0.0,not_transfer_related,0,0.2,0.84,0.7752,0.7474,0.7525,0.4,0.2,0.5,live_blog,28,not_transfer_related|unmatched_claim|live_blog_penalty
b98976cad1c28fff,6a6eac9249897922,2025-07-04T10:48:45Z,The Guardian / Alexander Abnos,Alexander Abnos,Michele Di Gregorio,Juventus,unclear,unclear,0,,0.0,not_transfer_related,0,0.2,0.84,0.742,0.7,0.371,0.4,0.65,0.5,report,2,not_transfer_related|unmatched_claim|low_history_support
9d6c47eba9ed11d5,bbfda0f205dae79b,2025-06-26T21:00:14Z,"The Guardian / Jamie Jackson at the Camping World Stadium, Orlando","Jamie Jackson at the Camping World Stadium, Orlando",Michele Di Gregorio,Juventus,unclear,unclear,0,,0.0,not_transfer_related,0,0.2,0.84,0.742,0.7,0.371,0.4,0.65,0.5,report,2,not_transfer_related|unmatched_claim|low_history_support
20c0d1f08ae181ae,2ad707fa18d55c2a,2025-07-01T21:30:54Z,"The Guardian / Sid Lowe at Hard Rock Stadium, Miami","Sid Lowe at Hard Rock Stadium, Miami",Michele Di Gregorio,Juventus,unclear,unclear,0,,0.0,not_transfer_related,0,0.2,0.84,0.742,0.7,0.371,0.4,0.65,0.5,report,2,not_transfer_related|unmatched_claim|low_history_support
3a46b2793db4cb59,8b12f8952907651e,2025-08-30T17:45:26Z,The Guardian / Jacob Steinberg and agencies,Jacob Steinberg and agencies,Nicolò Savona,Juventus,unclear,unclear,1,a8ea83e8494b46cf,0.9,exact_player|exact_club|season_match|date_near|type_match,0,0.774,0.84,0.8587,0.8667,0.8893,0.4,0.45,0.95,aggregate,2,low_history_support
6f0b950896ad205b,e9f8df69009725db,2025-06-27T17:47:19Z,The Guardian / Ed Aarons,Ed Aarons,Samuel Mbangula,Juventus,talks,in,1,469548e4d3f3b473,0.88,exact_player|exact_club|season_match|direction_match|type_match,0,0.7252,0.84,0.7738,0.7455,0.8389,0.55,0.65,0.25,report,12,
f9ef700bb21a9c85,50865a229a625ac2,2025-07-04T10:44:49Z,The Guardian / Ben Fisher,Ben Fisher,Soumaïla Coulibaly,Borussia Dortmund,unclear,in,1,c43fd35380c64266,0.78,exact_player|exact_club|season_match|date_near|direction_conflict|type_match,0,0.7503,0.84,0.7945,0.775,0.8639,0.4,0.65,0.95,report,6,
a92756292e8890fd,681e4a7a63b59d4f,2026-02-03T13:00:07Z,"The Guardian / Will Magee, Niall McVeigh and Billy Munday","Will Magee, Niall McVeigh and Billy Munday",Adrian Przyborek,Lazio,unclear,unclear,1,bfba418fbd8c2401,0.9,exact_player|exact_club|season_match|date_near|type_match,0,0.784,0.84,0.8587,0.8667,0.8893,0.4,0.65,0.95,report,2,low_history_support
16159f9ba1dea2a0,555d654836868319,2026-01-26T00:54:05Z,The Guardian / Guardian staff and agencies,Guardian staff and agencies,Adrian Przyborek,Lazio,agreed,in,1,bfba418fbd8c2401,0.98,exact_player|exact_club|season_match|date_near|direction_match|type_match,0,0.8452,0.84,0.8587,0.8667,0.9213,0.82,0.65,0.85,report,2,low_history_support
2033422aede5fece,7f42f235c6ee5780,2026-01-27T12:00:46Z,The Guardian / Hannah Ellis-Petersen in Delhi and Jennifer Rankin in Brussels,Hannah Ellis-Petersen in Delhi and Jennifer Rankin in Brussels,Adrian Przyborek,Lazio,unclear,unclear,0,,0.0,not_transfer_related,0,0.2,0.84,0.742,0.7,0.371,0.4,0.65,0.5,report,2,not_transfer_related|unmatched_claim|low_history_support
b9c707e5a57ee134,974491630d54cf3d,2026-01-23T22:30:12Z,The Guardian / Will Unwin and David Hytner,Will Unwin and David Hytner,Adrian Przyborek,Lazio,unclear,unclear,0,,0.0,not_transfer_related,0,0.2,0.84,0.742,0.7,0.371,0.4,0.2,0.5,live_blog,2,not_transfer_related|unmatched_claim|live_blog_penalty|low_history_support
50ea2ceeecf07541,aafd4ce80ecb17f7,2026-02-01T23:06:37Z,The Guardian / Ben Fisher and Mark Dobson,Ben Fisher and Mark Dobson,Adrian Przyborek,Lazio,unclear,unclear,0,,0.0,not_transfer_related,0,0.2,0.84,0.742,0.7,0.371,0.4,0.2,0.5,live_blog,2,not_transfer_related|unmatched_claim|live_blog_penalty|low_history_support
af7a27e0de5de11f,8985a7988c62a453,2026-02-17T14:51:29Z,The Guardian / Patrick Wintour Diplomatic editor,Patrick Wintour Diplomatic editor,Marcos Antônio,Lazio,unclear,unclear,0,,0.0,not_transfer_related,0,0.2,0.84,0.742,0.7,0.371,0.4,0.65,0.5,report,2,not_transfer_related|unmatched_claim|low_history_support
f8641b6bbc484e75,b90b7efb3903776f,2026-02-15T14:00:24Z,The Guardian / Sarah Martin,Sarah Martin,Marcos Antônio,Lazio,official,unclear,1,a4c80b8d326d85ce,0.88,exact_player|exact_club|season_match|date_near|type_match|ambiguous_close_second,1,0.7769,0.84,0.8587,0.8667,0.8813,0.95,0.9,0.65,official,2,ambiguous_match|low_history_support
5a3c888d31f61bdb,f0b5c53138ccadd5,2026-02-04T00:21:52Z,The Guardian / Tom Garry,Tom Garry,Marcos Antônio,Lazio,unclear,in,1,a4c80b8d326d85ce,0.86,exact_player|exact_club|season_match|date_near|direction_match|type_conflict,0,0.7745,0.84,0.872,0.8857,0.88,0.4,0.65,0.65,report,4,
42e01515722c56fa,a9819bfc64c9e1cc,2026-02-03T10:09:55Z,The Guardian / Guardian sport,Guardian sport,Marcos Antônio,Lazio,unclear,unclear,1,a4c80b8d326d85ce,0.88,exact_player|exact_club|season_match|date_near|type_match|ambiguous_close_second,1,0.6914,0.84,0.8587,0.8667,0.8813,0.4,0.65,0.65,report,2,ambiguous_match|low_history_support
5a14847c000260ac,6db0e45412c27c44,2025-06-16T21:34:42Z,"The Guardian / Jamie Jackson, Louise Taylor, Ed Aarons and agencies","Jamie Jackson, Louise Taylor, Ed Aarons and agencies",Diego León,Manchester United,unclear,unclear,0,,0.0,not_transfer_related,0,0.2,0.84,0.742,0.7,0.371,0.4,0.65,0.5,report,2,not_transfer_related|unmatched_claim|low_history_support
080c8b2331570957,fb4491fe0f05d621,2025-07-07T09:00:24Z,The Guardian / John Brewin,John Brewin,Diego León,Manchester United,linked,in,1,ca0df006f1422a4d,0.98,exact_player|exact_club|season_match|date_near|direction_match|type_match,0,0.7225,0.84,0.7342,0.6889,0.8591,0.48,0.45,0.95,aggregate,8,
842a5e948b917938,674e18726bf450d1,2025-07-01T08:26:54Z,The Guardian / Tom Davies,Tom Davies,Diego León,Manchester United,linked,unclear,1,ca0df006f1422a4d,0.9,exact_player|exact_club|season_match|date_near|type_match,0,0.7881,0.84,0.872,0.8857,0.896,0.48,0.45,0.85,aggregate,4,
3fbb88cfda736c60,d9d101e7c8c1b2e6,2025-06-23T07:22:34Z,The Guardian / Will Unwin,Will Unwin,Diego León,Manchester United,linked,in,1,,0.0,missing_player_signal,0,0.7015,0.84,0.7752,0.7474,0.6747,0.48,0.45,0.5,aggregate,28,unmatched_claim
94921deda8962ca6,b3983471c56515a7,2025-08-22T08:25:20Z,The Guardian / Yara El-Shaboury,Yara El-Shaboury,Giovanni Reyna,Borussia Dortmund,linked,unclear,1,e459aead7bdffe25,0.9,exact_player|exact_club|season_match|date_near|type_match,0,0.7931,0.84,0.872,0.8857,0.896,0.48,0.45,0.95,aggregate,4,
7c6f0857fb0faae5,18450a233c4f9248,2025-12-16T11:49:09Z,The Guardian / Jacob Steinberg,Jacob Steinberg,Pascal Groß,Borussia Dortmund,unclear,in,1,812dc2d02124f4d2,0.66,exact_player|exact_club|season_match|date_near|direction_conflict|type_conflict,0,0.7226,0.84,0.812,0.8,0.6518,0.4,0.65,0.65,report,18,
8fe49b5939d3d9aa,94978d2c7011e74c,2026-01-02T17:43:50Z,"The Guardian / John Brewin , Tom Bassam, Tom Davies and Taha Hashim","John Brewin , Tom Bassam, Tom Davies and Taha Hashim",Pascal Groß,Borussia Dortmund,unclear,unclear,0,,0.0,not_transfer_related,0,0.2,0.84,0.742,0.7,0.371,0.4,0.2,0.5,live_blog,2,not_transfer_related|unmatched_claim|live_blog_penalty|low_history_support
e810bcf74dd778c8,5b16b4b3de992a73,2026-01-02T15:53:19Z,The Guardian / Ed Aarons,Ed Aarons,Pascal Groß,Borussia Dortmund,unclear,unclear,1,812dc2d02124f4d2,0.9,exact_player|exact_club|season_match|date_near|type_match,0,0.7106,0.84,0.7738,0.7455,0.5673,0.4,0.65,0.95,report,12,
b1ab77bf4b1d6985,8faeec51a82c6424,2026-01-22T09:39:01Z,The Guardian / Yara El-Shaboury,Yara El-Shaboury,Edoardo Motta,Lazio,linked,in,1,a8a89986c6570022,0.98,exact_player|exact_club|season_match|date_near|direction_match|type_match,0,0.7913,0.84,0.872,0.8857,0.928,0.48,0.45,0.85,aggregate,4,
0e11c1bde551bbf5,c1b1d2968a1f57b0,2026-01-15T07:22:19Z,The Guardian / Will Unwin,Will Unwin,Edoardo Motta,Lazio,linked,in,1,a8a89986c6570022,0.96,exact_player|exact_club|season_match|date_near|direction_match|type_match,0,0.7168,0.84,0.7752,0.7474,0.7525,0.48,0.45,0.65,aggregate,28,
2c27ae2701b958b6,bdf57348e177dbae,2026-03-13T18:18:49Z,The Guardian / Lisa O’Carroll,Lisa O’Carroll,Gabriel Taliari,Juventus,unclear,unclear,0,,0.0,not_transfer_related,0,0.2,0.84,0.742,0.7,0.371,0.4,0.65,0.5,report,2,not_transfer_related|unmatched_claim|low_history_support
443137b86f6b7ce1,cfa3b1ce1cd1ff0d,2026-02-25T21:34:33Z,The Guardian / Dani Anguiano,Dani Anguiano,Gabriel Taliari,Juventus,unclear,unclear,0,,0.0,not_transfer_related,0,0.2,0.84,0.742,0.7,0.371,0.4,0.65,0.5,report,2,not_transfer_related|unmatched_claim|low_history_support
a7f729ba97d00654,2d21d97a99d9ecd5,2026-02-18T16:07:54Z,The Guardian / Tom Ambrose (now) and Taz Ali (earlier),Tom Ambrose (now) and Taz Ali (earlier),Gabriel Taliari,Juventus,unclear,unclear,0,,0.0,not_transfer_related,0,0.2,0.84,0.742,0.7,0.371,0.4,0.2,0.5,live_blog,2,not_transfer_related|unmatched_claim|live_blog_penalty|low_history_support
92b37fdc51f60625,663eb0f3479e6ec6,2026-02-27T06:45:34Z,The Guardian / Martin Belam,Martin Belam,Gabriel Taliari,Juventus,unclear,unclear,0,,0.0,not_transfer_related,0,0.2,0.84,0.742,0.7,0.371,0.4,0.65,0.5,report,2,not_transfer_related|unmatched_claim|low_history_support
799e88f17fbe712d,11b6ae1a7a3bb60a,2025-03-04T14:00:03Z,The Guardian / Kelly Burke Arts reporter,Kelly Burke Arts reporter,Ênio,Juventus,unclear,unclear,0,,0.0,not_transfer_related,0,0.2,0.84,0.742,0.7,0.371,0.4,0.65,0.5,report,2,not_transfer_related|unmatched_claim|low_history_support
4edb175b4bf0adf1,acf82f6339df9c2f,2025-03-25T13:37:06Z,The Guardian / Jacob Steinberg,Jacob Steinberg,Ênio,Juventus,unclear,in,1,1c1da1dde67046df,0.98,exact_player|exact_club|season_match|date_near|direction_match|type_match|ambiguous_close_second,1,0.686,0.84,0.812,0.8,0.898,0.4,0.65,0.95,report,18,ambiguous_match
7b22f3ab09034844,b49b7c6e3edb8ea8,2025-03-02T21:36:39Z,The Guardian / Tom Garry,Tom Garry,Ênio,Juventus,talks,in,1,1c1da1dde67046df,0.86,exact_player|exact_club|season_match|date_near|direction_match|type_conflict|ambiguous_close_second,1,0.7173,0.84,0.872,0.8857,0.88,0.55,0.65,0.65,report,4,ambiguous_match
727c7dba519664ef,3d3825bcdde0d02f,2025-03-08T02:19:41Z,"The Guardian / Coral Murphy Marcos, Chris Stein, Erum Salam and Tom Ambrose (earlier)","Coral Murphy Marcos, Chris Stein, Erum Salam and Tom Ambrose (earlier)",Ênio,Juventus,unclear,unclear,0,,0.0,not_transfer_related,0,0.2,0.84,0.742,0.7,0.371,0.4,0.2,0.5,live_blog,2,not_transfer_related|unmatched_claim|live_blog_penalty|low_history_support
69ec037db746611d,5850b5d54fde6406,2025-03-17T17:12:03Z,The Guardian,,Ênio,Juventus,medical,unclear,1,1c1da1dde67046df,0.88,exact_player|exact_club|season_match|date_near|type_match|ambiguous_close_second,1,0.7412,0.84,0.84,0.8667,0.872,0.9,0.35,0.65,analysis,1,ambiguous_match|low_history_support
