source,n_claims,n_matched,match_rate,smoothed_rate,avg_match_score
wsnewspublishers.com,1,0,0.0,0.4167,0.0
bignewsnetwork.com,1,0,0.0,0.4167,0.0
hypebeast.com,1,0,0.0,0.4167,0.0
sportsmole.co.uk,1,0,0.0,0.4167,0.0
pressandjournal.co.uk,1,1,1.0,0.5833,0.88
kickoff.com,1,0,0.0,0.4167,0.0
caughtoffside.com,8,5,0.625,0.5769,0.56
thepeoplesperson.com,2,2,1.0,0.6429,0.9
teamtalk.com,4,1,0.25,0.3889,0.225
telecomasia.net,1,0,0.0,0.4167,0.0
punchng.com,1,0,0.0,0.4167,0.0
nigerianeye.com,1,0,0.0,0.4167,0.0
the42.ie,1,0,0.0,0.4167,0.0
dostor.org,1,0,0.0,0.4167,0.0
economictimes.indiatimes.com,1,0,0.0,0.4167,0.0
thehardtackle.com,3,1,0.3333,0.4375,0.2933
90min.com,3,3,1.0,0.6875,0.9133
pakobserver.net,1,0,0.0,0.4167,0.0
dailypost.ng,2,2,1.0,0.6429,0.89
tsn.ca,1,0,0.0,0.4167,0.0
arabnews.com,1,1,1.0,0.5833,0.78
weaintgotnohistory.sbnation.com,1,0,0.0,0.4167,0.0
joe.co.uk,1,0,0.0,0.4167,0.0
menafn.com,1,0,0.0,0.4167,0.0
daijiworld.com,1,1,1.0,0.5833,0.98
The Guardian / David Tindall,1,0,0.0,0.4167,0.0
The Guardian / Fabrizio Romano,11,8,0.7273,0.6562,0.6436
The Guardian / Sid Lowe in Madrid,2,0,0.0,0.3571,0.0
The Guardian / Daniel Gallan,1,0,0.0,0.4167,0.0
The Guardian / Jamie Jackson,19,11,0.5789,0.5625,0.5695
The Guardian / Gregg Bakowski,2,1,0.5,0.5,0.49
"The Guardian / Jamie Jackson, Fabrizio Romano and Jacob Steinberg",1,1,1.0,0.5833,0.96
The Guardian / PA Media and Guardian sport,1,1,1.0,0.5833,0.68
"The Guardian / Fabrizio Romano, Will Unwin, Jacob Steinberg and PA Media",1,1,1.0,0.5833,0.88
The Guardian / Andy Hunter and Fabrizio Romano,1,0,0.0,0.4167,0.0
The Guardian / Guardian sport,4,3,0.75,0.6111,0.75
The Guardian / Fabrizio Romano and Jamie Jackson,1,1,1.0,0.5833,0.96
The Guardian / Ed Aarons,9,5,0.5556,0.5357,0.5067
The Guardian / John Brewin and PA Media,1,1,1.0,0.5833,1.06
The Guardian / Jamie Jackson in Houston,1,1,1.0,0.5833,0.96
The Guardian / Jacob Steinberg,16,8,0.5,0.5,0.4113
The Guardian / Will Unwin,18,12,0.6667,0.6304,0.6456
The Guardian / Andy Martin,1,1,1.0,0.5833,1.06
The Guardian / Andy Brassell,1,0,0.0,0.4167,0.0
The Guardian / Louise Taylor and Will Unwin,1,0,0.0,0.4167,0.0
The Guardian / Jamie Jackson and Jacob Steinberg,1,0,0.0,0.4167,0.0
The Guardian / Jonathan Liew,1,0,0.0,0.4167,0.0
"The Guardian / Jamie Jackson, Fabrizio Romano, Will Unwin and agencies",1,1,1.0,0.5833,0.78
The Guardian / Andy Hunter at Old Trafford,1,0,0.0,0.4167,0.0
The Guardian / Scott Murray,1,0,0.0,0.4167,0.0
"The Guardian / Jacob Steinberg, Jamie Jackson and Fabrizio Romano",1,1,1.0,0.5833,0.88
The Guardian / Jamie Jackson and Fabrizio Romano,1,1,1.0,0.5833,1.06
The Guardian / Barry Glendenning,1,0,0.0,0.4167,0.0
The Guardian / Rob Smyth,2,2,1.0,0.6429,0.92
The Guardian / Jamie Jackson at Murrayfield,1,0,0.0,0.4167,0.0
The Guardian / Fabrizio Romano and Will Unwin,1,0,0.0,0.4167,0.0
The Guardian / Luke McLaughlin,1,0,0.0,0.4167,0.0
The Guardian / Will Unwin (now) and Yara El-Shaboury (earlier),1,0,0.0,0.4167,0.0
The Guardian / Daniel Harris,2,2,1.0,0.6429,0.97
The Guardian / Jamie Jackson in Melbourne,2,2,1.0,0.6429,1.0
The Guardian / John Brewin,5,2,0.4,0.45,0.376
The Guardian / Jacob Steinberg in Philadelphia,1,0,0.0,0.4167,0.0
The Guardian / Jacob Steinberg and Ed Aarons,2,1,0.5,0.5,0.53
The Guardian / Jacob Steinberg and Ben Fisher,2,2,1.0,0.6429,0.86
The Guardian / Ben Fisher,4,2,0.5,0.5,0.44
The Guardian / Thiago Rabelo,1,0,0.0,0.4167,0.0
The Guardian / Tom Garry,4,3,0.75,0.6111,0.675
The Guardian / Ed Aarons and Jacob Steinberg,1,0,0.0,0.4167,0.0
The Guardian / Jacob Steinberg and Ed Aarons in Los Angeles,1,1,1.0,0.5833,1.0
The Guardian / Jamie Jackson in New York,1,1,1.0,0.5833,0.98
"The Guardian / Emillia Hawkins (now), with David Tindall, Niall McVeigh and Xaymaca Awoyungbo (earlier)",1,0,0.0,0.4167,0.0
"The Guardian / Jamie Jackson, Jacob Steinberg and David Hytner",1,1,1.0,0.5833,1.06
"The Guardian / Andy Hunter, Ed Aarons and Jacob Steinberg",1,0,0.0,0.4167,0.0
The Guardian / Mark Dobson,1,0,0.0,0.4167,0.0
The Guardian / Xaymaca Awoyungbo (earlier) and Rob Smyth (later),1,0,0.0,0.4167,0.0
The Guardian / Fabrizio Romano and Andy Hunter,1,1,1.0,0.5833,0.78
theathletic.com,1,0,0.0,0.4167,0.0
msn.com,2,0,0.0,0.3571,0.0
goal.com,3,0,0.0,0.3125,0.0
liverpoolecho.co.uk,1,0,0.0,0.4167,0.0
usa.chinadaily.com.cn,1,0,0.0,0.4167,0.0
global.chinadaily.com.cn,1,0,0.0,0.4167,0.0
ruhrnachrichten.de,1,0,0.0,0.4167,0.0
bundesliga.com,1,0,0.0,0.4167,0.0
derwesten.de,3,0,0.0,0.3125,0.0
foot01.com,1,0,0.0,0.4167,0.0
transfermarkt.com,1,0,0.0,0.4167,0.0
hitc.com,1,1,1.0,0.5833,0.63
manchestereveningnews.co.uk,1,0,0.0,0.4167,0.0
the-sun.com,1,0,0.0,0.4167,0.0
"The Guardian / Ed Aarons, Will Unwin and Jacob Steinberg",1,1,1.0,0.5833,0.96
The Guardian / Tom Bassam,1,1,1.0,0.5833,0.88
The Guardian / Michael Butler,2,1,0.5,0.5,0.49
The Guardian / Louise Taylor,1,0,0.0,0.4167,0.0
The Guardian / Will Unwin and Andy Hunter,1,0,0.0,0.4167,0.0
The Guardian / Tom Davies,2,2,1.0,0.6429,0.9
The Guardian / Andy Hunter and Agencies,1,1,1.0,0.5833,0.88
The Guardian / Exclusive by Tom Garry,1,0,0.0,0.4167,0.0
"The Guardian / Jacob Steinberg, Ben Fisher and Ed Aarons",1,1,1.0,0.5833,0.98
"The Guardian / Louise Taylor, Ben Fisher and Jacob Steinberg",1,1,1.0,0.5833,1.04
The Guardian / Dominic Booth,1,1,1.0,0.5833,0.78
The Guardian / Jamie Jackson and Will Unwin,1,1,1.0,0.5833,0.84
The Guardian / Exclusive by Jamie Jackson,1,1,1.0,0.5833,1.04
The Guardian / Alexander Abnos at MetLife Stadium,1,0,0.0,0.4167,0.0
The Guardian / Ben Fisher and Jacob Steinberg,1,1,1.0,0.5833,0.88
The Guardian / Ewan Murray and Jacob Steinberg,1,0,0.0,0.4167,0.0
The Guardian / Jamie Jackson and Ed Aarons,1,1,1.0,0.5833,0.76
The Guardian / Exclusive by Will Unwin,1,1,1.0,0.5833,0.96
"The Guardian / Will Magee, John Brewin, Daniel Harris and Niall McVeigh",1,0,0.0,0.4167,0.0
The Guardian / Alexander Abnos,1,0,0.0,0.4167,0.0
"The Guardian / Jamie Jackson at the Camping World Stadium, Orlando",1,0,0.0,0.4167,0.0
"The Guardian / Sid Lowe at Hard Rock Stadium, Miami",1,0,0.0,0.4167,0.0
The Guardian / Jacob Steinberg and agencies,1,1,1.0,0.5833,0.9
"The Guardian / Will Magee, Niall McVeigh and Billy Munday",1,1,1.0,0.5833,0.9
The Guardian / Guardian staff and agencies,1,1,1.0,0.5833,0.98
The Guardian / Hannah Ellis-Petersen in Delhi and Jennifer Rankin in Brussels,1,0,0.0,0.4167,0.0
The Guardian / Will Unwin and David Hytner,1,0,0.0,0.4167,0.0
The Guardian / Ben Fisher and Mark Dobson,1,0,0.0,0.4167,0.0
The Guardian / Patrick Wintour Diplomatic editor,1,0,0.0,0.4167,0.0
The Guardian / Sarah Martin,1,1,1.0,0.5833,0.88
"The Guardian / Jamie Jackson, Louise Taylor, Ed Aarons and agencies",1,0,0.0,0.4167,0.0
The Guardian / Yara El-Shaboury,2,2,1.0,0.6429,0.94
"The Guardian / John Brewin , Tom Bassam, Tom Davies and Taha Hashim",1,0,0.0,0.4167,0.0
The Guardian / Lisa O’Carroll,1,0,0.0,0.4167,0.0
The Guardian / Dani Anguiano,1,0,0.0,0.4167,0.0
The Guardian / Tom Ambrose (now) and Taz Ali (earlier),1,0,0.0,0.4167,0.0
The Guardian / Martin Belam,1,0,0.0,0.4167,0.0
The Guardian / Kelly Burke Arts reporter,1,0,0.0,0.4167,0.0
"The Guardian / Coral Murphy Marcos, Chris Stein, Erum Salam and Tom Ambrose (earlier)",1,0,0.0,0.4167,0.0
The Guardian,1,1,1.0,0.5833,0.88
The Guardian Football RSS,1,0,0.0,0.4167,0.0
Google News Global EN,27,8,0.2963,0.3281,0.1904
